  0
SECTION
  2
HEADER
  9
$ACADVER
  1
AC1027
  9
$ACADMAINTVER
 70
105
  9
$DWGCODEPAGE
  3
ANSI_1252
  9
$LASTSAVEDBY
  1
ezdxf
  9
$REQUIREDVERSIONS
160
0
  9
$INSBASE
 10
0.0
 20
0.0
 30
0.0
  9
$EXTMIN
 10
1e+20
 20
1e+20
 30
1e+20
  9
$EXTMAX
 10
-1e+20
 20
-1e+20
 30
-1e+20
  9
$LIMMIN
 10
0.0
 20
0.0
  9
$LIMMAX
 10
420.0
 20
297.0
  9
$ORTHOMODE
 70
0
  9
$REGENMODE
 70
1
  9
$FILLMODE
 70
1
  9
$QTEXTMODE
 70
0
  9
$MIRRTEXT
 70
1
  9
$LTSCALE
 40
1.0
  9
$ATTMODE
 70
1
  9
$TEXTSIZE
 40
2.5
  9
$TRACEWID
 40
1.0
  9
$TEXTSTYLE
  7
Standard
  9
$CLAYER
  8
0
  9
$CELTYPE
  6
ByLayer
  9
$CECOLOR
 62
256
  9
$CELTSCALE
 40
1.0
  9
$DISPSILH
 70
0
  9
$DIMSCALE
 40
1.0
  9
$DIMASZ
 40
2.5
  9
$DIMEXO
 40
0.625
  9
$DIMDLI
 40
3.75
  9
$DIMRND
 40
0.0
  9
$DIMDLE
 40
0.0
  9
$DIMEXE
 40
1.25
  9
$DIMTP
 40
0.0
  9
$DIMTM
 40
0.0
  9
$DIMTXT
 40
2.5
  9
$DIMCEN
 40
2.5
  9
$DIMTSZ
 40
0.0
  9
$DIMTOL
 70
0
  9
$DIMLIM
 70
0
  9
$DIMTIH
 70
0
  9
$DIMTOH
 70
0
  9
$DIMSE1
 70
0
  9
$DIMSE2
 70
0
  9
$DIMTAD
 70
1
  9
$DIMZIN
 70
8
  9
$DIMBLK
  1

  9
$DIMASO
 70
1
  9
$DIMSHO
 70
1
  9
$DIMPOST
  1

  9
$DIMAPOST
  1

  9
$DIMALT
 70
0
  9
$DIMALTD
 70
3
  9
$DIMALTF
 40
0.03937007874
  9
$DIMLFAC
 40
1.0
  9
$DIMTOFL
 70
1
  9
$DIMTVP
 40
0.0
  9
$DIMTIX
 70
0
  9
$DIMSOXD
 70
0
  9
$DIMSAH
 70
0
  9
$DIMBLK1
  1

  9
$DIMBLK2
  1

  9
$DIMSTYLE
  2
ISO-25
  9
$DIMCLRD
 70
0
  9
$DIMCLRE
 70
0
  9
$DIMCLRT
 70
0
  9
$DIMTFAC
 40
1.0
  9
$DIMGAP
 40
0.625
  9
$DIMJUST
 70
0
  9
$DIMSD1
 70
0
  9
$DIMSD2
 70
0
  9
$DIMTOLJ
 70
0
  9
$DIMTZIN
 70
8
  9
$DIMALTZ
 70
0
  9
$DIMALTTZ
 70
0
  9
$DIMUPT
 70
0
  9
$DIMDEC
 70
2
  9
$DIMTDEC
 70
2
  9
$DIMALTU
 70
2
  9
$DIMALTTD
 70
3
  9
$DIMTXSTY
  7
Standard
  9
$DIMAUNIT
 70
0
  9
$DIMADEC
 70
0
  9
$DIMALTRND
 40
0.0
  9
$DIMAZIN
 70
0
  9
$DIMDSEP
 70
44
  9
$DIMATFIT
 70
3
  9
$DIMFRAC
 70
0
  9
$DIMLDRBLK
  1

  9
$DIMLUNIT
 70
2
  9
$DIMLWD
 70
-2
  9
$DIMLWE
 70
-2
  9
$DIMTMOVE
 70
0
  9
$DIMFXL
 40
1.0
  9
$DIMFXLON
 70
0
  9
$DIMJOGANG
 40
0.785398163397
  9
$DIMTFILL
 70
0
  9
$DIMTFILLCLR
 70
0
  9
$DIMARCSYM
 70
0
  9
$DIMLTYPE
  6

  9
$DIMLTEX1
  6

  9
$DIMLTEX2
  6

  9
$DIMTXTDIRECTION
 70
0
  9
$LUNITS
 70
2
  9
$LUPREC
 70
4
  9
$SKETCHINC
 40
1.0
  9
$FILLETRAD
 40
10.0
  9
$AUNITS
 70
0
  9
$AUPREC
 70
2
  9
$MENU
  1
.
  9
$ELEVATION
 40
0.0
  9
$PELEVATION
 40
0.0
  9
$THICKNESS
 40
0.0
  9
$LIMCHECK
 70
0
  9
$CHAMFERA
 40
0.0
  9
$CHAMFERB
 40
0.0
  9
$CHAMFERC
 40
0.0
  9
$CHAMFERD
 40
0.0
  9
$SKPOLY
 70
0
  9
$TDCREATE
 40
2460567.467025463
  9
$TDUCREATE
 40
2458532.153996898
  9
$TDUPDATE
 40
2460567.467025463
  9
$TDUUPDATE
 40
2458532.1544311
  9
$TDINDWG
 40
0.0
  9
$TDUSRTIMER
 40
0.0
  9
$USRTIMER
 70
1
  9
$ANGBASE
 50
0.0
  9
$ANGDIR
 70
0
  9
$PDMODE
 70
0
  9
$PDSIZE
 40
0.0
  9
$PLINEWID
 40
0.0
  9
$SPLFRAME
 70
0
  9
$SPLINETYPE
 70
6
  9
$SPLINESEGS
 70
8
  9
$HANDSEED
  5
BD2
  9
$SURFTAB1
 70
6
  9
$SURFTAB2
 70
6
  9
$SURFTYPE
 70
6
  9
$SURFU
 70
6
  9
$SURFV
 70
6
  9
$UCSBASE
  2

  9
$UCSNAME
  2

  9
$UCSORG
 10
0.0
 20
0.0
 30
0.0
  9
$UCSXDIR
 10
1.0
 20
0.0
 30
0.0
  9
$UCSYDIR
 10
0.0
 20
1.0
 30
0.0
  9
$UCSORTHOREF
  2

  9
$UCSORTHOVIEW
 70
0
  9
$UCSORGTOP
 10
0.0
 20
0.0
 30
0.0
  9
$UCSORGBOTTOM
 10
0.0
 20
0.0
 30
0.0
  9
$UCSORGLEFT
 10
0.0
 20
0.0
 30
0.0
  9
$UCSORGRIGHT
 10
0.0
 20
0.0
 30
0.0
  9
$UCSORGFRONT
 10
0.0
 20
0.0
 30
0.0
  9
$UCSORGBACK
 10
0.0
 20
0.0
 30
0.0
  9
$PUCSBASE
  2

  9
$PUCSNAME
  2

  9
$PUCSORG
 10
0.0
 20
0.0
 30
0.0
  9
$PUCSXDIR
 10
1.0
 20
0.0
 30
0.0
  9
$PUCSYDIR
 10
0.0
 20
1.0
 30
0.0
  9
$PUCSORTHOREF
  2

  9
$PUCSORTHOVIEW
 70
0
  9
$PUCSORGTOP
 10
0.0
 20
0.0
 30
0.0
  9
$PUCSORGBOTTOM
 10
0.0
 20
0.0
 30
0.0
  9
$PUCSORGLEFT
 10
0.0
 20
0.0
 30
0.0
  9
$PUCSORGRIGHT
 10
0.0
 20
0.0
 30
0.0
  9
$PUCSORGFRONT
 10
0.0
 20
0.0
 30
0.0
  9
$PUCSORGBACK
 10
0.0
 20
0.0
 30
0.0
  9
$USERI1
 70
0
  9
$USERI2
 70
0
  9
$USERI3
 70
0
  9
$USERI4
 70
0
  9
$USERI5
 70
0
  9
$USERR1
 40
0.0
  9
$USERR2
 40
0.0
  9
$USERR3
 40
0.0
  9
$USERR4
 40
0.0
  9
$USERR5
 40
0.0
  9
$WORLDVIEW
 70
1
  9
$SHADEDGE
 70
3
  9
$SHADEDIF
 70
70
  9
$TILEMODE
 70
1
  9
$MAXACTVP
 70
64
  9
$PINSBASE
 10
0.0
 20
0.0
 30
0.0
  9
$PLIMCHECK
 70
0
  9
$PEXTMIN
 10
1e+20
 20
1e+20
 30
1e+20
  9
$PEXTMAX
 10
-1e+20
 20
-1e+20
 30
-1e+20
  9
$PLIMMIN
 10
0.0
 20
0.0
  9
$PLIMMAX
 10
420.0
 20
297.0
  9
$UNITMODE
 70
0
  9
$VISRETAIN
 70
1
  9
$PLINEGEN
 70
0
  9
$PSLTSCALE
 70
1
  9
$TREEDEPTH
 70
3020
  9
$CMLSTYLE
  2
Standard
  9
$CMLJUST
 70
0
  9
$CMLSCALE
 40
20.0
  9
$PROXYGRAPHICS
 70
1
  9
$MEASUREMENT
 70
1
  9
$CELWEIGHT
370
-1
  9
$ENDCAPS
280
0
  9
$JOINSTYLE
280
0
  9
$LWDISPLAY
290
0
  9
$INSUNITS
 70
6
  9
$HYPERLINKBASE
  1

  9
$STYLESHEET
  1

  9
$XEDIT
290
1
  9
$CEPSNTYPE
380
0
  9
$PSTYLEMODE
290
1
  9
$FINGERPRINTGUID
  2
{FF336587-1133-49C5-AD86-87AA93546ED8}
  9
$VERSIONGUID
  2
{D5CB78CC-46BF-4701-8C0D-C3B88484371B}
  9
$EXTNAMES
290
1
  9
$PSVPSCALE
 40
0.0
  9
$OLESTARTUP
290
0
  9
$SORTENTS
280
127
  9
$INDEXCTL
280
0
  9
$HIDETEXT
280
1
  9
$XCLIPFRAME
280
0
  9
$HALOGAP
280
0
  9
$OBSCOLOR
 70
257
  9
$OBSLTYPE
280
0
  9
$INTERSECTIONDISPLAY
280
0
  9
$INTERSECTIONCOLOR
 70
257
  9
$DIMASSOC
280
2
  9
$PROJECTNAME
  1

  9
$CAMERADISPLAY
290
0
  9
$LENSLENGTH
 40
50.0
  9
$CAMERAHEIGHT
 40
0.0
  9
$STEPSPERSEC
 40
24.0
  9
$STEPSIZE
 40
100.0
  9
$3DDWFPREC
 40
2.0
  9
$PSOLWIDTH
 40
0.005
  9
$PSOLHEIGHT
 40
0.08
  9
$LOFTANG1
 40
1.570796326795
  9
$LOFTANG2
 40
1.570796326795
  9
$LOFTMAG1
 40
0.0
  9
$LOFTMAG2
 40
0.0
  9
$LOFTPARAM
 70
7
  9
$LOFTNORMALS
280
1
  9
$LATITUDE
 40
37.795
  9
$LONGITUDE
 40
-122.394
  9
$NORTHDIRECTION
 40
0.0
  9
$TIMEZONE
 70
-8000
  9
$LIGHTGLYPHDISPLAY
280
1
  9
$TILEMODELIGHTSYNCH
280
1
  9
$CMATERIAL
347
20
  9
$SOLIDHIST
280
0
  9
$SHOWHIST
280
1
  9
$DWFFRAME
280
2
  9
$DGNFRAME
280
2
  9
$REALWORLDSCALE
290
1
  9
$INTERFERECOLOR
 62
256
  9
$CSHADOW
280
0
  9
$SHADOWPLANELOCATION
 40
0.0
  0
ENDSEC
  0
SECTION
  2
CLASSES
  0
CLASS
  1
ACDBDICTIONARYWDFLT
  2
AcDbDictionaryWithDefault
  3
ObjectDBX Classes
 90
0
 91
0
280
0
281
0
  0
CLASS
  1
SUN
  2
AcDbSun
  3
SCENEOE
 90
1153
 91
0
280
0
281
0
  0
CLASS
  1
VISUALSTYLE
  2
AcDbVisualStyle
  3
ObjectDBX Classes
 90
4095
 91
0
280
0
281
0
  0
CLASS
  1
MATERIAL
  2
AcDbMaterial
  3
ObjectDBX Classes
 90
1153
 91
0
280
0
281
0
  0
CLASS
  1
SCALE
  2
AcDbScale
  3
ObjectDBX Classes
 90
1153
 91
0
280
0
281
0
  0
CLASS
  1
TABLESTYLE
  2
AcDbTableStyle
  3
ObjectDBX Classes
 90
4095
 91
0
280
0
281
0
  0
CLASS
  1
MLEADERSTYLE
  2
AcDbMLeaderStyle
  3
ACDB_MLEADERSTYLE_CLASS
 90
4095
 91
0
280
0
281
0
  0
CLASS
  1
DICTIONARYVAR
  2
AcDbDictionaryVar
  3
ObjectDBX Classes
 90
0
 91
0
280
0
281
0
  0
CLASS
  1
CELLSTYLEMAP
  2
AcDbCellStyleMap
  3
ObjectDBX Classes
 90
1152
 91
0
280
0
281
0
  0
CLASS
  1
MENTALRAYRENDERSETTINGS
  2
AcDbMentalRayRenderSettings
  3
SCENEOE
 90
1024
 91
0
280
0
281
0
  0
CLASS
  1
ACDBDETAILVIEWSTYLE
  2
AcDbDetailViewStyle
  3
ObjectDBX Classes
 90
1025
 91
0
280
0
281
0
  0
CLASS
  1
ACDBSECTIONVIEWSTYLE
  2
AcDbSectionViewStyle
  3
ObjectDBX Classes
 90
1025
 91
0
280
0
281
0
  0
CLASS
  1
RASTERVARIABLES
  2
AcDbRasterVariables
  3
ISM
 90
0
 91
0
280
0
281
0
  0
CLASS
  1
ACDBPLACEHOLDER
  2
AcDbPlaceHolder
  3
ObjectDBX Classes
 90
0
 91
0
280
0
281
0
  0
CLASS
  1
LAYOUT
  2
AcDbLayout
  3
ObjectDBX Classes
 90
0
 91
0
280
0
281
0
  0
ENDSEC
  0
SECTION
  2
TABLES
  0
TABLE
  2
VPORT
  5
8
330
0
100
AcDbSymbolTable
 70
1
  0
VPORT
  5
23
330
8
100
AcDbSymbolTableRecord
100
AcDbViewportTableRecord
  2
*Active
 70
0
 10
0.0
 20
0.0
 11
1.0
 21
1.0
 12
0.0
 22
0.0
 13
0.0
 23
0.0
 14
0.5
 24
0.5
 15
0.5
 25
0.5
 16
0.0
 26
0.0
 36
1.0
 17
0.0
 27
0.0
 37
0.0
 40
1000.0
 41
1.34
 42
50.0
 43
0.0
 44
0.0
 50
0.0
 51
0.0
 71
0
 72
1000
 73
1
 74
3
 75
0
 76
0
 77
0
 78
0
281
0
 65
0
146
0.0
  0
ENDTAB
  0
TABLE
  2
LTYPE
  5
2
330
0
100
AcDbSymbolTable
 70
3
  0
LTYPE
  5
24
330
2
100
AcDbSymbolTableRecord
100
AcDbLinetypeTableRecord
  2
ByBlock
 70
0
  3

 72
65
 73
0
 40
0.0
  0
LTYPE
  5
25
330
2
100
AcDbSymbolTableRecord
100
AcDbLinetypeTableRecord
  2
ByLayer
 70
0
  3

 72
65
 73
0
 40
0.0
  0
LTYPE
  5
26
330
2
100
AcDbSymbolTableRecord
100
AcDbLinetypeTableRecord
  2
Continuous
 70
0
  3

 72
65
 73
0
 40
0.0
  0
ENDTAB
  0
TABLE
  2
LAYER
  5
1
330
0
100
AcDbSymbolTable
 70
5
  0
LAYER
  5
27
330
1
100
AcDbSymbolTableRecord
100
AcDbLayerTableRecord
  2
0
 70
0
 62
7
  6
Continuous
370
-3
390
13
347
21
  0
LAYER
  5
28
330
1
100
AcDbSymbolTableRecord
100
AcDbLayerTableRecord
  2
Defpoints
 70
0
 62
7
  6
Continuous
290
0
370
-3
390
13
347
21
  0
LAYER
  5
2F
330
1
100
AcDbSymbolTableRecord
100
AcDbLayerTableRecord
  2
Poros
 70
0
 62
7
  6
Continuous
370
-3
390
13
347
21
  0
LAYER
  5
30
330
1
100
AcDbSymbolTableRecord
100
AcDbLayerTableRecord
  2
Aridos
 70
0
 62
7
  6
Continuous
370
-3
390
13
347
21
  0
LAYER
  5
31
330
1
100
AcDbSymbolTableRecord
100
AcDbLayerTableRecord
  2
Ptos_reactivos
 70
0
 62
7
  6
Continuous
370
-3
390
13
347
21
  0
ENDTAB
  0
TABLE
  2
STYLE
  5
5
330
0
100
AcDbSymbolTable
 70
1
  0
STYLE
  5
29
330
5
100
AcDbSymbolTableRecord
100
AcDbTextStyleTableRecord
  2
Standard
 70
0
 40
0.0
 41
1.0
 50
0.0
 71
0
 42
2.5
  3
txt
  4

  0
ENDTAB
  0
TABLE
  2
VIEW
  5
7
330
0
100
AcDbSymbolTable
 70
0
  0
ENDTAB
  0
TABLE
  2
UCS
  5
6
330
0
100
AcDbSymbolTable
 70
0
  0
ENDTAB
  0
TABLE
  2
APPID
  5
3
330
0
100
AcDbSymbolTable
 70
3
  0
APPID
  5
2A
330
3
100
AcDbSymbolTableRecord
100
AcDbRegAppTableRecord
  2
ACAD
 70
0
  0
APPID
  5
BCF
330
3
100
AcDbSymbolTableRecord
100
AcDbRegAppTableRecord
  2
HATCHBACKGROUNDCOLOR
 70
0
  0
APPID
  5
BD0
330
3
100
AcDbSymbolTableRecord
100
AcDbRegAppTableRecord
  2
EZDXF
 70
0
  0
ENDTAB
  0
TABLE
  2
DIMSTYLE
  5
4
330
0
100
AcDbSymbolTable
 70
1
100
AcDbDimStyleTable
  0
DIMSTYLE
105
2B
330
4
100
AcDbSymbolTableRecord
100
AcDbDimStyleTableRecord
  2
Standard
 70
0
 40
1.0
 41
2.5
 42
0.625
 43
3.75
 44
1.25
 45
0.0
 46
0.0
 47
0.0
 48
0.0
 49
2.5
140
2.5
141
2.5
142
0.0
143
0.03937007874
144
1.0
145
0.0
146
1.0
147
0.625
148
0.0
 69
0
 70
0
 71
0
 72
0
 73
0
 74
0
 75
0
 76
0
 77
1
 78
8
 79
3
170
0
171
3
172
1
173
0
174
0
175
0
176
0
177
0
178
0
179
2
271
2
272
2
273
2
274
3
275
0
276
0
277
2
278
44
279
0
280
0
281
0
282
0
283
0
284
8
285
0
286
0
288
0
289
3
290
0
371
-2
372
-2
  0
ENDTAB
  0
TABLE
  2
BLOCK_RECORD
  5
9
330
0
100
AcDbSymbolTable
 70
2
  0
BLOCK_RECORD
  5
17
330
9
100
AcDbSymbolTableRecord
100
AcDbBlockTableRecord
  2
*Model_Space
340
1A
 70
0
280
1
281
0
  0
BLOCK_RECORD
  5
1B
330
9
100
AcDbSymbolTableRecord
100
AcDbBlockTableRecord
  2
*Paper_Space
340
1E
 70
0
280
1
281
0
  0
ENDTAB
  0
ENDSEC
  0
SECTION
  2
BLOCKS
  0
BLOCK
  5
18
330
17
100
AcDbEntity
  8
0
100
AcDbBlockBegin
  2
*Model_Space
 70
0
 10
0.0
 20
0.0
 30
0.0
  3
*Model_Space
  1

  0
ENDBLK
  5
19
330
17
100
AcDbEntity
  8
0
100
AcDbBlockEnd
  0
BLOCK
  5
1C
330
1B
100
AcDbEntity
  8
0
100
AcDbBlockBegin
  2
*Paper_Space
 70
0
 10
0.0
 20
0.0
 30
0.0
  3
*Paper_Space
  1

  0
ENDBLK
  5
1D
330
1B
100
AcDbEntity
  8
0
100
AcDbBlockEnd
  0
ENDSEC
  0
SECTION
  2
ENTITIES
  0
CIRCLE
  5
32
330
17
100
AcDbEntity
  8
Poros
100
AcDbCircle
 10
44.190689647931784
 20
12.299957168622008
 30
0.0
 40
1.3930908295145923
  0
CIRCLE
  5
33
330
17
100
AcDbEntity
  8
Poros
100
AcDbCircle
 10
19.327151129443102
 20
70.03300492850748
 30
0.0
 40
1.4456778442570792
  0
CIRCLE
  5
34
330
17
100
AcDbEntity
  8
Poros
100
AcDbCircle
 10
35.07369575580121
 20
34.96371826149126
 30
0.0
 40
1.4420665370700025
  0
CIRCLE
  5
35
330
17
100
AcDbEntity
  8
Poros
100
AcDbCircle
 10
45.04881319607263
 20
5.170581856051387
 30
0.0
 40
1.174254312399817
  0
CIRCLE
  5
36
330
17
100
AcDbEntity
  8
Poros
100
AcDbCircle
 10
69.6550080656757
 20
14.385869311790966
 30
0.0
 40
1.3644941216475313
  0
CIRCLE
  5
37
330
17
100
AcDbEntity
  8
Poros
100
AcDbCircle
 10
38.30504281912848
 20
16.304698543232405
 30
0.0
 40
1.032566550966945
  0
CIRCLE
  5
38
330
17
100
AcDbEntity
  8
Poros
100
AcDbCircle
 10
51.94499405309984
 20
64.26348499157038
 30
0.0
 40
1.1722794078232588
  0
CIRCLE
  5
39
330
17
100
AcDbEntity
  8
Poros
100
AcDbCircle
 10
28.585364750192273
 20
35.523285670244434
 30
0.0
 40
1.599603481605512
  0
CIRCLE
  5
3A
330
17
100
AcDbEntity
  8
Poros
100
AcDbCircle
 10
17.253565295472
 20
9.211876829572132
 30
0.0
 40
1.1763314999050802
  0
CIRCLE
  5
3B
330
17
100
AcDbEntity
  8
Poros
100
AcDbCircle
 10
71.54171817807975
 20
52.09671016091175
 30
0.0
 40
1.9912010635006006
  0
CIRCLE
  5
3C
330
17
100
AcDbEntity
  8
Poros
100
AcDbCircle
 10
63.69924836071218
 20
7.004792312095012
 30
0.0
 40
1.3392392108436546
  0
CIRCLE
  5
3D
330
17
100
AcDbEntity
  8
Poros
100
AcDbCircle
 10
11.387315306113619
 20
63.6661625705956
 30
0.0
 40
1.0734709339391393
  0
CIRCLE
  5
3E
330
17
100
AcDbEntity
  8
Poros
100
AcDbCircle
 10
46.030295751427516
 20
1.999790233030743
 30
0.0
 40
1.9456659434785815
  0
CIRCLE
  5
3F
330
17
100
AcDbEntity
  8
Poros
100
AcDbCircle
 10
14.69929164077253
 20
47.99488972548428
 30
0.0
 40
1.1369177913046813
  0
CIRCLE
  5
40
330
17
100
AcDbEntity
  8
Poros
100
AcDbCircle
 10
28.59777625090772
 20
49.17515051210043
 30
0.0
 40
1.5430509814683262
  0
CIRCLE
  5
41
330
17
100
AcDbEntity
  8
Poros
100
AcDbCircle
 10
41.0482704177739
 20
14.868279950648104
 30
0.0
 40
1.6752275216795454
  0
CIRCLE
  5
42
330
17
100
AcDbEntity
  8
Poros
100
AcDbCircle
 10
6.109552051015996
 20
23.874857972401443
 30
0.0
 40
1.1502153378931956
  0
CIRCLE
  5
43
330
17
100
AcDbEntity
  8
Poros
100
AcDbCircle
 10
72.98097057739814
 20
13.85111269234277
 30
0.0
 40
1.4331327358364325
  0
CIRCLE
  5
44
330
17
100
AcDbEntity
  8
Aridos
100
AcDbCircle
 10
65.4422493623088
 20
56.70952828954531
 30
0.0
 40
5.550655682786752
  0
CIRCLE
  5
45
330
17
100
AcDbEntity
  8
Aridos
100
AcDbCircle
 10
22.439912735668408
 20
13.969238956091342
 30
0.0
 40
5.766279964275652
  0
CIRCLE
  5
46
330
17
100
AcDbEntity
  8
Aridos
100
AcDbCircle
 10
35.87642116086887
 20
23.17426496242557
 30
0.0
 40
5.514771503906438
  0
CIRCLE
  5
47
330
17
100
AcDbEntity
  8
Aridos
100
AcDbCircle
 10
69.0435196865004
 20
68.84592635434694
 30
0.0
 40
5.591787085872112
  0
CIRCLE
  5
48
330
17
100
AcDbEntity
  8
Aridos
100
AcDbCircle
 10
6.736870765774899
 20
50.955268077689325
 30
0.0
 40
5.927186936169509
  0
CIRCLE
  5
49
330
17
100
AcDbEntity
  8
Aridos
100
AcDbCircle
 10
49.956286267787355
 20
28.92383698230492
 30
0.0
 40
4.519054795552152
  0
CIRCLE
  5
4A
330
17
100
AcDbEntity
  8
Aridos
100
AcDbCircle
 10
7.054370530322848
 20
34.392567977693986
 30
0.0
 40
5.120381548179785
  0
CIRCLE
  5
4B
330
17
100
AcDbEntity
  8
Aridos
100
AcDbCircle
 10
48.32562963100001
 20
44.62483042194109
 30
0.0
 40
4.5732191907
  0
CIRCLE
  5
4C
330
17
100
AcDbEntity
  8
Aridos
100
AcDbCircle
 10
62.92515573242584
 20
27.655750426682328
 30
0.0
 40
4.649892841981817
  0
CIRCLE
  5
4D
330
17
100
AcDbEntity
  8
Aridos
100
AcDbCircle
 10
36.93754731499324
 20
53.89665852282703
 30
0.0
 40
5.26209945865051
  0
CIRCLE
  5
4E
330
17
100
AcDbEntity
  8
Aridos
100
AcDbCircle
 10
27.04347040307544
 20
42.138175377841286
 30
0.0
 40
4.800371309001716
  0
CIRCLE
  5
4F
330
17
100
AcDbEntity
  8
Aridos
100
AcDbCircle
 10
17.327622736653005
 20
41.120282350149765
 30
0.0
 40
4.789338004560876
  0
CIRCLE
  5
50
330
17
100
AcDbEntity
  8
Aridos
100
AcDbCircle
 10
23.967014968351112
 20
54.76584756208912
 30
0.0
 40
3.752111880414953
  0
CIRCLE
  5
51
330
17
100
AcDbEntity
  8
Aridos
100
AcDbCircle
 10
61.03473500298776
 20
47.37467537500745
 30
0.0
 40
2.733070264673085
  0
CIRCLE
  5
52
330
17
100
AcDbEntity
  8
Aridos
100
AcDbCircle
 10
51.60781920838594
 20
7.129156296063191
 30
0.0
 40
3.9361986356714715
  0
CIRCLE
  5
53
330
17
100
AcDbEntity
  8
Aridos
100
AcDbCircle
 10
36.82334420855342
 20
39.45258279473125
 30
0.0
 40
2.0127720969094995
  0
CIRCLE
  5
54
330
17
100
AcDbEntity
  8
Aridos
100
AcDbCircle
 10
33.95989098088954
 20
10.602032410392281
 30
0.0
 40
2.28214413407927
  0
CIRCLE
  5
55
330
17
100
AcDbEntity
  8
Aridos
100
AcDbCircle
 10
38.05832061417947
 20
32.05610345917422
 30
0.0
 40
2.2773841799686165
  0
CIRCLE
  5
56
330
17
100
AcDbEntity
  8
Aridos
100
AcDbCircle
 10
40.23542728133925
 20
65.18131492273693
 30
0.0
 40
2.6191705717375755
  0
CIRCLE
  5
57
330
17
100
AcDbEntity
  8
Aridos
100
AcDbCircle
 10
63.251163710912905
 20
3.1020500715987054
 30
0.0
 40
2.0580907480972597
  0
CIRCLE
  5
58
330
17
100
AcDbEntity
  8
Aridos
100
AcDbCircle
 10
27.859708526643846
 20
69.94754837345687
 30
0.0
 40
3.8183028855879226
  0
CIRCLE
  5
59
330
17
100
AcDbEntity
  8
Aridos
100
AcDbCircle
 10
5.483386648406357
 20
63.54827719502367
 30
0.0
 40
2.8500873548865675
  0
CIRCLE
  5
5A
330
17
100
AcDbEntity
  8
Aridos
100
AcDbCircle
 10
48.337232302312515
 20
62.47695730608637
 30
0.0
 40
2.493757890982496
  0
CIRCLE
  5
5B
330
17
100
AcDbEntity
  8
Aridos
100
AcDbCircle
 10
61.74627805260539
 20
38.96127677063124
 30
0.0
 40
4.272948982098969
  0
CIRCLE
  5
5C
330
17
100
AcDbEntity
  8
Aridos
100
AcDbCircle
 10
50.27707923351384
 20
17.516441690237418
 30
0.0
 40
4.445867462537821
  0
CIRCLE
  5
5D
330
17
100
AcDbEntity
  8
Aridos
100
AcDbCircle
 10
71.51828539072541
 20
19.199895103541298
 30
0.0
 40
3.332006360265221
  0
CIRCLE
  5
5E
330
17
100
AcDbEntity
  8
Aridos
100
AcDbCircle
 10
31.573541722277092
 20
31.43534318101443
 30
0.0
 40
2.6478296234223895
  0
CIRCLE
  5
5F
330
17
100
AcDbEntity
  8
Aridos
100
AcDbCircle
 10
68.53186302933146
 20
7.434418263667575
 30
0.0
 40
3.4595315470632633
  0
CIRCLE
  5
60
330
17
100
AcDbEntity
  8
Aridos
100
AcDbCircle
 10
4.362346028748404
 20
13.044354868956368
 30
0.0
 40
2.8142266323340217
  0
CIRCLE
  5
61
330
17
100
AcDbEntity
  8
Aridos
100
AcDbCircle
 10
18.302492848486416
 20
24.885331509048868
 30
0.0
 40
4.222248284440773
  0
CIRCLE
  5
62
330
17
100
AcDbEntity
  8
Aridos
100
AcDbCircle
 10
24.458609865263856
 20
3.70478284290317
 30
0.0
 40
3.5660113168910623
  0
CIRCLE
  5
63
330
17
100
AcDbEntity
  8
Aridos
100
AcDbCircle
 10
11.675606791565182
 20
10.383481916461529
 30
0.0
 40
4.047184226444546
  0
CIRCLE
  5
64
330
17
100
AcDbEntity
  8
Aridos
100
AcDbCircle
 10
3.440842515387485
 20
69.50820683285197
 30
0.0
 40
3.368363550932404
  0
CIRCLE
  5
65
330
17
100
AcDbEntity
  8
Aridos
100
AcDbCircle
 10
11.863076350297638
 20
17.609543862179727
 30
0.0
 40
3.041780014834133
  0
CIRCLE
  5
66
330
17
100
AcDbEntity
  8
Aridos
100
AcDbCircle
 10
5.199815210124018
 20
4.293078297630693
 30
0.0
 40
3.8576179793640883
  0
CIRCLE
  5
67
330
17
100
AcDbEntity
  8
Aridos
100
AcDbCircle
 10
65.64135871792577
 20
15.92007923066793
 30
0.0
 40
2.923990952243976
  0
CIRCLE
  5
68
330
17
100
AcDbEntity
  8
Aridos
100
AcDbCircle
 10
28.753772861376888
 20
19.506972763257668
 30
0.0
 40
2.1879163598679794
  0
CIRCLE
  5
69
330
17
100
AcDbEntity
  8
Aridos
100
AcDbCircle
 10
17.883340271281675
 20
63.53224562099465
 30
0.0
 40
3.9379824461304085
  0
CIRCLE
  5
6A
330
17
100
AcDbEntity
  8
Aridos
100
AcDbCircle
 10
8.81450696852226
 20
26.41258720530574
 30
0.0
 40
2.5485231111068645
  0
CIRCLE
  5
6B
330
17
100
AcDbEntity
  8
Aridos
100
AcDbCircle
 10
56.64489817538638
 20
70.66569551606307
 30
0.0
 40
2.1983553171350843
  0
CIRCLE
  5
6C
330
17
100
AcDbEntity
  8
Aridos
100
AcDbCircle
 10
23.01172853347999
 20
31.929183686488894
 30
0.0
 40
3.2169513038579316
  0
CIRCLE
  5
6D
330
17
100
AcDbEntity
  8
Aridos
100
AcDbCircle
 10
72.39530235540128
 20
43.34296583993915
 30
0.0
 40
2.384184755000017
  0
CIRCLE
  5
6E
330
17
100
AcDbEntity
  8
Aridos
100
AcDbCircle
 10
53.31418020014585
 20
37.121389923582115
 30
0.0
 40
4.071162833131156
  0
CIRCLE
  5
6F
330
17
100
AcDbEntity
  8
Aridos
100
AcDbCircle
 10
35.13970227178032
 20
4.912341823272301
 30
0.0
 40
2.4784214198449934
  0
CIRCLE
  5
70
330
17
100
AcDbEntity
  8
Aridos
100
AcDbCircle
 10
71.16138307883125
 20
33.973628379798015
 30
0.0
 40
2.676022384375877
  0
CIRCLE
  5
71
330
17
100
AcDbEntity
  8
Aridos
100
AcDbCircle
 10
47.77394473519737
 20
69.04708506992534
 30
0.0
 40
3.402586052837769
  0
CIRCLE
  5
72
330
17
100
AcDbEntity
  8
Aridos
100
AcDbCircle
 10
50.2755028530382
 20
55.23514061334049
 30
0.0
 40
4.25595097473015
  0
CIRCLE
  5
73
330
17
100
AcDbEntity
  8
Aridos
100
AcDbCircle
 10
58.43509517174323
 20
14.561259575503385
 30
0.0
 40
4.129470854407728
  0
CIRCLE
  5
74
330
17
100
AcDbEntity
  8
Aridos
100
AcDbCircle
 10
18.734872892536348
 20
50.42459722711792
 30
0.0
 40
3.0452049014654907
  0
CIRCLE
  5
75
330
17
100
AcDbEntity
  8
Aridos
100
AcDbCircle
 10
35.77385209508773
 20
70.3304820721931
 30
0.0
 40
2.9836906714594966
  0
CIRCLE
  5
76
330
17
100
AcDbEntity
  8
Aridos
100
AcDbCircle
 10
40.28496044925628
 20
10.716655583715065
 30
0.0
 40
2.040551283293607
  0
CIRCLE
  5
77
330
17
100
AcDbEntity
  8
Aridos
100
AcDbCircle
 10
55.41580821319837
 20
49.98862307465785
 30
0.0
 40
2.7480334296113162
  0
CIRCLE
  5
78
330
17
100
AcDbEntity
  8
Aridos
100
AcDbCircle
 10
55.436487043879616
 20
61.787320561407775
 30
0.0
 40
2.8844455468195225
  0
CIRCLE
  5
79
330
17
100
AcDbEntity
  8
Aridos
100
AcDbCircle
 10
11.970912160547268
 20
69.56801983466895
 30
0.0
 40
4.233756663503171
  0
CIRCLE
  5
7A
330
17
100
AcDbEntity
  8
Aridos
100
AcDbCircle
 10
43.53971261794801
 20
36.50747387405026
 30
0.0
 40
3.9653414235024638
  0
CIRCLE
  5
7B
330
17
100
AcDbEntity
  8
Aridos
100
AcDbCircle
 10
71.03132708593327
 20
25.838020710945372
 30
0.0
 40
2.4544254142947257
  0
CIRCLE
  5
7C
330
17
100
AcDbEntity
  8
Aridos
100
AcDbCircle
 10
57.546298035367016
 20
5.842445708492266
 30
0.0
 40
1.8840256047591022
  0
CIRCLE
  5
7D
330
17
100
AcDbEntity
  8
Aridos
100
AcDbCircle
 10
41.01485324251853
 20
6.499395669686758
 30
0.0
 40
1.718792267846751
  0
CIRCLE
  5
7E
330
17
100
AcDbEntity
  8
Aridos
100
AcDbCircle
 10
35.67223390701854
 20
14.729765726605018
 30
0.0
 40
1.671881300118673
  0
CIRCLE
  5
7F
330
17
100
AcDbEntity
  8
Aridos
100
AcDbCircle
 10
39.783472920479
 20
46.617746474005756
 30
0.0
 40
1.2565636326383385
  0
CIRCLE
  5
80
330
17
100
AcDbEntity
  8
Aridos
100
AcDbCircle
 10
14.261117961901606
 20
29.79310806185789
 30
0.0
 40
1.4308018224639436
  0
CIRCLE
  5
81
330
17
100
AcDbEntity
  8
Aridos
100
AcDbCircle
 10
12.815560370841242
 20
60.00312121254288
 30
0.0
 40
1.0164535764673208
  0
CIRCLE
  5
82
330
17
100
AcDbEntity
  8
Aridos
100
AcDbCircle
 10
44.754320527910714
 20
54.16740122478973
 30
0.0
 40
1.234993826734478
  0
CIRCLE
  5
83
330
17
100
AcDbEntity
  8
Aridos
100
AcDbCircle
 10
3.0564325683697104
 20
21.98874082457141
 30
0.0
 40
1.5111713111665135
  0
CIRCLE
  5
84
330
17
100
AcDbEntity
  8
Aridos
100
AcDbCircle
 10
44.035544428248954
 20
15.291510856601583
 30
0.0
 40
1.2920092404119057
  0
CIRCLE
  5
85
330
17
100
AcDbEntity
  8
Aridos
100
AcDbCircle
 10
14.771284334098686
 20
55.90945673853815
 30
0.0
 40
1.5018935081312759
  0
CIRCLE
  5
86
330
17
100
AcDbEntity
  8
Aridos
100
AcDbCircle
 10
55.07925283741491
 20
23.570655838294275
 30
0.0
 40
1.4982731299113143
  0
CIRCLE
  5
87
330
17
100
AcDbEntity
  8
Aridos
100
AcDbCircle
 10
41.79337821098202
 20
70.39510249662631
 30
0.0
 40
1.1037715241509942
  0
CIRCLE
  5
88
330
17
100
AcDbEntity
  8
Aridos
100
AcDbCircle
 10
58.934496855732526
 20
66.66701764014819
 30
0.0
 40
1.4464431154191333
  0
CIRCLE
  5
89
330
17
100
AcDbEntity
  8
Aridos
100
AcDbCircle
 10
13.384063074256403
 20
2.321792146027482
 30
0.0
 40
1.9691891684335365
  0
CIRCLE
  5
8A
330
17
100
AcDbEntity
  8
Aridos
100
AcDbCircle
 10
42.61887749058508
 20
58.6305570471743
 30
0.0
 40
1.7384711215708382
  0
CIRCLE
  5
8B
330
17
100
AcDbEntity
  8
Aridos
100
AcDbCircle
 10
58.18313479899476
 20
32.11241437205645
 30
0.0
 40
1.7195506077830376
  0
CIRCLE
  5
8C
330
17
100
AcDbEntity
  8
Aridos
100
AcDbCircle
 10
66.26720682981473
 20
46.58238922027167
 30
0.0
 40
1.893043386500937
  0
CIRCLE
  5
8D
330
17
100
AcDbEntity
  8
Aridos
100
AcDbCircle
 10
55.030770935878174
 20
44.25352687143305
 30
0.0
 40
1.9626746812565987
  0
CIRCLE
  5
8E
330
17
100
AcDbEntity
  8
Aridos
100
AcDbCircle
 10
56.828194116822864
 20
57.30228080381154
 30
0.0
 40
1.1970502278433983
  0
CIRCLE
  5
8F
330
17
100
AcDbEntity
  8
Aridos
100
AcDbCircle
 10
63.69873794027665
 20
21.072879382820105
 30
0.0
 40
1.7145899642194968
  0
CIRCLE
  5
90
330
17
100
AcDbEntity
  8
Aridos
100
AcDbCircle
 10
22.905224648571338
 20
36.612789981139564
 30
0.0
 40
1.161923939280378
  0
CIRCLE
  5
91
330
17
100
AcDbEntity
  8
Aridos
100
AcDbCircle
 10
24.343514566736875
 20
25.980285225867288
 30
0.0
 40
1.8662547717253928
  0
CIRCLE
  5
92
330
17
100
AcDbEntity
  8
Aridos
100
AcDbCircle
 10
44.46368998908507
 20
20.704377686264742
 30
0.0
 40
1.6238202472516101
  0
CIRCLE
  5
93
330
17
100
AcDbEntity
  8
Aridos
100
AcDbCircle
 10
30.14654167393196
 20
57.5114434236936
 30
0.0
 40
1.9594551235264692
  0
CIRCLE
  5
94
330
17
100
AcDbEntity
  8
Aridos
100
AcDbCircle
 10
27.469896957579593
 20
29.29293493403197
 30
0.0
 40
1.5241420422160412
  0
CIRCLE
  5
95
330
17
100
AcDbEntity
  8
Aridos
100
AcDbCircle
 10
29.874528842268585
 20
5.123570243266329
 30
0.0
 40
1.0364328781501015
  0
CIRCLE
  5
96
330
17
100
AcDbEntity
  8
Aridos
100
AcDbCircle
 10
34.307954757341136
 20
44.84311620244527
 30
0.0
 40
1.7268715785639464
  0
CIRCLE
  5
97
330
17
100
AcDbEntity
  8
Aridos
100
AcDbCircle
 10
26.67021768945853
 20
59.73927286948993
 30
0.0
 40
1.0039098438677776
  0
CIRCLE
  5
98
330
17
100
AcDbEntity
  8
Aridos
100
AcDbCircle
 10
31.221839965061953
 20
65.73478452489546
 30
0.0
 40
1.050294001174727
  0
CIRCLE
  5
99
330
17
100
AcDbEntity
  8
Aridos
100
AcDbCircle
 10
35.23695377697815
 20
63.04844887972359
 30
0.0
 40
1.9919923158752377
  0
CIRCLE
  5
9A
330
17
100
AcDbEntity
  8
Aridos
100
AcDbCircle
 10
67.9080044461418
 20
22.686846989124827
 30
0.0
 40
1.2122575003480613
  0
CIRCLE
  5
9B
330
17
100
AcDbEntity
  8
Aridos
100
AcDbCircle
 10
44.12421146327841
 20
50.41253516321645
 30
0.0
 40
1.9473706648743383
  0
CIRCLE
  5
9C
330
17
100
AcDbEntity
  8
Aridos
100
AcDbCircle
 10
41.02772716813216
 20
28.844682054208732
 30
0.0
 40
1.4515405488100233
  0
CIRCLE
  5
9D
330
17
100
AcDbEntity
  8
Aridos
100
AcDbCircle
 10
5.351328686533225
 20
18.469112108920072
 30
0.0
 40
1.6475014891424813
  0
CIRCLE
  5
9E
330
17
100
AcDbEntity
  8
Aridos
100
AcDbCircle
 10
59.794093530654706
 20
8.567686387771772
 30
0.0
 40
1.1021141858089494
  0
CIRCLE
  5
9F
330
17
100
AcDbEntity
  8
Ptos_reactivos
100
AcDbCircle
 10
49.71804498575338
 20
25.248692734078702
 30
0.0
 40
0.05
  0
CIRCLE
  5
A0
330
17
100
AcDbEntity
  8
Ptos_reactivos
100
AcDbCircle
 10
51.145977860362265
 20
44.70614940015697
 30
0.0
 40
0.05
  0
CIRCLE
  5
A1
330
17
100
AcDbEntity
  8
Ptos_reactivos
100
AcDbCircle
 10
7.796626452492553
 20
6.965974306181483
 30
0.0
 40
0.05
  0
CIRCLE
  5
A2
330
17
100
AcDbEntity
  8
Ptos_reactivos
100
AcDbCircle
 10
46.77443132545935
 20
41.31883874348558
 30
0.0
 40
0.05
  0
CIRCLE
  5
A3
330
17
100
AcDbEntity
  8
Ptos_reactivos
100
AcDbCircle
 10
9.106420552272917
 20
71.87965071311228
 30
0.0
 40
0.05
  0
CIRCLE
  5
A4
330
17
100
AcDbEntity
  8
Ptos_reactivos
100
AcDbCircle
 10
65.62981315754183
 20
46.91795312073319
 30
0.0
 40
0.05
  0
CIRCLE
  5
A5
330
17
100
AcDbEntity
  8
Ptos_reactivos
100
AcDbCircle
 10
64.52062757224999
 20
15.48765175237246
 30
0.0
 40
0.05
  0
CIRCLE
  5
A6
330
17
100
AcDbEntity
  8
Ptos_reactivos
100
AcDbCircle
 10
68.99594321980796
 20
69.66840554279774
 30
0.0
 40
0.05
  0
CIRCLE
  5
A7
330
17
100
AcDbEntity
  8
Ptos_reactivos
100
AcDbCircle
 10
30.50110754253965
 20
20.723953285981032
 30
0.0
 40
0.05
  0
CIRCLE
  5
A8
330
17
100
AcDbEntity
  8
Ptos_reactivos
100
AcDbCircle
 10
74.19223100316715
 20
18.45730277969163
 30
0.0
 40
0.05
  0
CIRCLE
  5
A9
330
17
100
AcDbEntity
  8
Ptos_reactivos
100
AcDbCircle
 10
24.930571316692117
 20
10.349712315645188
 30
0.0
 40
0.05
  0
CIRCLE
  5
AA
330
17
100
AcDbEntity
  8
Ptos_reactivos
100
AcDbCircle
 10
72.5815973935328
 20
42.88862467837548
 30
0.0
 40
0.05
  0
CIRCLE
  5
AB
330
17
100
AcDbEntity
  8
Ptos_reactivos
100
AcDbCircle
 10
35.42945452570683
 20
55.18344175669955
 30
0.0
 40
0.05
  0
CIRCLE
  5
AC
330
17
100
AcDbEntity
  8
Ptos_reactivos
100
AcDbCircle
 10
71.15706847281001
 20
70.1130365264162
 30
0.0
 40
0.05
  0
CIRCLE
  5
AD
330
17
100
AcDbEntity
  8
Ptos_reactivos
100
AcDbCircle
 10
70.96356209084935
 20
57.19398470241311
 30
0.0
 40
0.05
  0
CIRCLE
  5
AE
330
17
100
AcDbEntity
  8
Ptos_reactivos
100
AcDbCircle
 10
34.09689246883047
 20
20.48095351036789
 30
0.0
 40
0.05
  0
CIRCLE
  5
AF
330
17
100
AcDbEntity
  8
Ptos_reactivos
100
AcDbCircle
 10
70.39394048488916
 20
42.755744215538776
 30
0.0
 40
0.05
  0
CIRCLE
  5
B0
330
17
100
AcDbEntity
  8
Ptos_reactivos
100
AcDbCircle
 10
29.867901898368203
 20
42.02214942549085
 30
0.0
 40
0.05
  0
CIRCLE
  5
B1
330
17
100
AcDbEntity
  8
Ptos_reactivos
100
AcDbCircle
 10
62.127305363551976
 20
21.758231704272383
 30
0.0
 40
0.05
  0
CIRCLE
  5
B2
330
17
100
AcDbEntity
  8
Ptos_reactivos
100
AcDbCircle
 10
39.91730041629081
 20
51.376796021196924
 30
0.0
 40
0.05
  0
CIRCLE
  5
B3
330
17
100
AcDbEntity
  8
Ptos_reactivos
100
AcDbCircle
 10
9.476420112238351
 20
10.556007522592816
 30
0.0
 40
0.05
  0
CIRCLE
  5
B4
330
17
100
AcDbEntity
  8
Ptos_reactivos
100
AcDbCircle
 10
4.937932275118465
 20
36.25257037950425
 30
0.0
 40
0.05
  0
CIRCLE
  5
B5
330
17
100
AcDbEntity
  8
Ptos_reactivos
100
AcDbCircle
 10
70.2532043612784
 20
24.91054207467925
 30
0.0
 40
0.05
  0
CIRCLE
  5
B6
330
17
100
AcDbEntity
  8
Ptos_reactivos
100
AcDbCircle
 10
22.24761542630563
 20
16.011938329116948
 30
0.0
 40
0.05
  0
CIRCLE
  5
B7
330
17
100
AcDbEntity
  8
Ptos_reactivos
100
AcDbCircle
 10
54.11425595373692
 20
10.172632969863923
 30
0.0
 40
0.05
  0
CIRCLE
  5
B8
330
17
100
AcDbEntity
  8
Ptos_reactivos
100
AcDbCircle
 10
5.522230402288245
 20
17.008966359736984
 30
0.0
 40
0.05
  0
CIRCLE
  5
B9
330
17
100
AcDbEntity
  8
Ptos_reactivos
100
AcDbCircle
 10
44.39599517693255
 20
36.938832360860786
 30
0.0
 40
0.05
  0
CIRCLE
  5
BA
330
17
100
AcDbEntity
  8
Ptos_reactivos
100
AcDbCircle
 10
72.79383459628791
 20
68.05752997400432
 30
0.0
 40
0.05
  0
CIRCLE
  5
BB
330
17
100
AcDbEntity
  8
Ptos_reactivos
100
AcDbCircle
 10
31.898284173112994
 20
31.807626123872332
 30
0.0
 40
0.05
  0
CIRCLE
  5
BC
330
17
100
AcDbEntity
  8
Ptos_reactivos
100
AcDbCircle
 10
10.853467343975318
 20
16.89141913450922
 30
0.0
 40
0.05
  0
CIRCLE
  5
BD
330
17
100
AcDbEntity
  8
Ptos_reactivos
100
AcDbCircle
 10
16.93155319468018
 20
15.579473518554519
 30
0.0
 40
0.05
  0
CIRCLE
  5
BE
330
17
100
AcDbEntity
  8
Ptos_reactivos
100
AcDbCircle
 10
17.265494239127037
 20
53.027838548193685
 30
0.0
 40
0.05
  0
CIRCLE
  5
BF
330
17
100
AcDbEntity
  8
Ptos_reactivos
100
AcDbCircle
 10
51.15083789316053
 20
19.832613575254275
 30
0.0
 40
0.05
  0
CIRCLE
  5
C0
330
17
100
AcDbEntity
  8
Ptos_reactivos
100
AcDbCircle
 10
73.07302164776365
 20
25.309793775042873
 30
0.0
 40
0.05
  0
CIRCLE
  5
C1
330
17
100
AcDbEntity
  8
Ptos_reactivos
100
AcDbCircle
 10
32.51831775312906
 20
25.53209415958816
 30
0.0
 40
0.05
  0
CIRCLE
  5
C2
330
17
100
AcDbEntity
  8
Ptos_reactivos
100
AcDbCircle
 10
32.93365734897965
 20
23.17928944011324
 30
0.0
 40
0.05
  0
CIRCLE
  5
C3
330
17
100
AcDbEntity
  8
Ptos_reactivos
100
AcDbCircle
 10
45.731752584937134
 20
29.118773610519845
 30
0.0
 40
0.05
  0
CIRCLE
  5
C4
330
17
100
AcDbEntity
  8
Ptos_reactivos
100
AcDbCircle
 10
20.29297192571466
 20
24.464243228486314
 30
0.0
 40
0.05
  0
CIRCLE
  5
C5
330
17
100
AcDbEntity
  8
Ptos_reactivos
100
AcDbCircle
 10
68.10682468363446
 20
22.97941784450833
 30
0.0
 40
0.05
  0
CIRCLE
  5
C6
330
17
100
AcDbEntity
  8
Ptos_reactivos
100
AcDbCircle
 10
65.90789375891343
 20
60.76002845278483
 30
0.0
 40
0.05
  0
CIRCLE
  5
C7
330
17
100
AcDbEntity
  8
Ptos_reactivos
100
AcDbCircle
 10
16.42332159425192
 20
24.74067588395143
 30
0.0
 40
0.05
  0
CIRCLE
  5
C8
330
17
100
AcDbEntity
  8
Ptos_reactivos
100
AcDbCircle
 10
39.030963731513154
 20
21.710643418684462
 30
0.0
 40
0.05
  0
CIRCLE
  5
C9
330
17
100
AcDbEntity
  8
Ptos_reactivos
100
AcDbCircle
 10
10.045285436091747
 20
69.62960283549323
 30
0.0
 40
0.05
  0
CIRCLE
  5
CA
330
17
100
AcDbEntity
  8
Ptos_reactivos
100
AcDbCircle
 10
23.465355122947045
 20
19.13682759760909
 30
0.0
 40
0.05
  0
CIRCLE
  5
CB
330
17
100
AcDbEntity
  8
Ptos_reactivos
100
AcDbCircle
 10
20.241274975592706
 20
63.79411043864223
 30
0.0
 40
0.05
  0
CIRCLE
  5
CC
330
17
100
AcDbEntity
  8
Ptos_reactivos
100
AcDbCircle
 10
73.2422342678092
 20
26.299905248075138
 30
0.0
 40
0.05
  0
CIRCLE
  5
CD
330
17
100
AcDbEntity
  8
Ptos_reactivos
100
AcDbCircle
 10
11.411196001442892
 20
19.825044545051522
 30
0.0
 40
0.05
  0
CIRCLE
  5
CE
330
17
100
AcDbEntity
  8
Ptos_reactivos
100
AcDbCircle
 10
57.426774941034175
 20
32.692043310267756
 30
0.0
 40
0.05
  0
CIRCLE
  5
CF
330
17
100
AcDbEntity
  8
Ptos_reactivos
100
AcDbCircle
 10
61.753634808202065
 20
53.992218720758785
 30
0.0
 40
0.05
  0
CIRCLE
  5
D0
330
17
100
AcDbEntity
  8
Ptos_reactivos
100
AcDbCircle
 10
27.01616045401045
 20
71.68581587689636
 30
0.0
 40
0.05
  0
CIRCLE
  5
D1
330
17
100
AcDbEntity
  8
Ptos_reactivos
100
AcDbCircle
 10
24.848436145219598
 20
15.86512114558912
 30
0.0
 40
0.05
  0
CIRCLE
  5
D2
330
17
100
AcDbEntity
  8
Ptos_reactivos
100
AcDbCircle
 10
11.415016075522255
 20
72.10866388590537
 30
0.0
 40
0.05
  0
CIRCLE
  5
D3
330
17
100
AcDbEntity
  8
Ptos_reactivos
100
AcDbCircle
 10
33.05393871914662
 20
31.52131828069051
 30
0.0
 40
0.05
  0
CIRCLE
  5
D4
330
17
100
AcDbEntity
  8
Ptos_reactivos
100
AcDbCircle
 10
61.5519389885076
 20
28.850999058804472
 30
0.0
 40
0.05
  0
CIRCLE
  5
D5
330
17
100
AcDbEntity
  8
Ptos_reactivos
100
AcDbCircle
 10
57.15262132147082
 20
5.680099759477036
 30
0.0
 40
0.05
  0
CIRCLE
  5
D6
330
17
100
AcDbEntity
  8
Ptos_reactivos
100
AcDbCircle
 10
22.165856231991615
 20
17.99944056817989
 30
0.0
 40
0.05
  0
CIRCLE
  5
D7
330
17
100
AcDbEntity
  8
Ptos_reactivos
100
AcDbCircle
 10
30.499656272007154
 20
31.183255082616654
 30
0.0
 40
0.05
  0
CIRCLE
  5
D8
330
17
100
AcDbEntity
  8
Ptos_reactivos
100
AcDbCircle
 10
36.889818189839865
 20
37.6498427043904
 30
0.0
 40
0.05
  0
CIRCLE
  5
D9
330
17
100
AcDbEntity
  8
Ptos_reactivos
100
AcDbCircle
 10
45.78967762983546
 20
50.91896437954059
 30
0.0
 40
0.05
  0
CIRCLE
  5
DA
330
17
100
AcDbEntity
  8
Ptos_reactivos
100
AcDbCircle
 10
48.27277106291693
 20
13.519255370948665
 30
0.0
 40
0.05
  0
CIRCLE
  5
DB
330
17
100
AcDbEntity
  8
Ptos_reactivos
100
AcDbCircle
 10
39.425833182114246
 20
12.018563293570308
 30
0.0
 40
0.05
  0
CIRCLE
  5
DC
330
17
100
AcDbEntity
  8
Ptos_reactivos
100
AcDbCircle
 10
66.10431810744271
 20
65.26455307821553
 30
0.0
 40
0.05
  0
CIRCLE
  5
DD
330
17
100
AcDbEntity
  8
Ptos_reactivos
100
AcDbCircle
 10
62.05105389157012
 20
25.524247991315754
 30
0.0
 40
0.05
  0
CIRCLE
  5
DE
330
17
100
AcDbEntity
  8
Ptos_reactivos
100
AcDbCircle
 10
51.17864575393405
 20
15.869290647173647
 30
0.0
 40
0.05
  0
CIRCLE
  5
DF
330
17
100
AcDbEntity
  8
Ptos_reactivos
100
AcDbCircle
 10
21.593988927448937
 20
32.541800879606996
 30
0.0
 40
0.05
  0
CIRCLE
  5
E0
330
17
100
AcDbEntity
  8
Ptos_reactivos
100
AcDbCircle
 10
70.32638672042077
 20
6.356753333300189
 30
0.0
 40
0.05
  0
CIRCLE
  5
E1
330
17
100
AcDbEntity
  8
Ptos_reactivos
100
AcDbCircle
 10
53.76115887471198
 20
6.832392266613227
 30
0.0
 40
0.05
  0
CIRCLE
  5
E2
330
17
100
AcDbEntity
  8
Ptos_reactivos
100
AcDbCircle
 10
17.97467211920986
 20
15.840205517956441
 30
0.0
 40
0.05
  0
CIRCLE
  5
E3
330
17
100
AcDbEntity
  8
Ptos_reactivos
100
AcDbCircle
 10
9.4285675626616
 20
50.93615319710509
 30
0.0
 40
0.05
  0
CIRCLE
  5
E4
330
17
100
AcDbEntity
  8
Ptos_reactivos
100
AcDbCircle
 10
24.747537674942546
 20
15.92247641583255
 30
0.0
 40
0.05
  0
CIRCLE
  5
E5
330
17
100
AcDbEntity
  8
Ptos_reactivos
100
AcDbCircle
 10
21.469353418231965
 20
11.556550844393366
 30
0.0
 40
0.05
  0
CIRCLE
  5
E6
330
17
100
AcDbEntity
  8
Ptos_reactivos
100
AcDbCircle
 10
20.078474223460482
 20
21.379496475760348
 30
0.0
 40
0.05
  0
CIRCLE
  5
E7
330
17
100
AcDbEntity
  8
Ptos_reactivos
100
AcDbCircle
 10
64.41191123758952
 20
28.92237562602207
 30
0.0
 40
0.05
  0
CIRCLE
  5
E8
330
17
100
AcDbEntity
  8
Ptos_reactivos
100
AcDbCircle
 10
5.104070597465505
 20
0.4723889357547806
 30
0.0
 40
0.05
  0
CIRCLE
  5
E9
330
17
100
AcDbEntity
  8
Ptos_reactivos
100
AcDbCircle
 10
65.47844692012386
 20
16.274177132519725
 30
0.0
 40
0.05
  0
CIRCLE
  5
EA
330
17
100
AcDbEntity
  8
Ptos_reactivos
100
AcDbCircle
 10
23.287538267825493
 20
0.9576500820143441
 30
0.0
 40
0.05
  0
CIRCLE
  5
EB
330
17
100
AcDbEntity
  8
Ptos_reactivos
100
AcDbCircle
 10
19.146450599943513
 20
14.82765621080519
 30
0.0
 40
0.05
  0
CIRCLE
  5
EC
330
17
100
AcDbEntity
  8
Ptos_reactivos
100
AcDbCircle
 10
50.17683827851993
 20
62.344549890843176
 30
0.0
 40
0.05
  0
CIRCLE
  5
ED
330
17
100
AcDbEntity
  8
Ptos_reactivos
100
AcDbCircle
 10
25.13618311055215
 20
27.389821871132327
 30
0.0
 40
0.05
  0
CIRCLE
  5
EE
330
17
100
AcDbEntity
  8
Ptos_reactivos
100
AcDbCircle
 10
11.703102074426008
 20
48.581682599485454
 30
0.0
 40
0.05
  0
CIRCLE
  5
EF
330
17
100
AcDbEntity
  8
Ptos_reactivos
100
AcDbCircle
 10
13.289539855426208
 20
3.9191193033156795
 30
0.0
 40
0.05
  0
CIRCLE
  5
F0
330
17
100
AcDbEntity
  8
Ptos_reactivos
100
AcDbCircle
 10
35.78613525725601
 20
26.51788460915695
 30
0.0
 40
0.05
  0
CIRCLE
  5
F1
330
17
100
AcDbEntity
  8
Ptos_reactivos
100
AcDbCircle
 10
50.75404983345263
 20
28.114444338183002
 30
0.0
 40
0.05
  0
CIRCLE
  5
F2
330
17
100
AcDbEntity
  8
Ptos_reactivos
100
AcDbCircle
 10
19.63626777762953
 20
48.04317297187399
 30
0.0
 40
0.05
  0
CIRCLE
  5
F3
330
17
100
AcDbEntity
  8
Ptos_reactivos
100
AcDbCircle
 10
7.364701264848006
 20
49.77252398558453
 30
0.0
 40
0.05
  0
CIRCLE
  5
F4
330
17
100
AcDbEntity
  8
Ptos_reactivos
100
AcDbCircle
 10
25.978522117732787
 20
17.09639500459393
 30
0.0
 40
0.05
  0
CIRCLE
  5
F5
330
17
100
AcDbEntity
  8
Ptos_reactivos
100
AcDbCircle
 10
64.56554154940905
 20
30.25437261773828
 30
0.0
 40
0.05
  0
CIRCLE
  5
F6
330
17
100
AcDbEntity
  8
Ptos_reactivos
100
AcDbCircle
 10
47.23186282526318
 20
36.359758522846036
 30
0.0
 40
0.05
  0
CIRCLE
  5
F7
330
17
100
AcDbEntity
  8
Ptos_reactivos
100
AcDbCircle
 10
21.319743432446415
 20
31.52625950716392
 30
0.0
 40
0.05
  0
CIRCLE
  5
F8
330
17
100
AcDbEntity
  8
Ptos_reactivos
100
AcDbCircle
 10
69.10096263403025
 20
19.090517103254978
 30
0.0
 40
0.05
  0
CIRCLE
  5
F9
330
17
100
AcDbEntity
  8
Ptos_reactivos
100
AcDbCircle
 10
67.02475288376526
 20
66.09994185908732
 30
0.0
 40
0.05
  0
CIRCLE
  5
FA
330
17
100
AcDbEntity
  8
Ptos_reactivos
100
AcDbCircle
 10
51.91776326720927
 20
32.63559583222608
 30
0.0
 40
0.05
  0
CIRCLE
  5
FB
330
17
100
AcDbEntity
  8
Ptos_reactivos
100
AcDbCircle
 10
49.8586316607643
 20
29.688303822350633
 30
0.0
 40
0.05
  0
CIRCLE
  5
FC
330
17
100
AcDbEntity
  8
Ptos_reactivos
100
AcDbCircle
 10
51.71605830417033
 20
27.66474166680523
 30
0.0
 40
0.05
  0
CIRCLE
  5
FD
330
17
100
AcDbEntity
  8
Ptos_reactivos
100
AcDbCircle
 10
8.978052503247506
 20
55.59035536989184
 30
0.0
 40
0.05
  0
CIRCLE
  5
FE
330
17
100
AcDbEntity
  8
Ptos_reactivos
100
AcDbCircle
 10
7.7725744126927925
 20
64.38575733996018
 30
0.0
 40
0.05
  0
CIRCLE
  5
FF
330
17
100
AcDbEntity
  8
Ptos_reactivos
100
AcDbCircle
 10
47.76693932009055
 20
70.18846166673598
 30
0.0
 40
0.05
  0
CIRCLE
  5
100
330
17
100
AcDbEntity
  8
Ptos_reactivos
100
AcDbCircle
 10
35.31915958215004
 20
71.15215432897723
 30
0.0
 40
0.05
  0
CIRCLE
  5
101
330
17
100
AcDbEntity
  8
Ptos_reactivos
100
AcDbCircle
 10
5.9856965425159725
 20
39.05773176979979
 30
0.0
 40
0.05
  0
CIRCLE
  5
102
330
17
100
AcDbEntity
  8
Ptos_reactivos
100
AcDbCircle
 10
19.23270130901035
 20
49.05468939318487
 30
0.0
 40
0.05
  0
CIRCLE
  5
103
330
17
100
AcDbEntity
  8
Ptos_reactivos
100
AcDbCircle
 10
7.990882083080439
 20
54.03263383919914
 30
0.0
 40
0.05
  0
CIRCLE
  5
104
330
17
100
AcDbEntity
  8
Ptos_reactivos
100
AcDbCircle
 10
37.039760566452074
 20
27.41398419926696
 30
0.0
 40
0.05
  0
CIRCLE
  5
105
330
17
100
AcDbEntity
  8
Ptos_reactivos
100
AcDbCircle
 10
64.79772618603826
 20
66.41177062324674
 30
0.0
 40
0.05
  0
CIRCLE
  5
106
330
17
100
AcDbEntity
  8
Ptos_reactivos
100
AcDbCircle
 10
25.392825289806282
 20
6.191889613771065
 30
0.0
 40
0.05
  0
CIRCLE
  5
107
330
17
100
AcDbEntity
  8
Ptos_reactivos
100
AcDbCircle
 10
21.41699029123833
 20
25.670901920149287
 30
0.0
 40
0.05
  0
CIRCLE
  5
108
330
17
100
AcDbEntity
  8
Ptos_reactivos
100
AcDbCircle
 10
7.940388054726635
 20
36.185329995235044
 30
0.0
 40
0.05
  0
CIRCLE
  5
109
330
17
100
AcDbEntity
  8
Ptos_reactivos
100
AcDbCircle
 10
69.61791025531481
 20
57.60967899840509
 30
0.0
 40
0.05
  0
CIRCLE
  5
10A
330
17
100
AcDbEntity
  8
Ptos_reactivos
100
AcDbCircle
 10
1.586374800129406
 20
48.4612313765588
 30
0.0
 40
0.05
  0
CIRCLE
  5
10B
330
17
100
AcDbEntity
  8
Ptos_reactivos
100
AcDbCircle
 10
36.27241642871412
 20
49.96475762875592
 30
0.0
 40
0.05
  0
CIRCLE
  5
10C
330
17
100
AcDbEntity
  8
Ptos_reactivos
100
AcDbCircle
 10
35.940934248374596
 20
68.6364133765202
 30
0.0
 40
0.05
  0
CIRCLE
  5
10D
330
17
100
AcDbEntity
  8
Ptos_reactivos
100
AcDbCircle
 10
46.366624360807435
 20
35.122811354735795
 30
0.0
 40
0.05
  0
CIRCLE
  5
10E
330
17
100
AcDbEntity
  8
Ptos_reactivos
100
AcDbCircle
 10
14.93771842546546
 20
43.558933649008964
 30
0.0
 40
0.05
  0
CIRCLE
  5
10F
330
17
100
AcDbEntity
  8
Ptos_reactivos
100
AcDbCircle
 10
19.216482120262185
 20
62.932515725555874
 30
0.0
 40
0.05
  0
CIRCLE
  5
110
330
17
100
AcDbEntity
  8
Ptos_reactivos
100
AcDbCircle
 10
24.390299212436116
 20
9.595107861387605
 30
0.0
 40
0.05
  0
CIRCLE
  5
111
330
17
100
AcDbEntity
  8
Ptos_reactivos
100
AcDbCircle
 10
22.154696527391117
 20
25.88407566878079
 30
0.0
 40
0.05
  0
CIRCLE
  5
112
330
17
100
AcDbEntity
  8
Ptos_reactivos
100
AcDbCircle
 10
28.691998981358754
 20
19.226284860204704
 30
0.0
 40
0.05
  0
CIRCLE
  5
113
330
17
100
AcDbEntity
  8
Ptos_reactivos
100
AcDbCircle
 10
70.41849844513219
 20
42.648923685007325
 30
0.0
 40
0.05
  0
CIRCLE
  5
114
330
17
100
AcDbEntity
  8
Ptos_reactivos
100
AcDbCircle
 10
2.9385353763029447
 20
48.72871348615694
 30
0.0
 40
0.05
  0
CIRCLE
  5
115
330
17
100
AcDbEntity
  8
Ptos_reactivos
100
AcDbCircle
 10
60.89861541372815
 20
17.366951166583306
 30
0.0
 40
0.05
  0
CIRCLE
  5
116
330
17
100
AcDbEntity
  8
Ptos_reactivos
100
AcDbCircle
 10
26.917568188180926
 20
30.74672563795131
 30
0.0
 40
0.05
  0
CIRCLE
  5
117
330
17
100
AcDbEntity
  8
Ptos_reactivos
100
AcDbCircle
 10
55.345620269248506
 20
15.503874299315573
 30
0.0
 40
0.05
  0
CIRCLE
  5
118
330
17
100
AcDbEntity
  8
Ptos_reactivos
100
AcDbCircle
 10
36.1351006558578
 20
72.26453954235278
 30
0.0
 40
0.05
  0
CIRCLE
  5
119
330
17
100
AcDbEntity
  8
Ptos_reactivos
100
AcDbCircle
 10
5.850584776184014
 20
3.0824954704604752
 30
0.0
 40
0.05
  0
CIRCLE
  5
11A
330
17
100
AcDbEntity
  8
Ptos_reactivos
100
AcDbCircle
 10
10.777152865717285
 20
51.28006907701313
 30
0.0
 40
0.05
  0
CIRCLE
  5
11B
330
17
100
AcDbEntity
  8
Ptos_reactivos
100
AcDbCircle
 10
70.5523475342812
 20
67.61332897529307
 30
0.0
 40
0.05
  0
CIRCLE
  5
11C
330
17
100
AcDbEntity
  8
Ptos_reactivos
100
AcDbCircle
 10
68.99316714632175
 20
22.176761102837066
 30
0.0
 40
0.05
  0
CIRCLE
  5
11D
330
17
100
AcDbEntity
  8
Ptos_reactivos
100
AcDbCircle
 10
3.6098727003567754
 20
52.85352989560992
 30
0.0
 40
0.05
  0
CIRCLE
  5
11E
330
17
100
AcDbEntity
  8
Ptos_reactivos
100
AcDbCircle
 10
24.413185491021196
 20
3.5454415533134886
 30
0.0
 40
0.05
  0
CIRCLE
  5
11F
330
17
100
AcDbEntity
  8
Ptos_reactivos
100
AcDbCircle
 10
38.677975818964924
 20
64.93686505126846
 30
0.0
 40
0.05
  0
CIRCLE
  5
120
330
17
100
AcDbEntity
  8
Ptos_reactivos
100
AcDbCircle
 10
33.27004496391301
 20
12.325969936870361
 30
0.0
 40
0.05
  0
CIRCLE
  5
121
330
17
100
AcDbEntity
  8
Ptos_reactivos
100
AcDbCircle
 10
73.43649793616008
 20
19.061360900473346
 30
0.0
 40
0.05
  0
CIRCLE
  5
122
330
17
100
AcDbEntity
  8
Ptos_reactivos
100
AcDbCircle
 10
1.3688423191894172
 20
51.97009804585607
 30
0.0
 40
0.05
  0
CIRCLE
  5
123
330
17
100
AcDbEntity
  8
Ptos_reactivos
100
AcDbCircle
 10
57.09850277563498
 20
57.85459139911155
 30
0.0
 40
0.05
  0
CIRCLE
  5
124
330
17
100
AcDbEntity
  8
Ptos_reactivos
100
AcDbCircle
 10
52.65147583038813
 20
20.172179983950492
 30
0.0
 40
0.05
  0
CIRCLE
  5
125
330
17
100
AcDbEntity
  8
Ptos_reactivos
100
AcDbCircle
 10
61.373573294237296
 20
57.871081687372055
 30
0.0
 40
0.05
  0
CIRCLE
  5
126
330
17
100
AcDbEntity
  8
Ptos_reactivos
100
AcDbCircle
 10
49.84230806565501
 20
18.985484783535064
 30
0.0
 40
0.05
  0
CIRCLE
  5
127
330
17
100
AcDbEntity
  8
Ptos_reactivos
100
AcDbCircle
 10
68.64551767636308
 20
65.93805209027803
 30
0.0
 40
0.05
  0
CIRCLE
  5
128
330
17
100
AcDbEntity
  8
Ptos_reactivos
100
AcDbCircle
 10
4.784958279706386
 20
63.939230061510735
 30
0.0
 40
0.05
  0
CIRCLE
  5
129
330
17
100
AcDbEntity
  8
Ptos_reactivos
100
AcDbCircle
 10
6.767765472467363
 20
25.700099991957664
 30
0.0
 40
0.05
  0
CIRCLE
  5
12A
330
17
100
AcDbEntity
  8
Ptos_reactivos
100
AcDbCircle
 10
73.5520058991939
 20
17.259391305741925
 30
0.0
 40
0.05
  0
CIRCLE
  5
12B
330
17
100
AcDbEntity
  8
Ptos_reactivos
100
AcDbCircle
 10
43.62080272194778
 20
51.70454525046076
 30
0.0
 40
0.05
  0
CIRCLE
  5
12C
330
17
100
AcDbEntity
  8
Ptos_reactivos
100
AcDbCircle
 10
42.01010556448942
 20
35.622463065086926
 30
0.0
 40
0.05
  0
CIRCLE
  5
12D
330
17
100
AcDbEntity
  8
Ptos_reactivos
100
AcDbCircle
 10
19.160114040168995
 20
24.446860135442424
 30
0.0
 40
0.05
  0
CIRCLE
  5
12E
330
17
100
AcDbEntity
  8
Ptos_reactivos
100
AcDbCircle
 10
25.66478991211401
 20
5.1797905468635275
 30
0.0
 40
0.05
  0
CIRCLE
  5
12F
330
17
100
AcDbEntity
  8
Ptos_reactivos
100
AcDbCircle
 10
68.09241759101717
 20
23.231793062754996
 30
0.0
 40
0.05
  0
CIRCLE
  5
130
330
17
100
AcDbEntity
  8
Ptos_reactivos
100
AcDbCircle
 10
28.895962352512626
 20
72.44078630783076
 30
0.0
 40
0.05
  0
CIRCLE
  5
131
330
17
100
AcDbEntity
  8
Ptos_reactivos
100
AcDbCircle
 10
12.114998123222723
 20
7.8890977192417555
 30
0.0
 40
0.05
  0
CIRCLE
  5
132
330
17
100
AcDbEntity
  8
Ptos_reactivos
100
AcDbCircle
 10
70.00676115401671
 20
68.06779876800374
 30
0.0
 40
0.05
  0
CIRCLE
  5
133
330
17
100
AcDbEntity
  8
Ptos_reactivos
100
AcDbCircle
 10
2.015268451695609
 20
14.014300417898964
 30
0.0
 40
0.05
  0
CIRCLE
  5
134
330
17
100
AcDbEntity
  8
Ptos_reactivos
100
AcDbCircle
 10
68.50383314228255
 20
55.61774573361771
 30
0.0
 40
0.05
  0
CIRCLE
  5
135
330
17
100
AcDbEntity
  8
Ptos_reactivos
100
AcDbCircle
 10
26.965628661580254
 20
29.50808840879044
 30
0.0
 40
0.05
  0
CIRCLE
  5
136
330
17
100
AcDbEntity
  8
Ptos_reactivos
100
AcDbCircle
 10
3.27463916704718
 20
4.459813312295738
 30
0.0
 40
0.05
  0
CIRCLE
  5
137
330
17
100
AcDbEntity
  8
Ptos_reactivos
100
AcDbCircle
 10
17.398526332370782
 20
13.986895790086349
 30
0.0
 40
0.05
  0
CIRCLE
  5
138
330
17
100
AcDbEntity
  8
Ptos_reactivos
100
AcDbCircle
 10
17.157165396271417
 20
63.076797531995524
 30
0.0
 40
0.05
  0
CIRCLE
  5
139
330
17
100
AcDbEntity
  8
Ptos_reactivos
100
AcDbCircle
 10
2.3194873344084153
 20
13.40901493321573
 30
0.0
 40
0.05
  0
CIRCLE
  5
13A
330
17
100
AcDbEntity
  8
Ptos_reactivos
100
AcDbCircle
 10
67.91927825214593
 20
7.186505935391022
 30
0.0
 40
0.05
  0
CIRCLE
  5
13B
330
17
100
AcDbEntity
  8
Ptos_reactivos
100
AcDbCircle
 10
72.1794807711471
 20
42.491405753092224
 30
0.0
 40
0.05
  0
CIRCLE
  5
13C
330
17
100
AcDbEntity
  8
Ptos_reactivos
100
AcDbCircle
 10
21.79930925537399
 20
16.915693906676395
 30
0.0
 40
0.05
  0
CIRCLE
  5
13D
330
17
100
AcDbEntity
  8
Ptos_reactivos
100
AcDbCircle
 10
23.276476354982318
 20
11.68992297816715
 30
0.0
 40
0.05
  0
CIRCLE
  5
13E
330
17
100
AcDbEntity
  8
Ptos_reactivos
100
AcDbCircle
 10
66.45295752872343
 20
7.873101692504486
 30
0.0
 40
0.05
  0
CIRCLE
  5
13F
330
17
100
AcDbEntity
  8
Ptos_reactivos
100
AcDbCircle
 10
34.03103896380845
 20
3.212467617489681
 30
0.0
 40
0.05
  0
CIRCLE
  5
140
330
17
100
AcDbEntity
  8
Ptos_reactivos
100
AcDbCircle
 10
54.489517086118006
 20
55.59006442189177
 30
0.0
 40
0.05
  0
CIRCLE
  5
141
330
17
100
AcDbEntity
  8
Ptos_reactivos
100
AcDbCircle
 10
54.70493163178013
 20
14.264656569564945
 30
0.0
 40
0.05
  0
CIRCLE
  5
142
330
17
100
AcDbEntity
  8
Ptos_reactivos
100
AcDbCircle
 10
23.19802509035598
 20
13.301939644132094
 30
0.0
 40
0.05
  0
CIRCLE
  5
143
330
17
100
AcDbEntity
  8
Ptos_reactivos
100
AcDbCircle
 10
23.81663348388917
 20
4.715238971430691
 30
0.0
 40
0.05
  0
CIRCLE
  5
144
330
17
100
AcDbEntity
  8
Ptos_reactivos
100
AcDbCircle
 10
8.501060177784284
 20
27.43184372875583
 30
0.0
 40
0.05
  0
CIRCLE
  5
145
330
17
100
AcDbEntity
  8
Ptos_reactivos
100
AcDbCircle
 10
42.12176188060843
 20
58.422209748773746
 30
0.0
 40
0.05
  0
CIRCLE
  5
146
330
17
100
AcDbEntity
  8
Ptos_reactivos
100
AcDbCircle
 10
71.48255630336917
 20
21.94597873966627
 30
0.0
 40
0.05
  0
CIRCLE
  5
147
330
17
100
AcDbEntity
  8
Ptos_reactivos
100
AcDbCircle
 10
68.63010364247462
 20
34.0758532231121
 30
0.0
 40
0.05
  0
CIRCLE
  5
148
330
17
100
AcDbEntity
  8
Ptos_reactivos
100
AcDbCircle
 10
62.75567521680524
 20
29.923381074214813
 30
0.0
 40
0.05
  0
CIRCLE
  5
149
330
17
100
AcDbEntity
  8
Ptos_reactivos
100
AcDbCircle
 10
52.00623461499935
 20
18.786570416534516
 30
0.0
 40
0.05
  0
CIRCLE
  5
14A
330
17
100
AcDbEntity
  8
Ptos_reactivos
100
AcDbCircle
 10
49.58982715906974
 20
47.08015579779507
 30
0.0
 40
0.05
  0
CIRCLE
  5
14B
330
17
100
AcDbEntity
  8
Ptos_reactivos
100
AcDbCircle
 10
31.8311960679608
 20
29.272366080306448
 30
0.0
 40
0.05
  0
CIRCLE
  5
14C
330
17
100
AcDbEntity
  8
Ptos_reactivos
100
AcDbCircle
 10
34.87323707552945
 20
19.463415864336042
 30
0.0
 40
0.05
  0
CIRCLE
  5
14D
330
17
100
AcDbEntity
  8
Ptos_reactivos
100
AcDbCircle
 10
50.425135903555145
 20
6.032143942667084
 30
0.0
 40
0.05
  0
CIRCLE
  5
14E
330
17
100
AcDbEntity
  8
Ptos_reactivos
100
AcDbCircle
 10
11.175887301624785
 20
13.139366313486747
 30
0.0
 40
0.05
  0
CIRCLE
  5
14F
330
17
100
AcDbEntity
  8
Ptos_reactivos
100
AcDbCircle
 10
14.030343816721604
 20
9.732655031923985
 30
0.0
 40
0.05
  0
CIRCLE
  5
150
330
17
100
AcDbEntity
  8
Ptos_reactivos
100
AcDbCircle
 10
47.238314856115466
 20
20.175868197346524
 30
0.0
 40
0.05
  0
CIRCLE
  5
151
330
17
100
AcDbEntity
  8
Ptos_reactivos
100
AcDbCircle
 10
21.265200625917153
 20
62.37613282433307
 30
0.0
 40
0.05
  0
CIRCLE
  5
152
330
17
100
AcDbEntity
  8
Ptos_reactivos
100
AcDbCircle
 10
14.120756483526698
 20
70.07701280139591
 30
0.0
 40
0.05
  0
CIRCLE
  5
153
330
17
100
AcDbEntity
  8
Ptos_reactivos
100
AcDbCircle
 10
12.050057754890068
 20
49.69922810793926
 30
0.0
 40
0.05
  0
CIRCLE
  5
154
330
17
100
AcDbEntity
  8
Ptos_reactivos
100
AcDbCircle
 10
0.7756451967958711
 20
67.95240040923866
 30
0.0
 40
0.05
  0
CIRCLE
  5
155
330
17
100
AcDbEntity
  8
Ptos_reactivos
100
AcDbCircle
 10
61.625528331690276
 20
16.707167313322376
 30
0.0
 40
0.05
  0
CIRCLE
  5
156
330
17
100
AcDbEntity
  8
Ptos_reactivos
100
AcDbCircle
 10
51.94980273712121
 20
52.244691848206024
 30
0.0
 40
0.05
  0
CIRCLE
  5
157
330
17
100
AcDbEntity
  8
Ptos_reactivos
100
AcDbCircle
 10
71.66729707130229
 20
65.88295234153071
 30
0.0
 40
0.05
  0
CIRCLE
  5
158
330
17
100
AcDbEntity
  8
Ptos_reactivos
100
AcDbCircle
 10
66.29205415878494
 20
6.130702135920895
 30
0.0
 40
0.05
  0
CIRCLE
  5
159
330
17
100
AcDbEntity
  8
Ptos_reactivos
100
AcDbCircle
 10
66.85962274286173
 20
55.17971512350442
 30
0.0
 40
0.05
  0
CIRCLE
  5
15A
330
17
100
AcDbEntity
  8
Ptos_reactivos
100
AcDbCircle
 10
21.33511686433412
 20
61.88260802088849
 30
0.0
 40
0.05
  0
CIRCLE
  5
15B
330
17
100
AcDbEntity
  8
Ptos_reactivos
100
AcDbCircle
 10
69.04869671494387
 20
18.681371819531503
 30
0.0
 40
0.05
  0
CIRCLE
  5
15C
330
17
100
AcDbEntity
  8
Ptos_reactivos
100
AcDbCircle
 10
21.010669483520715
 20
55.62974394755327
 30
0.0
 40
0.05
  0
CIRCLE
  5
15D
330
17
100
AcDbEntity
  8
Ptos_reactivos
100
AcDbCircle
 10
49.307533520485705
 20
55.441703552282235
 30
0.0
 40
0.05
  0
CIRCLE
  5
15E
330
17
100
AcDbEntity
  8
Ptos_reactivos
100
AcDbCircle
 10
37.21168407109873
 20
19.589000375313073
 30
0.0
 40
0.05
  0
CIRCLE
  5
15F
330
17
100
AcDbEntity
  8
Ptos_reactivos
100
AcDbCircle
 10
62.83602893951233
 20
56.94429317855384
 30
0.0
 40
0.05
  0
CIRCLE
  5
160
330
17
100
AcDbEntity
  8
Ptos_reactivos
100
AcDbCircle
 10
8.389475975148631
 20
10.458401951829321
 30
0.0
 40
0.05
  0
CIRCLE
  5
161
330
17
100
AcDbEntity
  8
Ptos_reactivos
100
AcDbCircle
 10
30.443512143880127
 20
22.748035204085166
 30
0.0
 40
0.05
  0
CIRCLE
  5
162
330
17
100
AcDbEntity
  8
Ptos_reactivos
100
AcDbCircle
 10
16.34461849968382
 20
63.497752289074555
 30
0.0
 40
0.05
  0
CIRCLE
  5
163
330
17
100
AcDbEntity
  8
Ptos_reactivos
100
AcDbCircle
 10
36.73027853913364
 20
24.03564487366879
 30
0.0
 40
0.05
  0
CIRCLE
  5
164
330
17
100
AcDbEntity
  8
Ptos_reactivos
100
AcDbCircle
 10
64.7858603175587
 20
16.76353781623436
 30
0.0
 40
0.05
  0
CIRCLE
  5
165
330
17
100
AcDbEntity
  8
Ptos_reactivos
100
AcDbCircle
 10
5.307995596381199
 20
56.31514270004863
 30
0.0
 40
0.05
  0
CIRCLE
  5
166
330
17
100
AcDbEntity
  8
Ptos_reactivos
100
AcDbCircle
 10
31.95712130760886
 20
25.424271194809833
 30
0.0
 40
0.05
  0
CIRCLE
  5
167
330
17
100
AcDbEntity
  8
Ptos_reactivos
100
AcDbCircle
 10
34.514902329497076
 20
58.2735718678649
 30
0.0
 40
0.05
  0
CIRCLE
  5
168
330
17
100
AcDbEntity
  8
Ptos_reactivos
100
AcDbCircle
 10
22.204175734593097
 20
24.701210447743982
 30
0.0
 40
0.05
  0
CIRCLE
  5
169
330
17
100
AcDbEntity
  8
Ptos_reactivos
100
AcDbCircle
 10
4.453577392171154
 20
6.322237806113576
 30
0.0
 40
0.05
  0
CIRCLE
  5
16A
330
17
100
AcDbEntity
  8
Ptos_reactivos
100
AcDbCircle
 10
70.073470513457
 20
58.05089856550459
 30
0.0
 40
0.05
  0
CIRCLE
  5
16B
330
17
100
AcDbEntity
  8
Ptos_reactivos
100
AcDbCircle
 10
41.60126442710524
 20
71.02754524643422
 30
0.0
 40
0.05
  0
CIRCLE
  5
16C
330
17
100
AcDbEntity
  8
Ptos_reactivos
100
AcDbCircle
 10
48.360157999596325
 20
15.14777538163391
 30
0.0
 40
0.05
  0
CIRCLE
  5
16D
330
17
100
AcDbEntity
  8
Ptos_reactivos
100
AcDbCircle
 10
7.174548100451752
 20
36.66719229831504
 30
0.0
 40
0.05
  0
CIRCLE
  5
16E
330
17
100
AcDbEntity
  8
Ptos_reactivos
100
AcDbCircle
 10
17.175382869228336
 20
60.61977936609291
 30
0.0
 40
0.05
  0
CIRCLE
  5
16F
330
17
100
AcDbEntity
  8
Ptos_reactivos
100
AcDbCircle
 10
59.91739685989207
 20
35.53340763242235
 30
0.0
 40
0.05
  0
CIRCLE
  5
170
330
17
100
AcDbEntity
  8
Ptos_reactivos
100
AcDbCircle
 10
1.8934582651709386
 20
50.171963558554076
 30
0.0
 40
0.05
  0
CIRCLE
  5
171
330
17
100
AcDbEntity
  8
Ptos_reactivos
100
AcDbCircle
 10
22.39296429454353
 20
35.98816326276151
 30
0.0
 40
0.05
  0
CIRCLE
  5
172
330
17
100
AcDbEntity
  8
Ptos_reactivos
100
AcDbCircle
 10
2.007437946506227
 20
6.2542326015802505
 30
0.0
 40
0.05
  0
CIRCLE
  5
173
330
17
100
AcDbEntity
  8
Ptos_reactivos
100
AcDbCircle
 10
30.834846076477657
 20
44.11289485111672
 30
0.0
 40
0.05
  0
CIRCLE
  5
174
330
17
100
AcDbEntity
  8
Ptos_reactivos
100
AcDbCircle
 10
38.944894605608354
 20
56.816263094422716
 30
0.0
 40
0.05
  0
CIRCLE
  5
175
330
17
100
AcDbEntity
  8
Ptos_reactivos
100
AcDbCircle
 10
53.906491903497425
 20
53.05800483190262
 30
0.0
 40
0.05
  0
CIRCLE
  5
176
330
17
100
AcDbEntity
  8
Ptos_reactivos
100
AcDbCircle
 10
8.020208997888528
 20
28.11651484714142
 30
0.0
 40
0.05
  0
CIRCLE
  5
177
330
17
100
AcDbEntity
  8
Ptos_reactivos
100
AcDbCircle
 10
44.929198764158684
 20
37.5831154584887
 30
0.0
 40
0.05
  0
CIRCLE
  5
178
330
17
100
AcDbEntity
  8
Ptos_reactivos
100
AcDbCircle
 10
61.864034563975395
 20
13.501967092555573
 30
0.0
 40
0.05
  0
CIRCLE
  5
179
330
17
100
AcDbEntity
  8
Ptos_reactivos
100
AcDbCircle
 10
4.709938954137524
 20
34.159335466475596
 30
0.0
 40
0.05
  0
CIRCLE
  5
17A
330
17
100
AcDbEntity
  8
Ptos_reactivos
100
AcDbCircle
 10
27.68731443272749
 20
70.01168024082597
 30
0.0
 40
0.05
  0
CIRCLE
  5
17B
330
17
100
AcDbEntity
  8
Ptos_reactivos
100
AcDbCircle
 10
50.46430278118166
 20
54.8255221552418
 30
0.0
 40
0.05
  0
CIRCLE
  5
17C
330
17
100
AcDbEntity
  8
Ptos_reactivos
100
AcDbCircle
 10
59.03677055415039
 20
12.812537705605443
 30
0.0
 40
0.05
  0
CIRCLE
  5
17D
330
17
100
AcDbEntity
  8
Ptos_reactivos
100
AcDbCircle
 10
20.91945471960321
 20
10.31208591199268
 30
0.0
 40
0.05
  0
CIRCLE
  5
17E
330
17
100
AcDbEntity
  8
Ptos_reactivos
100
AcDbCircle
 10
62.495215077705346
 20
45.239502917693066
 30
0.0
 40
0.05
  0
CIRCLE
  5
17F
330
17
100
AcDbEntity
  8
Ptos_reactivos
100
AcDbCircle
 10
6.935904789666825
 20
13.021760878138908
 30
0.0
 40
0.05
  0
CIRCLE
  5
180
330
17
100
AcDbEntity
  8
Ptos_reactivos
100
AcDbCircle
 10
6.367506823408919
 20
7.841432343778179
 30
0.0
 40
0.05
  0
CIRCLE
  5
181
330
17
100
AcDbEntity
  8
Ptos_reactivos
100
AcDbCircle
 10
72.45549478633842
 20
71.84668693985655
 30
0.0
 40
0.05
  0
CIRCLE
  5
182
330
17
100
AcDbEntity
  8
Ptos_reactivos
100
AcDbCircle
 10
23.965026588236505
 20
24.26652075349858
 30
0.0
 40
0.05
  0
CIRCLE
  5
183
330
17
100
AcDbEntity
  8
Ptos_reactivos
100
AcDbCircle
 10
35.58910994087306
 20
44.690268072105745
 30
0.0
 40
0.05
  0
CIRCLE
  5
184
330
17
100
AcDbEntity
  8
Ptos_reactivos
100
AcDbCircle
 10
71.9388599120904
 20
18.64703156873113
 30
0.0
 40
0.05
  0
CIRCLE
  5
185
330
17
100
AcDbEntity
  8
Ptos_reactivos
100
AcDbCircle
 10
1.8715794480015395
 20
50.35693634752757
 30
0.0
 40
0.05
  0
CIRCLE
  5
186
330
17
100
AcDbEntity
  8
Ptos_reactivos
100
AcDbCircle
 10
40.92340530411206
 20
5.234717826259616
 30
0.0
 40
0.05
  0
CIRCLE
  5
187
330
17
100
AcDbEntity
  8
Ptos_reactivos
100
AcDbCircle
 10
39.84006187605883
 20
55.96206758673521
 30
0.0
 40
0.05
  0
CIRCLE
  5
188
330
17
100
AcDbEntity
  8
Ptos_reactivos
100
AcDbCircle
 10
37.37861900356981
 20
68.66577875735331
 30
0.0
 40
0.05
  0
CIRCLE
  5
189
330
17
100
AcDbEntity
  8
Ptos_reactivos
100
AcDbCircle
 10
5.489239235415974
 20
31.45360267310479
 30
0.0
 40
0.05
  0
CIRCLE
  5
18A
330
17
100
AcDbEntity
  8
Ptos_reactivos
100
AcDbCircle
 10
22.8341427279924
 20
41.21723753288415
 30
0.0
 40
0.05
  0
CIRCLE
  5
18B
330
17
100
AcDbEntity
  8
Ptos_reactivos
100
AcDbCircle
 10
20.03150530595899
 20
39.21692621674884
 30
0.0
 40
0.05
  0
CIRCLE
  5
18C
330
17
100
AcDbEntity
  8
Ptos_reactivos
100
AcDbCircle
 10
63.37339533946068
 20
16.105926779124445
 30
0.0
 40
0.05
  0
CIRCLE
  5
18D
330
17
100
AcDbEntity
  8
Ptos_reactivos
100
AcDbCircle
 10
64.7000428010944
 20
69.35122235632889
 30
0.0
 40
0.05
  0
CIRCLE
  5
18E
330
17
100
AcDbEntity
  8
Ptos_reactivos
100
AcDbCircle
 10
44.360870706949584
 20
40.0151685527221
 30
0.0
 40
0.05
  0
CIRCLE
  5
18F
330
17
100
AcDbEntity
  8
Ptos_reactivos
100
AcDbCircle
 10
47.45649387135188
 20
57.189914131221705
 30
0.0
 40
0.05
  0
CIRCLE
  5
190
330
17
100
AcDbEntity
  8
Ptos_reactivos
100
AcDbCircle
 10
48.80600088650069
 20
5.6617697011981685
 30
0.0
 40
0.05
  0
CIRCLE
  5
191
330
17
100
AcDbEntity
  8
Ptos_reactivos
100
AcDbCircle
 10
50.79579769143113
 20
13.933774703319795
 30
0.0
 40
0.05
  0
CIRCLE
  5
192
330
17
100
AcDbEntity
  8
Ptos_reactivos
100
AcDbCircle
 10
52.90597968518552
 20
61.77072389763714
 30
0.0
 40
0.05
  0
CIRCLE
  5
193
330
17
100
AcDbEntity
  8
Ptos_reactivos
100
AcDbCircle
 10
19.34694496587424
 20
40.21296552203067
 30
0.0
 40
0.05
  0
CIRCLE
  5
194
330
17
100
AcDbEntity
  8
Ptos_reactivos
100
AcDbCircle
 10
7.76773631457223
 20
62.058816052077404
 30
0.0
 40
0.05
  0
CIRCLE
  5
195
330
17
100
AcDbEntity
  8
Ptos_reactivos
100
AcDbCircle
 10
11.073726778694217
 20
9.968673533718603
 30
0.0
 40
0.05
  0
CIRCLE
  5
196
330
17
100
AcDbEntity
  8
Ptos_reactivos
100
AcDbCircle
 10
13.02074018534031
 20
6.526374599348212
 30
0.0
 40
0.05
  0
CIRCLE
  5
197
330
17
100
AcDbEntity
  8
Ptos_reactivos
100
AcDbCircle
 10
2.9312715907041347
 20
11.515707264510281
 30
0.0
 40
0.05
  0
CIRCLE
  5
198
330
17
100
AcDbEntity
  8
Ptos_reactivos
100
AcDbCircle
 10
41.04753646653328
 20
11.7318549899653
 30
0.0
 40
0.05
  0
CIRCLE
  5
199
330
17
100
AcDbEntity
  8
Ptos_reactivos
100
AcDbCircle
 10
28.749823473781714
 20
58.72284957046196
 30
0.0
 40
0.05
  0
CIRCLE
  5
19A
330
17
100
AcDbEntity
  8
Ptos_reactivos
100
AcDbCircle
 10
51.711818136194175
 20
53.84499487172827
 30
0.0
 40
0.05
  0
CIRCLE
  5
19B
330
17
100
AcDbEntity
  8
Ptos_reactivos
100
AcDbCircle
 10
8.290961399087509
 20
49.61921090196366
 30
0.0
 40
0.05
  0
CIRCLE
  5
19C
330
17
100
AcDbEntity
  8
Ptos_reactivos
100
AcDbCircle
 10
72.56273681841279
 20
68.44915093813988
 30
0.0
 40
0.05
  0
CIRCLE
  5
19D
330
17
100
AcDbEntity
  8
Ptos_reactivos
100
AcDbCircle
 10
3.2279426739616146
 20
35.221584452315035
 30
0.0
 40
0.05
  0
CIRCLE
  5
19E
330
17
100
AcDbEntity
  8
Ptos_reactivos
100
AcDbCircle
 10
72.25937696413308
 20
33.741745428650184
 30
0.0
 40
0.05
  0
CIRCLE
  5
19F
330
17
100
AcDbEntity
  8
Ptos_reactivos
100
AcDbCircle
 10
25.159536673813435
 20
32.33817636051144
 30
0.0
 40
0.05
  0
CIRCLE
  5
1A0
330
17
100
AcDbEntity
  8
Ptos_reactivos
100
AcDbCircle
 10
8.60042361479053
 20
11.164620140801915
 30
0.0
 40
0.05
  0
CIRCLE
  5
1A1
330
17
100
AcDbEntity
  8
Ptos_reactivos
100
AcDbCircle
 10
25.11503223077543
 20
25.57667486399019
 30
0.0
 40
0.05
  0
CIRCLE
  5
1A2
330
17
100
AcDbEntity
  8
Ptos_reactivos
100
AcDbCircle
 10
36.465794575492474
 20
38.308275137549
 30
0.0
 40
0.05
  0
CIRCLE
  5
1A3
330
17
100
AcDbEntity
  8
Ptos_reactivos
100
AcDbCircle
 10
22.22239992005229
 20
10.262352789151292
 30
0.0
 40
0.05
  0
CIRCLE
  5
1A4
330
17
100
AcDbEntity
  8
Ptos_reactivos
100
AcDbCircle
 10
53.983916690078146
 20
19.891878029492634
 30
0.0
 40
0.05
  0
CIRCLE
  5
1A5
330
17
100
AcDbEntity
  8
Ptos_reactivos
100
AcDbCircle
 10
68.3034776892098
 20
23.880429110978042
 30
0.0
 40
0.05
  0
CIRCLE
  5
1A6
330
17
100
AcDbEntity
  8
Ptos_reactivos
100
AcDbCircle
 10
4.771892947506343
 20
67.57888175656636
 30
0.0
 40
0.05
  0
CIRCLE
  5
1A7
330
17
100
AcDbEntity
  8
Ptos_reactivos
100
AcDbCircle
 10
50.69870456245941
 20
37.25642031032815
 30
0.0
 40
0.05
  0
CIRCLE
  5
1A8
330
17
100
AcDbEntity
  8
Ptos_reactivos
100
AcDbCircle
 10
19.16821273963185
 20
28.216932783288964
 30
0.0
 40
0.05
  0
CIRCLE
  5
1A9
330
17
100
AcDbEntity
  8
Ptos_reactivos
100
AcDbCircle
 10
3.595399269562907
 20
33.02779288753202
 30
0.0
 40
0.05
  0
CIRCLE
  5
1AA
330
17
100
AcDbEntity
  8
Ptos_reactivos
100
AcDbCircle
 10
30.357572841235648
 20
59.327239085118094
 30
0.0
 40
0.05
  0
CIRCLE
  5
1AB
330
17
100
AcDbEntity
  8
Ptos_reactivos
100
AcDbCircle
 10
46.76583447572348
 20
35.3749467211947
 30
0.0
 40
0.05
  0
CIRCLE
  5
1AC
330
17
100
AcDbEntity
  8
Ptos_reactivos
100
AcDbCircle
 10
29.805884541439085
 20
4.808591908506749
 30
0.0
 40
0.05
  0
CIRCLE
  5
1AD
330
17
100
AcDbEntity
  8
Ptos_reactivos
100
AcDbCircle
 10
35.04220879416079
 20
43.82441958871795
 30
0.0
 40
0.05
  0
CIRCLE
  5
1AE
330
17
100
AcDbEntity
  8
Ptos_reactivos
100
AcDbCircle
 10
21.20622105669718
 20
3.73912543222886
 30
0.0
 40
0.05
  0
CIRCLE
  5
1AF
330
17
100
AcDbEntity
  8
Ptos_reactivos
100
AcDbCircle
 10
21.459336173238285
 20
16.322617059430584
 30
0.0
 40
0.05
  0
CIRCLE
  5
1B0
330
17
100
AcDbEntity
  8
Ptos_reactivos
100
AcDbCircle
 10
23.953666313311157
 20
16.946485056136172
 30
0.0
 40
0.05
  0
CIRCLE
  5
1B1
330
17
100
AcDbEntity
  8
Ptos_reactivos
100
AcDbCircle
 10
2.851243850340812
 20
13.601786368560933
 30
0.0
 40
0.05
  0
CIRCLE
  5
1B2
330
17
100
AcDbEntity
  8
Ptos_reactivos
100
AcDbCircle
 10
62.34441721527594
 20
3.9457062495284747
 30
0.0
 40
0.05
  0
CIRCLE
  5
1B3
330
17
100
AcDbEntity
  8
Ptos_reactivos
100
AcDbCircle
 10
48.215119494194575
 20
8.984469657114818
 30
0.0
 40
0.05
  0
CIRCLE
  5
1B4
330
17
100
AcDbEntity
  8
Ptos_reactivos
100
AcDbCircle
 10
50.9098664760688
 20
7.928419529363179
 30
0.0
 40
0.05
  0
CIRCLE
  5
1B5
330
17
100
AcDbEntity
  8
Ptos_reactivos
100
AcDbCircle
 10
20.634004206736943
 20
64.13159125461351
 30
0.0
 40
0.05
  0
CIRCLE
  5
1B6
330
17
100
AcDbEntity
  8
Ptos_reactivos
100
AcDbCircle
 10
54.234619489163734
 20
40.83907667896342
 30
0.0
 40
0.05
  0
CIRCLE
  5
1B7
330
17
100
AcDbEntity
  8
Ptos_reactivos
100
AcDbCircle
 10
39.86131370475515
 20
57.205298236555244
 30
0.0
 40
0.05
  0
CIRCLE
  5
1B8
330
17
100
AcDbEntity
  8
Ptos_reactivos
100
AcDbCircle
 10
53.635235987725785
 20
62.93748889783365
 30
0.0
 40
0.05
  0
CIRCLE
  5
1B9
330
17
100
AcDbEntity
  8
Ptos_reactivos
100
AcDbCircle
 10
34.0935579507584
 20
69.30605937000612
 30
0.0
 40
0.05
  0
CIRCLE
  5
1BA
330
17
100
AcDbEntity
  8
Ptos_reactivos
100
AcDbCircle
 10
33.81450596742392
 20
2.8995580046059706
 30
0.0
 40
0.05
  0
CIRCLE
  5
1BB
330
17
100
AcDbEntity
  8
Ptos_reactivos
100
AcDbCircle
 10
49.25949635475491
 20
58.78709750608591
 30
0.0
 40
0.05
  0
CIRCLE
  5
1BC
330
17
100
AcDbEntity
  8
Ptos_reactivos
100
AcDbCircle
 10
28.47387229256014
 20
43.88328265771622
 30
0.0
 40
0.05
  0
CIRCLE
  5
1BD
330
17
100
AcDbEntity
  8
Ptos_reactivos
100
AcDbCircle
 10
33.34977608364042
 20
43.89064454392152
 30
0.0
 40
0.05
  0
CIRCLE
  5
1BE
330
17
100
AcDbEntity
  8
Ptos_reactivos
100
AcDbCircle
 10
62.2638265022456
 20
21.796437698914485
 30
0.0
 40
0.05
  0
CIRCLE
  5
1BF
330
17
100
AcDbEntity
  8
Ptos_reactivos
100
AcDbCircle
 10
7.310767277891925
 20
34.93649177674173
 30
0.0
 40
0.05
  0
CIRCLE
  5
1C0
330
17
100
AcDbEntity
  8
Ptos_reactivos
100
AcDbCircle
 10
10.840028499778684
 20
18.688708931720903
 30
0.0
 40
0.05
  0
CIRCLE
  5
1C1
330
17
100
AcDbEntity
  8
Ptos_reactivos
100
AcDbCircle
 10
67.15349184724207
 20
71.56504777499819
 30
0.0
 40
0.05
  0
CIRCLE
  5
1C2
330
17
100
AcDbEntity
  8
Ptos_reactivos
100
AcDbCircle
 10
61.09061077591834
 20
26.530353635571792
 30
0.0
 40
0.05
  0
CIRCLE
  5
1C3
330
17
100
AcDbEntity
  8
Ptos_reactivos
100
AcDbCircle
 10
31.675170343206165
 20
54.17003337264709
 30
0.0
 40
0.05
  0
CIRCLE
  5
1C4
330
17
100
AcDbEntity
  8
Ptos_reactivos
100
AcDbCircle
 10
22.245717001228847
 20
17.004255554116963
 30
0.0
 40
0.05
  0
CIRCLE
  5
1C5
330
17
100
AcDbEntity
  8
Ptos_reactivos
100
AcDbCircle
 10
48.905863211478675
 20
15.05756947181779
 30
0.0
 40
0.05
  0
CIRCLE
  5
1C6
330
17
100
AcDbEntity
  8
Ptos_reactivos
100
AcDbCircle
 10
10.334189790099991
 20
36.29168315489953
 30
0.0
 40
0.05
  0
CIRCLE
  5
1C7
330
17
100
AcDbEntity
  8
Ptos_reactivos
100
AcDbCircle
 10
4.318559882985759
 20
34.37119515557189
 30
0.0
 40
0.05
  0
CIRCLE
  5
1C8
330
17
100
AcDbEntity
  8
Ptos_reactivos
100
AcDbCircle
 10
22.269468351367312
 20
34.96701139600216
 30
0.0
 40
0.05
  0
CIRCLE
  5
1C9
330
17
100
AcDbEntity
  8
Ptos_reactivos
100
AcDbCircle
 10
67.3512135078606
 20
55.1993324996904
 30
0.0
 40
0.05
  0
CIRCLE
  5
1CA
330
17
100
AcDbEntity
  8
Ptos_reactivos
100
AcDbCircle
 10
74.20722680699579
 20
18.87530346130489
 30
0.0
 40
0.05
  0
CIRCLE
  5
1CB
330
17
100
AcDbEntity
  8
Ptos_reactivos
100
AcDbCircle
 10
57.54256978481903
 20
4.392659582886605
 30
0.0
 40
0.05
  0
CIRCLE
  5
1CC
330
17
100
AcDbEntity
  8
Ptos_reactivos
100
AcDbCircle
 10
14.830958580570943
 20
62.49627606619704
 30
0.0
 40
0.05
  0
CIRCLE
  5
1CD
330
17
100
AcDbEntity
  8
Ptos_reactivos
100
AcDbCircle
 10
17.607254160476895
 20
26.971004278174306
 30
0.0
 40
0.05
  0
CIRCLE
  5
1CE
330
17
100
AcDbEntity
  8
Ptos_reactivos
100
AcDbCircle
 10
69.15163104274804
 20
70.67346679563595
 30
0.0
 40
0.05
  0
CIRCLE
  5
1CF
330
17
100
AcDbEntity
  8
Ptos_reactivos
100
AcDbCircle
 10
46.1737156417951
 20
43.877642518098625
 30
0.0
 40
0.05
  0
CIRCLE
  5
1D0
330
17
100
AcDbEntity
  8
Ptos_reactivos
100
AcDbCircle
 10
9.159255770681934
 20
11.180569780179964
 30
0.0
 40
0.05
  0
CIRCLE
  5
1D1
330
17
100
AcDbEntity
  8
Ptos_reactivos
100
AcDbCircle
 10
7.722253937944734
 20
26.15114902536315
 30
0.0
 40
0.05
  0
CIRCLE
  5
1D2
330
17
100
AcDbEntity
  8
Ptos_reactivos
100
AcDbCircle
 10
24.44226765366501
 20
1.3515076110693776
 30
0.0
 40
0.05
  0
CIRCLE
  5
1D3
330
17
100
AcDbEntity
  8
Ptos_reactivos
100
AcDbCircle
 10
23.261337504285702
 20
37.46001391823527
 30
0.0
 40
0.05
  0
CIRCLE
  5
1D4
330
17
100
AcDbEntity
  8
Ptos_reactivos
100
AcDbCircle
 10
63.0201749901914
 20
45.43868861566722
 30
0.0
 40
0.05
  0
CIRCLE
  5
1D5
330
17
100
AcDbEntity
  8
Ptos_reactivos
100
AcDbCircle
 10
19.72919925984959
 20
37.682917341646665
 30
0.0
 40
0.05
  0
CIRCLE
  5
1D6
330
17
100
AcDbEntity
  8
Ptos_reactivos
100
AcDbCircle
 10
57.36442522777541
 20
50.487959239644496
 30
0.0
 40
0.05
  0
CIRCLE
  5
1D7
330
17
100
AcDbEntity
  8
Ptos_reactivos
100
AcDbCircle
 10
31.608631967974887
 20
23.196957852617597
 30
0.0
 40
0.05
  0
CIRCLE
  5
1D8
330
17
100
AcDbEntity
  8
Ptos_reactivos
100
AcDbCircle
 10
20.322779656642652
 20
50.86751515360053
 30
0.0
 40
0.05
  0
CIRCLE
  5
1D9
330
17
100
AcDbEntity
  8
Ptos_reactivos
100
AcDbCircle
 10
62.58091314446178
 20
52.448095186572516
 30
0.0
 40
0.05
  0
CIRCLE
  5
1DA
330
17
100
AcDbEntity
  8
Ptos_reactivos
100
AcDbCircle
 10
33.9899072456791
 20
31.367079571697513
 30
0.0
 40
0.05
  0
CIRCLE
  5
1DB
330
17
100
AcDbEntity
  8
Ptos_reactivos
100
AcDbCircle
 10
9.89433765165174
 20
31.725028327355872
 30
0.0
 40
0.05
  0
CIRCLE
  5
1DC
330
17
100
AcDbEntity
  8
Ptos_reactivos
100
AcDbCircle
 10
5.3794729097749325
 20
5.452207659499359
 30
0.0
 40
0.05
  0
CIRCLE
  5
1DD
330
17
100
AcDbEntity
  8
Ptos_reactivos
100
AcDbCircle
 10
24.065252503686533
 20
42.50309384504658
 30
0.0
 40
0.05
  0
CIRCLE
  5
1DE
330
17
100
AcDbEntity
  8
Ptos_reactivos
100
AcDbCircle
 10
71.90289656016517
 20
23.70709441742371
 30
0.0
 40
0.05
  0
CIRCLE
  5
1DF
330
17
100
AcDbEntity
  8
Ptos_reactivos
100
AcDbCircle
 10
25.381164021653134
 20
7.0988988655327185
 30
0.0
 40
0.05
  0
CIRCLE
  5
1E0
330
17
100
AcDbEntity
  8
Ptos_reactivos
100
AcDbCircle
 10
16.036934354136136
 20
50.881651631057984
 30
0.0
 40
0.05
  0
CIRCLE
  5
1E1
330
17
100
AcDbEntity
  8
Ptos_reactivos
100
AcDbCircle
 10
50.10172166474242
 20
19.95582340663158
 30
0.0
 40
0.05
  0
CIRCLE
  5
1E2
330
17
100
AcDbEntity
  8
Ptos_reactivos
100
AcDbCircle
 10
49.3051668873979
 20
27.549221351753808
 30
0.0
 40
0.05
  0
CIRCLE
  5
1E3
330
17
100
AcDbEntity
  8
Ptos_reactivos
100
AcDbCircle
 10
60.00595752029172
 20
42.77496316051376
 30
0.0
 40
0.05
  0
CIRCLE
  5
1E4
330
17
100
AcDbEntity
  8
Ptos_reactivos
100
AcDbCircle
 10
4.889971290222231
 20
33.89527025799817
 30
0.0
 40
0.05
  0
CIRCLE
  5
1E5
330
17
100
AcDbEntity
  8
Ptos_reactivos
100
AcDbCircle
 10
26.787994377798523
 20
56.413730930948894
 30
0.0
 40
0.05
  0
CIRCLE
  5
1E6
330
17
100
AcDbEntity
  8
Ptos_reactivos
100
AcDbCircle
 10
5.333097785293312
 20
67.82320020132875
 30
0.0
 40
0.05
  0
CIRCLE
  5
1E7
330
17
100
AcDbEntity
  8
Ptos_reactivos
100
AcDbCircle
 10
41.21991125802547
 20
53.59929521035121
 30
0.0
 40
0.05
  0
CIRCLE
  5
1E8
330
17
100
AcDbEntity
  8
Ptos_reactivos
100
AcDbCircle
 10
55.50473511858939
 20
72.28379311208244
 30
0.0
 40
0.05
  0
CIRCLE
  5
1E9
330
17
100
AcDbEntity
  8
Ptos_reactivos
100
AcDbCircle
 10
25.77084066669559
 20
15.8220266200387
 30
0.0
 40
0.05
  0
CIRCLE
  5
1EA
330
17
100
AcDbEntity
  8
Ptos_reactivos
100
AcDbCircle
 10
38.28726262343396
 20
10.370473702459183
 30
0.0
 40
0.05
  0
CIRCLE
  5
1EB
330
17
100
AcDbEntity
  8
Ptos_reactivos
100
AcDbCircle
 10
53.33358405495064
 20
31.15068142082639
 30
0.0
 40
0.05
  0
CIRCLE
  5
1EC
330
17
100
AcDbEntity
  8
Ptos_reactivos
100
AcDbCircle
 10
6.407419530691794
 20
31.553133384590407
 30
0.0
 40
0.05
  0
CIRCLE
  5
1ED
330
17
100
AcDbEntity
  8
Ptos_reactivos
100
AcDbCircle
 10
39.992071973569615
 20
21.995576071515682
 30
0.0
 40
0.05
  0
CIRCLE
  5
1EE
330
17
100
AcDbEntity
  8
Ptos_reactivos
100
AcDbCircle
 10
64.11276011059577
 20
15.017615298552384
 30
0.0
 40
0.05
  0
CIRCLE
  5
1EF
330
17
100
AcDbEntity
  8
Ptos_reactivos
100
AcDbCircle
 10
53.49214701159713
 20
54.39688868005432
 30
0.0
 40
0.05
  0
CIRCLE
  5
1F0
330
17
100
AcDbEntity
  8
Ptos_reactivos
100
AcDbCircle
 10
47.12673729626478
 20
36.32514797215656
 30
0.0
 40
0.05
  0
CIRCLE
  5
1F1
330
17
100
AcDbEntity
  8
Ptos_reactivos
100
AcDbCircle
 10
44.682692721277505
 20
14.389582183252822
 30
0.0
 40
0.05
  0
CIRCLE
  5
1F2
330
17
100
AcDbEntity
  8
Ptos_reactivos
100
AcDbCircle
 10
12.804082582907327
 20
8.649316244568872
 30
0.0
 40
0.05
  0
CIRCLE
  5
1F3
330
17
100
AcDbEntity
  8
Ptos_reactivos
100
AcDbCircle
 10
9.755924996067025
 20
24.949995368187633
 30
0.0
 40
0.05
  0
CIRCLE
  5
1F4
330
17
100
AcDbEntity
  8
Ptos_reactivos
100
AcDbCircle
 10
22.003418043553644
 20
31.1744708978997
 30
0.0
 40
0.05
  0
CIRCLE
  5
1F5
330
17
100
AcDbEntity
  8
Ptos_reactivos
100
AcDbCircle
 10
33.31806522429981
 20
56.64462219024168
 30
0.0
 40
0.05
  0
CIRCLE
  5
1F6
330
17
100
AcDbEntity
  8
Ptos_reactivos
100
AcDbCircle
 10
26.02300628516181
 20
55.40860015249209
 30
0.0
 40
0.05
  0
CIRCLE
  5
1F7
330
17
100
AcDbEntity
  8
Ptos_reactivos
100
AcDbCircle
 10
9.076622591965048
 20
50.929441281381116
 30
0.0
 40
0.05
  0
CIRCLE
  5
1F8
330
17
100
AcDbEntity
  8
Ptos_reactivos
100
AcDbCircle
 10
14.136493640392612
 20
13.182686949235656
 30
0.0
 40
0.05
  0
CIRCLE
  5
1F9
330
17
100
AcDbEntity
  8
Ptos_reactivos
100
AcDbCircle
 10
12.44460487340739
 20
2.2478886094217776
 30
0.0
 40
0.05
  0
CIRCLE
  5
1FA
330
17
100
AcDbEntity
  8
Ptos_reactivos
100
AcDbCircle
 10
27.893306286585222
 20
70.37228597492381
 30
0.0
 40
0.05
  0
CIRCLE
  5
1FB
330
17
100
AcDbEntity
  8
Ptos_reactivos
100
AcDbCircle
 10
70.02890625617857
 20
64.77173662630592
 30
0.0
 40
0.05
  0
CIRCLE
  5
1FC
330
17
100
AcDbEntity
  8
Ptos_reactivos
100
AcDbCircle
 10
73.88099350507274
 20
42.158195680810806
 30
0.0
 40
0.05
  0
CIRCLE
  5
1FD
330
17
100
AcDbEntity
  8
Ptos_reactivos
100
AcDbCircle
 10
41.31216723451149
 20
37.59288933575914
 30
0.0
 40
0.05
  0
CIRCLE
  5
1FE
330
17
100
AcDbEntity
  8
Ptos_reactivos
100
AcDbCircle
 10
35.60145328116269
 20
55.696483156056544
 30
0.0
 40
0.05
  0
CIRCLE
  5
1FF
330
17
100
AcDbEntity
  8
Ptos_reactivos
100
AcDbCircle
 10
63.014709444545524
 20
57.16123755564094
 30
0.0
 40
0.05
  0
CIRCLE
  5
200
330
17
100
AcDbEntity
  8
Ptos_reactivos
100
AcDbCircle
 10
11.212974208520274
 20
10.40183950961705
 30
0.0
 40
0.05
  0
CIRCLE
  5
201
330
17
100
AcDbEntity
  8
Ptos_reactivos
100
AcDbCircle
 10
66.67263234187674
 20
59.935326294944716
 30
0.0
 40
0.05
  0
CIRCLE
  5
202
330
17
100
AcDbEntity
  8
Ptos_reactivos
100
AcDbCircle
 10
34.28300898607738
 20
22.734782501540966
 30
0.0
 40
0.05
  0
CIRCLE
  5
203
330
17
100
AcDbEntity
  8
Ptos_reactivos
100
AcDbCircle
 10
8.321336738558028
 20
30.35209630899019
 30
0.0
 40
0.05
  0
CIRCLE
  5
204
330
17
100
AcDbEntity
  8
Ptos_reactivos
100
AcDbCircle
 10
51.49814545792608
 20
3.533354479338205
 30
0.0
 40
0.05
  0
CIRCLE
  5
205
330
17
100
AcDbEntity
  8
Ptos_reactivos
100
AcDbCircle
 10
9.83441693441492
 20
68.4011585779576
 30
0.0
 40
0.05
  0
CIRCLE
  5
206
330
17
100
AcDbEntity
  8
Ptos_reactivos
100
AcDbCircle
 10
24.196898792384832
 20
33.616046249850974
 30
0.0
 40
0.05
  0
CIRCLE
  5
207
330
17
100
AcDbEntity
  8
Ptos_reactivos
100
AcDbCircle
 10
7.00920392536942
 20
54.571514266871205
 30
0.0
 40
0.05
  0
CIRCLE
  5
208
330
17
100
AcDbEntity
  8
Ptos_reactivos
100
AcDbCircle
 10
50.15239680349436
 20
37.40895747496901
 30
0.0
 40
0.05
  0
CIRCLE
  5
209
330
17
100
AcDbEntity
  8
Ptos_reactivos
100
AcDbCircle
 10
53.46050473707458
 20
43.270295543747956
 30
0.0
 40
0.05
  0
CIRCLE
  5
20A
330
17
100
AcDbEntity
  8
Ptos_reactivos
100
AcDbCircle
 10
60.44492294250333
 20
57.357888690044405
 30
0.0
 40
0.05
  0
CIRCLE
  5
20B
330
17
100
AcDbEntity
  8
Ptos_reactivos
100
AcDbCircle
 10
68.63497599259352
 20
58.53472309388073
 30
0.0
 40
0.05
  0
CIRCLE
  5
20C
330
17
100
AcDbEntity
  8
Ptos_reactivos
100
AcDbCircle
 10
17.79656508368961
 20
44.421000051613326
 30
0.0
 40
0.05
  0
CIRCLE
  5
20D
330
17
100
AcDbEntity
  8
Ptos_reactivos
100
AcDbCircle
 10
71.63194241068561
 20
42.42525991296972
 30
0.0
 40
0.05
  0
CIRCLE
  5
20E
330
17
100
AcDbEntity
  8
Ptos_reactivos
100
AcDbCircle
 10
46.97449422785367
 20
34.79367579643772
 30
0.0
 40
0.05
  0
CIRCLE
  5
20F
330
17
100
AcDbEntity
  8
Ptos_reactivos
100
AcDbCircle
 10
10.785570028019647
 20
11.485927686870815
 30
0.0
 40
0.05
  0
CIRCLE
  5
210
330
17
100
AcDbEntity
  8
Ptos_reactivos
100
AcDbCircle
 10
34.2810587163952
 20
58.49274376882224
 30
0.0
 40
0.05
  0
CIRCLE
  5
211
330
17
100
AcDbEntity
  8
Ptos_reactivos
100
AcDbCircle
 10
70.77620575103677
 20
21.26130918704792
 30
0.0
 40
0.05
  0
CIRCLE
  5
212
330
17
100
AcDbEntity
  8
Ptos_reactivos
100
AcDbCircle
 10
35.36622679802868
 20
52.10685570682294
 30
0.0
 40
0.05
  0
CIRCLE
  5
213
330
17
100
AcDbEntity
  8
Ptos_reactivos
100
AcDbCircle
 10
21.458366466070018
 20
51.71653132065741
 30
0.0
 40
0.05
  0
CIRCLE
  5
214
330
17
100
AcDbEntity
  8
Ptos_reactivos
100
AcDbCircle
 10
73.29951550861968
 20
42.66370521152007
 30
0.0
 40
0.05
  0
CIRCLE
  5
215
330
17
100
AcDbEntity
  8
Ptos_reactivos
100
AcDbCircle
 10
41.67254538062025
 20
33.294598189514204
 30
0.0
 40
0.05
  0
CIRCLE
  5
216
330
17
100
AcDbEntity
  8
Ptos_reactivos
100
AcDbCircle
 10
16.526868935119012
 20
42.94075197461241
 30
0.0
 40
0.05
  0
CIRCLE
  5
217
330
17
100
AcDbEntity
  8
Ptos_reactivos
100
AcDbCircle
 10
33.702172247341494
 20
52.51420261677928
 30
0.0
 40
0.05
  0
CIRCLE
  5
218
330
17
100
AcDbEntity
  8
Ptos_reactivos
100
AcDbCircle
 10
23.072912747863818
 20
3.400473876669613
 30
0.0
 40
0.05
  0
CIRCLE
  5
219
330
17
100
AcDbEntity
  8
Ptos_reactivos
100
AcDbCircle
 10
27.542754192012985
 20
14.739981307127675
 30
0.0
 40
0.05
  0
CIRCLE
  5
21A
330
17
100
AcDbEntity
  8
Ptos_reactivos
100
AcDbCircle
 10
38.85875221504344
 20
11.932618130101128
 30
0.0
 40
0.05
  0
CIRCLE
  5
21B
330
17
100
AcDbEntity
  8
Ptos_reactivos
100
AcDbCircle
 10
37.24983795902911
 20
26.34890830317006
 30
0.0
 40
0.05
  0
CIRCLE
  5
21C
330
17
100
AcDbEntity
  8
Ptos_reactivos
100
AcDbCircle
 10
39.634551182492224
 20
66.49208280032069
 30
0.0
 40
0.05
  0
CIRCLE
  5
21D
330
17
100
AcDbEntity
  8
Ptos_reactivos
100
AcDbCircle
 10
56.38016526053998
 20
38.64858984685051
 30
0.0
 40
0.05
  0
CIRCLE
  5
21E
330
17
100
AcDbEntity
  8
Ptos_reactivos
100
AcDbCircle
 10
69.68518659885324
 20
27.250757354421413
 30
0.0
 40
0.05
  0
CIRCLE
  5
21F
330
17
100
AcDbEntity
  8
Ptos_reactivos
100
AcDbCircle
 10
63.12105780487509
 20
35.69275215368152
 30
0.0
 40
0.05
  0
CIRCLE
  5
220
330
17
100
AcDbEntity
  8
Ptos_reactivos
100
AcDbCircle
 10
20.732224563009133
 20
54.29454657248832
 30
0.0
 40
0.05
  0
CIRCLE
  5
221
330
17
100
AcDbEntity
  8
Ptos_reactivos
100
AcDbCircle
 10
43.46755341939129
 20
49.715627714651916
 30
0.0
 40
0.05
  0
CIRCLE
  5
222
330
17
100
AcDbEntity
  8
Ptos_reactivos
100
AcDbCircle
 10
6.347395099900235
 20
18.740575197948363
 30
0.0
 40
0.05
  0
CIRCLE
  5
223
330
17
100
AcDbEntity
  8
Ptos_reactivos
100
AcDbCircle
 10
26.601316179700387
 20
70.31576259149395
 30
0.0
 40
0.05
  0
CIRCLE
  5
224
330
17
100
AcDbEntity
  8
Ptos_reactivos
100
AcDbCircle
 10
14.323639678323802
 20
56.867556983049816
 30
0.0
 40
0.05
  0
CIRCLE
  5
225
330
17
100
AcDbEntity
  8
Ptos_reactivos
100
AcDbCircle
 10
35.10587989511655
 20
61.08369965467672
 30
0.0
 40
0.05
  0
CIRCLE
  5
226
330
17
100
AcDbEntity
  8
Ptos_reactivos
100
AcDbCircle
 10
25.232123164092823
 20
55.91973365100137
 30
0.0
 40
0.05
  0
CIRCLE
  5
227
330
17
100
AcDbEntity
  8
Ptos_reactivos
100
AcDbCircle
 10
2.3908051591878006
 20
68.18663245629406
 30
0.0
 40
0.05
  0
CIRCLE
  5
228
330
17
100
AcDbEntity
  8
Ptos_reactivos
100
AcDbCircle
 10
15.326352727341893
 20
62.38814608006816
 30
0.0
 40
0.05
  0
CIRCLE
  5
229
330
17
100
AcDbEntity
  8
Ptos_reactivos
100
AcDbCircle
 10
37.788424368667705
 20
70.10008145269526
 30
0.0
 40
0.05
  0
CIRCLE
  5
22A
330
17
100
AcDbEntity
  8
Ptos_reactivos
100
AcDbCircle
 10
15.553449510667312
 20
63.93288737755433
 30
0.0
 40
0.05
  0
CIRCLE
  5
22B
330
17
100
AcDbEntity
  8
Ptos_reactivos
100
AcDbCircle
 10
49.408404870240375
 20
51.39268300012675
 30
0.0
 40
0.05
  0
CIRCLE
  5
22C
330
17
100
AcDbEntity
  8
Ptos_reactivos
100
AcDbCircle
 10
49.073932719005924
 20
44.46865628012113
 30
0.0
 40
0.05
  0
CIRCLE
  5
22D
330
17
100
AcDbEntity
  8
Ptos_reactivos
100
AcDbCircle
 10
67.90033990650711
 20
8.786842483001125
 30
0.0
 40
0.05
  0
CIRCLE
  5
22E
330
17
100
AcDbEntity
  8
Ptos_reactivos
100
AcDbCircle
 10
18.740447213391263
 20
11.078421241694691
 30
0.0
 40
0.05
  0
CIRCLE
  5
22F
330
17
100
AcDbEntity
  8
Ptos_reactivos
100
AcDbCircle
 10
27.130014897320663
 20
20.767177596764927
 30
0.0
 40
0.05
  0
CIRCLE
  5
230
330
17
100
AcDbEntity
  8
Ptos_reactivos
100
AcDbCircle
 10
8.327710400120509
 20
67.56892567620149
 30
0.0
 40
0.05
  0
CIRCLE
  5
231
330
17
100
AcDbEntity
  8
Ptos_reactivos
100
AcDbCircle
 10
11.140073483032523
 20
49.737651043468134
 30
0.0
 40
0.05
  0
CIRCLE
  5
232
330
17
100
AcDbEntity
  8
Ptos_reactivos
100
AcDbCircle
 10
41.08551138032513
 20
35.97460248849493
 30
0.0
 40
0.05
  0
CIRCLE
  5
233
330
17
100
AcDbEntity
  8
Ptos_reactivos
100
AcDbCircle
 10
6.885392156955608
 20
64.7019586278856
 30
0.0
 40
0.05
  0
CIRCLE
  5
234
330
17
100
AcDbEntity
  8
Ptos_reactivos
100
AcDbCircle
 10
43.629229667746614
 20
40.3168348876197
 30
0.0
 40
0.05
  0
CIRCLE
  5
235
330
17
100
AcDbEntity
  8
Ptos_reactivos
100
AcDbCircle
 10
17.793247055156275
 20
66.24888707742335
 30
0.0
 40
0.05
  0
CIRCLE
  5
236
330
17
100
AcDbEntity
  8
Ptos_reactivos
100
AcDbCircle
 10
13.606493483840614
 20
43.97963550219608
 30
0.0
 40
0.05
  0
CIRCLE
  5
237
330
17
100
AcDbEntity
  8
Ptos_reactivos
100
AcDbCircle
 10
10.44167947468176
 20
52.63196722442792
 30
0.0
 40
0.05
  0
CIRCLE
  5
238
330
17
100
AcDbEntity
  8
Ptos_reactivos
100
AcDbCircle
 10
58.047783469981844
 20
12.080178346426337
 30
0.0
 40
0.05
  0
CIRCLE
  5
239
330
17
100
AcDbEntity
  8
Ptos_reactivos
100
AcDbCircle
 10
27.1519425596849
 20
44.78299374477424
 30
0.0
 40
0.05
  0
CIRCLE
  5
23A
330
17
100
AcDbEntity
  8
Ptos_reactivos
100
AcDbCircle
 10
41.445760556913264
 20
7.748810582386678
 30
0.0
 40
0.05
  0
CIRCLE
  5
23B
330
17
100
AcDbEntity
  8
Ptos_reactivos
100
AcDbCircle
 10
66.2801940606576
 20
30.174583341691285
 30
0.0
 40
0.05
  0
CIRCLE
  5
23C
330
17
100
AcDbEntity
  8
Ptos_reactivos
100
AcDbCircle
 10
24.1524813817439
 20
57.32970651061076
 30
0.0
 40
0.05
  0
CIRCLE
  5
23D
330
17
100
AcDbEntity
  8
Ptos_reactivos
100
AcDbCircle
 10
65.93585753053367
 20
26.87980179544378
 30
0.0
 40
0.05
  0
CIRCLE
  5
23E
330
17
100
AcDbEntity
  8
Ptos_reactivos
100
AcDbCircle
 10
38.57084243419622
 20
11.702839376459403
 30
0.0
 40
0.05
  0
CIRCLE
  5
23F
330
17
100
AcDbEntity
  8
Ptos_reactivos
100
AcDbCircle
 10
38.88376683960254
 20
26.72181730209907
 30
0.0
 40
0.05
  0
CIRCLE
  5
240
330
17
100
AcDbEntity
  8
Ptos_reactivos
100
AcDbCircle
 10
11.337236414033164
 20
69.88274687145933
 30
0.0
 40
0.05
  0
CIRCLE
  5
241
330
17
100
AcDbEntity
  8
Ptos_reactivos
100
AcDbCircle
 10
63.127918626546354
 20
17.152841635621893
 30
0.0
 40
0.05
  0
CIRCLE
  5
242
330
17
100
AcDbEntity
  8
Ptos_reactivos
100
AcDbCircle
 10
21.53735564965597
 20
9.913339276212277
 30
0.0
 40
0.05
  0
CIRCLE
  5
243
330
17
100
AcDbEntity
  8
Ptos_reactivos
100
AcDbCircle
 10
52.40676573681398
 20
55.15525250102806
 30
0.0
 40
0.05
  0
CIRCLE
  5
244
330
17
100
AcDbEntity
  8
Ptos_reactivos
100
AcDbCircle
 10
52.907733853086924
 20
19.243811165955613
 30
0.0
 40
0.05
  0
CIRCLE
  5
245
330
17
100
AcDbEntity
  8
Ptos_reactivos
100
AcDbCircle
 10
52.77059652334566
 20
19.009370655246336
 30
0.0
 40
0.05
  0
CIRCLE
  5
246
330
17
100
AcDbEntity
  8
Ptos_reactivos
100
AcDbCircle
 10
41.12511732073516
 20
51.01931483972961
 30
0.0
 40
0.05
  0
CIRCLE
  5
247
330
17
100
AcDbEntity
  8
Ptos_reactivos
100
AcDbCircle
 10
28.456648933686417
 20
42.37106174057269
 30
0.0
 40
0.05
  0
CIRCLE
  5
248
330
17
100
AcDbEntity
  8
Ptos_reactivos
100
AcDbCircle
 10
48.03795235591239
 20
14.681319765512615
 30
0.0
 40
0.05
  0
CIRCLE
  5
249
330
17
100
AcDbEntity
  8
Ptos_reactivos
100
AcDbCircle
 10
4.231500664783039
 20
12.111106899868346
 30
0.0
 40
0.05
  0
CIRCLE
  5
24A
330
17
100
AcDbEntity
  8
Ptos_reactivos
100
AcDbCircle
 10
16.896436959830687
 20
37.37244039205727
 30
0.0
 40
0.05
  0
CIRCLE
  5
24B
330
17
100
AcDbEntity
  8
Ptos_reactivos
100
AcDbCircle
 10
5.893294277786601
 20
51.489758189642735
 30
0.0
 40
0.05
  0
CIRCLE
  5
24C
330
17
100
AcDbEntity
  8
Ptos_reactivos
100
AcDbCircle
 10
65.68473411826037
 20
39.01970668831679
 30
0.0
 40
0.05
  0
CIRCLE
  5
24D
330
17
100
AcDbEntity
  8
Ptos_reactivos
100
AcDbCircle
 10
50.96838777069861
 20
21.849435067517405
 30
0.0
 40
0.05
  0
CIRCLE
  5
24E
330
17
100
AcDbEntity
  8
Ptos_reactivos
100
AcDbCircle
 10
3.2405456496869767
 20
2.234079356984864
 30
0.0
 40
0.05
  0
CIRCLE
  5
24F
330
17
100
AcDbEntity
  8
Ptos_reactivos
100
AcDbCircle
 10
49.07747996532376
 20
64.42213119865816
 30
0.0
 40
0.05
  0
CIRCLE
  5
250
330
17
100
AcDbEntity
  8
Ptos_reactivos
100
AcDbCircle
 10
65.7581209753897
 20
47.853365077752706
 30
0.0
 40
0.05
  0
CIRCLE
  5
251
330
17
100
AcDbEntity
  8
Ptos_reactivos
100
AcDbCircle
 10
45.65322404470397
 20
45.76717863739983
 30
0.0
 40
0.05
  0
CIRCLE
  5
252
330
17
100
AcDbEntity
  8
Ptos_reactivos
100
AcDbCircle
 10
55.887063450009634
 20
38.76894368136615
 30
0.0
 40
0.05
  0
CIRCLE
  5
253
330
17
100
AcDbEntity
  8
Ptos_reactivos
100
AcDbCircle
 10
31.567423158822276
 20
66.7230563580585
 30
0.0
 40
0.05
  0
CIRCLE
  5
254
330
17
100
AcDbEntity
  8
Ptos_reactivos
100
AcDbCircle
 10
30.81389687909927
 20
56.166964366568564
 30
0.0
 40
0.05
  0
CIRCLE
  5
255
330
17
100
AcDbEntity
  8
Ptos_reactivos
100
AcDbCircle
 10
66.74625248482116
 20
67.3098739392146
 30
0.0
 40
0.05
  0
CIRCLE
  5
256
330
17
100
AcDbEntity
  8
Ptos_reactivos
100
AcDbCircle
 10
49.00726074129447
 20
18.212800716529888
 30
0.0
 40
0.05
  0
CIRCLE
  5
257
330
17
100
AcDbEntity
  8
Ptos_reactivos
100
AcDbCircle
 10
70.37193331520197
 20
27.734869731594873
 30
0.0
 40
0.05
  0
CIRCLE
  5
258
330
17
100
AcDbEntity
  8
Ptos_reactivos
100
AcDbCircle
 10
49.267564237742654
 20
28.094665377382448
 30
0.0
 40
0.05
  0
CIRCLE
  5
259
330
17
100
AcDbEntity
  8
Ptos_reactivos
100
AcDbCircle
 10
54.03032117482403
 20
55.0051235342735
 30
0.0
 40
0.05
  0
CIRCLE
  5
25A
330
17
100
AcDbEntity
  8
Ptos_reactivos
100
AcDbCircle
 10
32.050139624838344
 20
29.489364530838166
 30
0.0
 40
0.05
  0
CIRCLE
  5
25B
330
17
100
AcDbEntity
  8
Ptos_reactivos
100
AcDbCircle
 10
64.11514653644433
 20
68.35121596010143
 30
0.0
 40
0.05
  0
CIRCLE
  5
25C
330
17
100
AcDbEntity
  8
Ptos_reactivos
100
AcDbCircle
 10
10.5934862244058
 20
19.524790145992743
 30
0.0
 40
0.05
  0
CIRCLE
  5
25D
330
17
100
AcDbEntity
  8
Ptos_reactivos
100
AcDbCircle
 10
3.995267486283624
 20
62.11126574455309
 30
0.0
 40
0.05
  0
CIRCLE
  5
25E
330
17
100
AcDbEntity
  8
Ptos_reactivos
100
AcDbCircle
 10
71.29347572510825
 20
34.91069370899035
 30
0.0
 40
0.05
  0
CIRCLE
  5
25F
330
17
100
AcDbEntity
  8
Ptos_reactivos
100
AcDbCircle
 10
27.321459790987237
 20
73.64661230877508
 30
0.0
 40
0.05
  0
CIRCLE
  5
260
330
17
100
AcDbEntity
  8
Ptos_reactivos
100
AcDbCircle
 10
35.068250957974996
 20
18.65576565984849
 30
0.0
 40
0.05
  0
CIRCLE
  5
261
330
17
100
AcDbEntity
  8
Ptos_reactivos
100
AcDbCircle
 10
25.681981595588745
 20
10.380185622847598
 30
0.0
 40
0.05
  0
CIRCLE
  5
262
330
17
100
AcDbEntity
  8
Ptos_reactivos
100
AcDbCircle
 10
60.23113731742618
 20
35.95356822378753
 30
0.0
 40
0.05
  0
CIRCLE
  5
263
330
17
100
AcDbEntity
  8
Ptos_reactivos
100
AcDbCircle
 10
9.045085979611
 20
69.34208518320695
 30
0.0
 40
0.05
  0
CIRCLE
  5
264
330
17
100
AcDbEntity
  8
Ptos_reactivos
100
AcDbCircle
 10
37.94213336343846
 20
20.45698104391052
 30
0.0
 40
0.05
  0
CIRCLE
  5
265
330
17
100
AcDbEntity
  8
Ptos_reactivos
100
AcDbCircle
 10
17.988140157171788
 20
60.24970877272762
 30
0.0
 40
0.05
  0
CIRCLE
  5
266
330
17
100
AcDbEntity
  8
Ptos_reactivos
100
AcDbCircle
 10
60.02668004455627
 20
13.46570445803796
 30
0.0
 40
0.05
  0
CIRCLE
  5
267
330
17
100
AcDbEntity
  8
Ptos_reactivos
100
AcDbCircle
 10
69.24337717636175
 20
64.03687826811277
 30
0.0
 40
0.05
  0
CIRCLE
  5
268
330
17
100
AcDbEntity
  8
Ptos_reactivos
100
AcDbCircle
 10
6.50582428857418
 20
38.77779001812128
 30
0.0
 40
0.05
  0
CIRCLE
  5
269
330
17
100
AcDbEntity
  8
Ptos_reactivos
100
AcDbCircle
 10
49.46415495160388
 20
44.65997167163453
 30
0.0
 40
0.05
  0
CIRCLE
  5
26A
330
17
100
AcDbEntity
  8
Ptos_reactivos
100
AcDbCircle
 10
44.16384020585555
 20
49.64113693043555
 30
0.0
 40
0.05
  0
CIRCLE
  5
26B
330
17
100
AcDbEntity
  8
Ptos_reactivos
100
AcDbCircle
 10
61.612431810124356
 20
38.211224234522696
 30
0.0
 40
0.05
  0
CIRCLE
  5
26C
330
17
100
AcDbEntity
  8
Ptos_reactivos
100
AcDbCircle
 10
51.4629678954195
 20
21.65125784806195
 30
0.0
 40
0.05
  0
CIRCLE
  5
26D
330
17
100
AcDbEntity
  8
Ptos_reactivos
100
AcDbCircle
 10
38.349098754564835
 20
71.19953533280164
 30
0.0
 40
0.05
  0
CIRCLE
  5
26E
330
17
100
AcDbEntity
  8
Ptos_reactivos
100
AcDbCircle
 10
45.91064656119977
 20
38.15722033922917
 30
0.0
 40
0.05
  0
CIRCLE
  5
26F
330
17
100
AcDbEntity
  8
Ptos_reactivos
100
AcDbCircle
 10
44.88531758193819
 20
34.60033936591093
 30
0.0
 40
0.05
  0
CIRCLE
  5
270
330
17
100
AcDbEntity
  8
Ptos_reactivos
100
AcDbCircle
 10
60.434462314752665
 20
46.132372853229725
 30
0.0
 40
0.05
  0
CIRCLE
  5
271
330
17
100
AcDbEntity
  8
Ptos_reactivos
100
AcDbCircle
 10
71.67859636284608
 20
71.76911965446654
 30
0.0
 40
0.05
  0
CIRCLE
  5
272
330
17
100
AcDbEntity
  8
Ptos_reactivos
100
AcDbCircle
 10
67.69712938543515
 20
54.738725012946915
 30
0.0
 40
0.05
  0
CIRCLE
  5
273
330
17
100
AcDbEntity
  8
Ptos_reactivos
100
AcDbCircle
 10
39.749611008109056
 20
6.337007904074326
 30
0.0
 40
0.05
  0
CIRCLE
  5
274
330
17
100
AcDbEntity
  8
Ptos_reactivos
100
AcDbCircle
 10
54.3428359575157
 20
28.53489553470738
 30
0.0
 40
0.05
  0
CIRCLE
  5
275
330
17
100
AcDbEntity
  8
Ptos_reactivos
100
AcDbCircle
 10
71.3150037340186
 20
17.200771469964117
 30
0.0
 40
0.05
  0
CIRCLE
  5
276
330
17
100
AcDbEntity
  8
Ptos_reactivos
100
AcDbCircle
 10
67.64846712118924
 20
46.10653265932529
 30
0.0
 40
0.05
  0
CIRCLE
  5
277
330
17
100
AcDbEntity
  8
Ptos_reactivos
100
AcDbCircle
 10
22.883603583043254
 20
18.267928146459546
 30
0.0
 40
0.05
  0
CIRCLE
  5
278
330
17
100
AcDbEntity
  8
Ptos_reactivos
100
AcDbCircle
 10
51.22933094340931
 20
7.4358291016560605
 30
0.0
 40
0.05
  0
CIRCLE
  5
279
330
17
100
AcDbEntity
  8
Ptos_reactivos
100
AcDbCircle
 10
63.379623216952936
 20
47.60934843820859
 30
0.0
 40
0.05
  0
CIRCLE
  5
27A
330
17
100
AcDbEntity
  8
Ptos_reactivos
100
AcDbCircle
 10
22.44120118256489
 20
31.587930951203383
 30
0.0
 40
0.05
  0
CIRCLE
  5
27B
330
17
100
AcDbEntity
  8
Ptos_reactivos
100
AcDbCircle
 10
56.76021363583625
 20
59.640541735755825
 30
0.0
 40
0.05
  0
CIRCLE
  5
27C
330
17
100
AcDbEntity
  8
Ptos_reactivos
100
AcDbCircle
 10
12.320308357127049
 20
71.67228521432777
 30
0.0
 40
0.05
  0
CIRCLE
  5
27D
330
17
100
AcDbEntity
  8
Ptos_reactivos
100
AcDbCircle
 10
7.120261723746249
 20
6.261222342196579
 30
0.0
 40
0.05
  0
CIRCLE
  5
27E
330
17
100
AcDbEntity
  8
Ptos_reactivos
100
AcDbCircle
 10
52.78702604579223
 20
36.65535478371474
 30
0.0
 40
0.05
  0
CIRCLE
  5
27F
330
17
100
AcDbEntity
  8
Ptos_reactivos
100
AcDbCircle
 10
6.664071927127796
 20
18.517738498182105
 30
0.0
 40
0.05
  0
CIRCLE
  5
280
330
17
100
AcDbEntity
  8
Ptos_reactivos
100
AcDbCircle
 10
41.72318859509648
 20
33.90274236541875
 30
0.0
 40
0.05
  0
CIRCLE
  5
281
330
17
100
AcDbEntity
  8
Ptos_reactivos
100
AcDbCircle
 10
6.805187351193009
 20
26.698579810270616
 30
0.0
 40
0.05
  0
CIRCLE
  5
282
330
17
100
AcDbEntity
  8
Ptos_reactivos
100
AcDbCircle
 10
67.9167778419477
 20
69.89324108328448
 30
0.0
 40
0.05
  0
CIRCLE
  5
283
330
17
100
AcDbEntity
  8
Ptos_reactivos
100
AcDbCircle
 10
49.42702701290331
 20
8.230345516443025
 30
0.0
 40
0.05
  0
CIRCLE
  5
284
330
17
100
AcDbEntity
  8
Ptos_reactivos
100
AcDbCircle
 10
40.214565680522284
 20
4.960400862740014
 30
0.0
 40
0.05
  0
CIRCLE
  5
285
330
17
100
AcDbEntity
  8
Ptos_reactivos
100
AcDbCircle
 10
70.98806377021495
 20
73.52060023708817
 30
0.0
 40
0.05
  0
CIRCLE
  5
286
330
17
100
AcDbEntity
  8
Ptos_reactivos
100
AcDbCircle
 10
49.75461613795913
 20
4.863820915771503
 30
0.0
 40
0.05
  0
CIRCLE
  5
287
330
17
100
AcDbEntity
  8
Ptos_reactivos
100
AcDbCircle
 10
70.44371604897518
 20
65.6850348877353
 30
0.0
 40
0.05
  0
CIRCLE
  5
288
330
17
100
AcDbEntity
  8
Ptos_reactivos
100
AcDbCircle
 10
25.36156290407646
 20
54.05204433294774
 30
0.0
 40
0.05
  0
CIRCLE
  5
289
330
17
100
AcDbEntity
  8
Ptos_reactivos
100
AcDbCircle
 10
34.985333022601026
 20
71.48647871813634
 30
0.0
 40
0.05
  0
CIRCLE
  5
28A
330
17
100
AcDbEntity
  8
Ptos_reactivos
100
AcDbCircle
 10
17.51677724070649
 20
27.41286222621888
 30
0.0
 40
0.05
  0
CIRCLE
  5
28B
330
17
100
AcDbEntity
  8
Ptos_reactivos
100
AcDbCircle
 10
17.873503818561552
 20
38.17222217292486
 30
0.0
 40
0.05
  0
CIRCLE
  5
28C
330
17
100
AcDbEntity
  8
Ptos_reactivos
100
AcDbCircle
 10
65.21344491285706
 20
56.045805222992804
 30
0.0
 40
0.05
  0
CIRCLE
  5
28D
330
17
100
AcDbEntity
  8
Ptos_reactivos
100
AcDbCircle
 10
37.06598003495152
 20
58.434749377093695
 30
0.0
 40
0.05
  0
CIRCLE
  5
28E
330
17
100
AcDbEntity
  8
Ptos_reactivos
100
AcDbCircle
 10
55.51542413093952
 20
58.933247798138
 30
0.0
 40
0.05
  0
CIRCLE
  5
28F
330
17
100
AcDbEntity
  8
Ptos_reactivos
100
AcDbCircle
 10
18.297456711804287
 20
39.934318658115345
 30
0.0
 40
0.05
  0
CIRCLE
  5
290
330
17
100
AcDbEntity
  8
Ptos_reactivos
100
AcDbCircle
 10
70.66451485129451
 20
55.649415671581465
 30
0.0
 40
0.05
  0
CIRCLE
  5
291
330
17
100
AcDbEntity
  8
Ptos_reactivos
100
AcDbCircle
 10
14.614917605591234
 20
42.24546409181013
 30
0.0
 40
0.05
  0
CIRCLE
  5
292
330
17
100
AcDbEntity
  8
Ptos_reactivos
100
AcDbCircle
 10
56.51163940184869
 20
57.280101392597906
 30
0.0
 40
0.05
  0
CIRCLE
  5
293
330
17
100
AcDbEntity
  8
Ptos_reactivos
100
AcDbCircle
 10
39.108156147248664
 20
25.521687097435798
 30
0.0
 40
0.05
  0
CIRCLE
  5
294
330
17
100
AcDbEntity
  8
Ptos_reactivos
100
AcDbCircle
 10
33.36536768738313
 20
27.829735650263224
 30
0.0
 40
0.05
  0
CIRCLE
  5
295
330
17
100
AcDbEntity
  8
Ptos_reactivos
100
AcDbCircle
 10
25.570673046997516
 20
67.09530402235272
 30
0.0
 40
0.05
  0
CIRCLE
  5
296
330
17
100
AcDbEntity
  8
Ptos_reactivos
100
AcDbCircle
 10
23.22459789073667
 20
39.570477853566686
 30
0.0
 40
0.05
  0
CIRCLE
  5
297
330
17
100
AcDbEntity
  8
Ptos_reactivos
100
AcDbCircle
 10
18.614768459965518
 20
61.68897068431057
 30
0.0
 40
0.05
  0
CIRCLE
  5
298
330
17
100
AcDbEntity
  8
Ptos_reactivos
100
AcDbCircle
 10
53.32105718511662
 20
20.69346619789053
 30
0.0
 40
0.05
  0
CIRCLE
  5
299
330
17
100
AcDbEntity
  8
Ptos_reactivos
100
AcDbCircle
 10
12.523127565914379
 20
71.3781050153972
 30
0.0
 40
0.05
  0
CIRCLE
  5
29A
330
17
100
AcDbEntity
  8
Ptos_reactivos
100
AcDbCircle
 10
12.113003750112346
 20
68.00674113079218
 30
0.0
 40
0.05
  0
CIRCLE
  5
29B
330
17
100
AcDbEntity
  8
Ptos_reactivos
100
AcDbCircle
 10
33.23826991328295
 20
53.814269494366016
 30
0.0
 40
0.05
  0
CIRCLE
  5
29C
330
17
100
AcDbEntity
  8
Ptos_reactivos
100
AcDbCircle
 10
37.797822333567666
 20
33.516818498918504
 30
0.0
 40
0.05
  0
CIRCLE
  5
29D
330
17
100
AcDbEntity
  8
Ptos_reactivos
100
AcDbCircle
 10
34.8105060393782
 20
18.903032185098613
 30
0.0
 40
0.05
  0
CIRCLE
  5
29E
330
17
100
AcDbEntity
  8
Ptos_reactivos
100
AcDbCircle
 10
33.51971687720514
 20
8.501937713173138
 30
0.0
 40
0.05
  0
CIRCLE
  5
29F
330
17
100
AcDbEntity
  8
Ptos_reactivos
100
AcDbCircle
 10
52.1157315647095
 20
51.84768972837047
 30
0.0
 40
0.05
  0
CIRCLE
  5
2A0
330
17
100
AcDbEntity
  8
Ptos_reactivos
100
AcDbCircle
 10
33.09071189813092
 20
19.185861351479
 30
0.0
 40
0.05
  0
CIRCLE
  5
2A1
330
17
100
AcDbEntity
  8
Ptos_reactivos
100
AcDbCircle
 10
73.55657069784597
 20
21.653856821754506
 30
0.0
 40
0.05
  0
CIRCLE
  5
2A2
330
17
100
AcDbEntity
  8
Ptos_reactivos
100
AcDbCircle
 10
67.1844497458539
 20
28.678234081554482
 30
0.0
 40
0.05
  0
CIRCLE
  5
2A3
330
17
100
AcDbEntity
  8
Ptos_reactivos
100
AcDbCircle
 10
55.79493096613609
 20
50.59383740231745
 30
0.0
 40
0.05
  0
CIRCLE
  5
2A4
330
17
100
AcDbEntity
  8
Ptos_reactivos
100
AcDbCircle
 10
15.227491491386274
 20
67.74184983553609
 30
0.0
 40
0.05
  0
CIRCLE
  5
2A5
330
17
100
AcDbEntity
  8
Ptos_reactivos
100
AcDbCircle
 10
52.02230626230514
 20
26.01377910265415
 30
0.0
 40
0.05
  0
CIRCLE
  5
2A6
330
17
100
AcDbEntity
  8
Ptos_reactivos
100
AcDbCircle
 10
51.42973956247451
 20
16.667402214910062
 30
0.0
 40
0.05
  0
CIRCLE
  5
2A7
330
17
100
AcDbEntity
  8
Ptos_reactivos
100
AcDbCircle
 10
72.24473317297057
 20
72.67259507296103
 30
0.0
 40
0.05
  0
CIRCLE
  5
2A8
330
17
100
AcDbEntity
  8
Ptos_reactivos
100
AcDbCircle
 10
41.15212678039936
 20
11.901913194861748
 30
0.0
 40
0.05
  0
CIRCLE
  5
2A9
330
17
100
AcDbEntity
  8
Ptos_reactivos
100
AcDbCircle
 10
71.30603576403666
 20
33.48818769985672
 30
0.0
 40
0.05
  0
CIRCLE
  5
2AA
330
17
100
AcDbEntity
  8
Ptos_reactivos
100
AcDbCircle
 10
49.31053118247592
 20
8.748337215207139
 30
0.0
 40
0.05
  0
CIRCLE
  5
2AB
330
17
100
AcDbEntity
  8
Ptos_reactivos
100
AcDbCircle
 10
66.85385352360544
 20
60.99000263245101
 30
0.0
 40
0.05
  0
CIRCLE
  5
2AC
330
17
100
AcDbEntity
  8
Ptos_reactivos
100
AcDbCircle
 10
15.095616494180442
 20
38.85958936697694
 30
0.0
 40
0.05
  0
CIRCLE
  5
2AD
330
17
100
AcDbEntity
  8
Ptos_reactivos
100
AcDbCircle
 10
47.41095518670377
 20
56.546312400106956
 30
0.0
 40
0.05
  0
CIRCLE
  5
2AE
330
17
100
AcDbEntity
  8
Ptos_reactivos
100
AcDbCircle
 10
16.704971736535164
 20
23.77467386284303
 30
0.0
 40
0.05
  0
CIRCLE
  5
2AF
330
17
100
AcDbEntity
  8
Ptos_reactivos
100
AcDbCircle
 10
47.84571220156001
 20
70.482609368142
 30
0.0
 40
0.05
  0
CIRCLE
  5
2B0
330
17
100
AcDbEntity
  8
Ptos_reactivos
100
AcDbCircle
 10
24.19442826589262
 20
39.74613587270888
 30
0.0
 40
0.05
  0
CIRCLE
  5
2B1
330
17
100
AcDbEntity
  8
Ptos_reactivos
100
AcDbCircle
 10
22.19751675988869
 20
32.35313327586046
 30
0.0
 40
0.05
  0
CIRCLE
  5
2B2
330
17
100
AcDbEntity
  8
Ptos_reactivos
100
AcDbCircle
 10
74.19731252600414
 20
66.89892550507008
 30
0.0
 40
0.05
  0
CIRCLE
  5
2B3
330
17
100
AcDbEntity
  8
Ptos_reactivos
100
AcDbCircle
 10
57.69048996231796
 20
11.25519195267156
 30
0.0
 40
0.05
  0
CIRCLE
  5
2B4
330
17
100
AcDbEntity
  8
Ptos_reactivos
100
AcDbCircle
 10
25.424488278811243
 20
25.92604785686368
 30
0.0
 40
0.05
  0
CIRCLE
  5
2B5
330
17
100
AcDbEntity
  8
Ptos_reactivos
100
AcDbCircle
 10
17.984278931682862
 20
45.724734949501176
 30
0.0
 40
0.05
  0
CIRCLE
  5
2B6
330
17
100
AcDbEntity
  8
Ptos_reactivos
100
AcDbCircle
 10
46.00681306560094
 20
18.028648455512844
 30
0.0
 40
0.05
  0
CIRCLE
  5
2B7
330
17
100
AcDbEntity
  8
Ptos_reactivos
100
AcDbCircle
 10
66.0616370264665
 20
57.5363019396786
 30
0.0
 40
0.05
  0
CIRCLE
  5
2B8
330
17
100
AcDbEntity
  8
Ptos_reactivos
100
AcDbCircle
 10
33.40982372455267
 20
55.84479374609322
 30
0.0
 40
0.05
  0
CIRCLE
  5
2B9
330
17
100
AcDbEntity
  8
Ptos_reactivos
100
AcDbCircle
 10
19.71674816785282
 20
39.931401416623586
 30
0.0
 40
0.05
  0
CIRCLE
  5
2BA
330
17
100
AcDbEntity
  8
Ptos_reactivos
100
AcDbCircle
 10
38.99296273089983
 20
9.829794689111267
 30
0.0
 40
0.05
  0
CIRCLE
  5
2BB
330
17
100
AcDbEntity
  8
Ptos_reactivos
100
AcDbCircle
 10
31.218614821783707
 20
25.796569111194874
 30
0.0
 40
0.05
  0
CIRCLE
  5
2BC
330
17
100
AcDbEntity
  8
Ptos_reactivos
100
AcDbCircle
 10
10.69200483249409
 20
54.0864236213128
 30
0.0
 40
0.05
  0
CIRCLE
  5
2BD
330
17
100
AcDbEntity
  8
Ptos_reactivos
100
AcDbCircle
 10
5.51129537025403
 20
70.28774601457779
 30
0.0
 40
0.05
  0
CIRCLE
  5
2BE
330
17
100
AcDbEntity
  8
Ptos_reactivos
100
AcDbCircle
 10
40.867924351354375
 20
46.899653502000795
 30
0.0
 40
0.05
  0
CIRCLE
  5
2BF
330
17
100
AcDbEntity
  8
Ptos_reactivos
100
AcDbCircle
 10
33.15207964240418
 20
54.29984340133968
 30
0.0
 40
0.05
  0
CIRCLE
  5
2C0
330
17
100
AcDbEntity
  8
Ptos_reactivos
100
AcDbCircle
 10
17.714457342426794
 20
39.15597591685658
 30
0.0
 40
0.05
  0
CIRCLE
  5
2C1
330
17
100
AcDbEntity
  8
Ptos_reactivos
100
AcDbCircle
 10
35.006337588981886
 20
27.08622098529988
 30
0.0
 40
0.05
  0
CIRCLE
  5
2C2
330
17
100
AcDbEntity
  8
Ptos_reactivos
100
AcDbCircle
 10
20.226943981285192
 20
13.298467471820933
 30
0.0
 40
0.05
  0
CIRCLE
  5
2C3
330
17
100
AcDbEntity
  8
Ptos_reactivos
100
AcDbCircle
 10
71.43275605503534
 20
65.41915497427506
 30
0.0
 40
0.05
  0
CIRCLE
  5
2C4
330
17
100
AcDbEntity
  8
Ptos_reactivos
100
AcDbCircle
 10
33.422176703496945
 20
25.86493360806519
 30
0.0
 40
0.05
  0
CIRCLE
  5
2C5
330
17
100
AcDbEntity
  8
Ptos_reactivos
100
AcDbCircle
 10
9.367689933629917
 20
31.994082553464715
 30
0.0
 40
0.05
  0
CIRCLE
  5
2C6
330
17
100
AcDbEntity
  8
Ptos_reactivos
100
AcDbCircle
 10
5.650376833951453
 20
14.471705412285013
 30
0.0
 40
0.05
  0
CIRCLE
  5
2C7
330
17
100
AcDbEntity
  8
Ptos_reactivos
100
AcDbCircle
 10
63.27324469532433
 20
26.446214727824323
 30
0.0
 40
0.05
  0
CIRCLE
  5
2C8
330
17
100
AcDbEntity
  8
Ptos_reactivos
100
AcDbCircle
 10
32.44602940529716
 20
30.290902019200878
 30
0.0
 40
0.05
  0
CIRCLE
  5
2C9
330
17
100
AcDbEntity
  8
Ptos_reactivos
100
AcDbCircle
 10
59.08919067832267
 20
66.44918974928731
 30
0.0
 40
0.05
  0
CIRCLE
  5
2CA
330
17
100
AcDbEntity
  8
Ptos_reactivos
100
AcDbCircle
 10
33.99835009123177
 20
10.981948420175142
 30
0.0
 40
0.05
  0
CIRCLE
  5
2CB
330
17
100
AcDbEntity
  8
Ptos_reactivos
100
AcDbCircle
 10
11.205239957417726
 20
35.85262261060323
 30
0.0
 40
0.05
  0
CIRCLE
  5
2CC
330
17
100
AcDbEntity
  8
Ptos_reactivos
100
AcDbCircle
 10
49.36515507703816
 20
55.169957475759475
 30
0.0
 40
0.05
  0
CIRCLE
  5
2CD
330
17
100
AcDbEntity
  8
Ptos_reactivos
100
AcDbCircle
 10
63.896072497971595
 20
40.45846520253912
 30
0.0
 40
0.05
  0
CIRCLE
  5
2CE
330
17
100
AcDbEntity
  8
Ptos_reactivos
100
AcDbCircle
 10
52.819206504154955
 20
53.058454806930136
 30
0.0
 40
0.05
  0
CIRCLE
  5
2CF
330
17
100
AcDbEntity
  8
Ptos_reactivos
100
AcDbCircle
 10
3.0409084986860124
 20
54.93990271753649
 30
0.0
 40
0.05
  0
CIRCLE
  5
2D0
330
17
100
AcDbEntity
  8
Ptos_reactivos
100
AcDbCircle
 10
3.3365937872759295
 20
71.5335307300795
 30
0.0
 40
0.05
  0
CIRCLE
  5
2D1
330
17
100
AcDbEntity
  8
Ptos_reactivos
100
AcDbCircle
 10
16.093541416033627
 20
25.07920748708422
 30
0.0
 40
0.05
  0
CIRCLE
  5
2D2
330
17
100
AcDbEntity
  8
Ptos_reactivos
100
AcDbCircle
 10
14.902550401380052
 20
24.620774544345146
 30
0.0
 40
0.05
  0
CIRCLE
  5
2D3
330
17
100
AcDbEntity
  8
Ptos_reactivos
100
AcDbCircle
 10
59.997801336998286
 20
57.48393770503484
 30
0.0
 40
0.05
  0
CIRCLE
  5
2D4
330
17
100
AcDbEntity
  8
Ptos_reactivos
100
AcDbCircle
 10
64.40832417688172
 20
52.83103157179769
 30
0.0
 40
0.05
  0
CIRCLE
  5
2D5
330
17
100
AcDbEntity
  8
Ptos_reactivos
100
AcDbCircle
 10
17.230153045542856
 20
36.84210083761551
 30
0.0
 40
0.05
  0
CIRCLE
  5
2D6
330
17
100
AcDbEntity
  8
Ptos_reactivos
100
AcDbCircle
 10
26.237901724361542
 20
73.04684052382864
 30
0.0
 40
0.05
  0
CIRCLE
  5
2D7
330
17
100
AcDbEntity
  8
Ptos_reactivos
100
AcDbCircle
 10
13.17494516845208
 20
66.47943219896555
 30
0.0
 40
0.05
  0
CIRCLE
  5
2D8
330
17
100
AcDbEntity
  8
Ptos_reactivos
100
AcDbCircle
 10
53.76280476126548
 20
28.989829343705242
 30
0.0
 40
0.05
  0
CIRCLE
  5
2D9
330
17
100
AcDbEntity
  8
Ptos_reactivos
100
AcDbCircle
 10
53.707876023899466
 20
31.27350025715699
 30
0.0
 40
0.05
  0
CIRCLE
  5
2DA
330
17
100
AcDbEntity
  8
Ptos_reactivos
100
AcDbCircle
 10
55.13751042118534
 20
24.869799899842317
 30
0.0
 40
0.05
  0
CIRCLE
  5
2DB
330
17
100
AcDbEntity
  8
Ptos_reactivos
100
AcDbCircle
 10
55.46229340957962
 20
15.219557980734134
 30
0.0
 40
0.05
  0
CIRCLE
  5
2DC
330
17
100
AcDbEntity
  8
Ptos_reactivos
100
AcDbCircle
 10
55.87766088954866
 20
71.08548360548957
 30
0.0
 40
0.05
  0
CIRCLE
  5
2DD
330
17
100
AcDbEntity
  8
Ptos_reactivos
100
AcDbCircle
 10
17.143111135975786
 20
28.68909842932168
 30
0.0
 40
0.05
  0
CIRCLE
  5
2DE
330
17
100
AcDbEntity
  8
Ptos_reactivos
100
AcDbCircle
 10
37.84120300726531
 20
55.401281956348946
 30
0.0
 40
0.05
  0
CIRCLE
  5
2DF
330
17
100
AcDbEntity
  8
Ptos_reactivos
100
AcDbCircle
 10
45.13460952382677
 20
47.139309619145386
 30
0.0
 40
0.05
  0
CIRCLE
  5
2E0
330
17
100
AcDbEntity
  8
Ptos_reactivos
100
AcDbCircle
 10
53.906569002609295
 20
50.54357547126076
 30
0.0
 40
0.05
  0
CIRCLE
  5
2E1
330
17
100
AcDbEntity
  8
Ptos_reactivos
100
AcDbCircle
 10
24.193373205617473
 20
9.89617255394867
 30
0.0
 40
0.05
  0
CIRCLE
  5
2E2
330
17
100
AcDbEntity
  8
Ptos_reactivos
100
AcDbCircle
 10
49.46046918034867
 20
67.97700212608953
 30
0.0
 40
0.05
  0
CIRCLE
  5
2E3
330
17
100
AcDbEntity
  8
Ptos_reactivos
100
AcDbCircle
 10
70.62794950830771
 20
66.73785788392674
 30
0.0
 40
0.05
  0
CIRCLE
  5
2E4
330
17
100
AcDbEntity
  8
Ptos_reactivos
100
AcDbCircle
 10
69.72175763523038
 20
32.65159432066307
 30
0.0
 40
0.05
  0
CIRCLE
  5
2E5
330
17
100
AcDbEntity
  8
Ptos_reactivos
100
AcDbCircle
 10
71.01752002040061
 20
9.862331116899984
 30
0.0
 40
0.05
  0
CIRCLE
  5
2E6
330
17
100
AcDbEntity
  8
Ptos_reactivos
100
AcDbCircle
 10
56.37181161543652
 20
51.38918008680431
 30
0.0
 40
0.05
  0
CIRCLE
  5
2E7
330
17
100
AcDbEntity
  8
Ptos_reactivos
100
AcDbCircle
 10
54.330875276083674
 20
7.133748296658854
 30
0.0
 40
0.05
  0
CIRCLE
  5
2E8
330
17
100
AcDbEntity
  8
Ptos_reactivos
100
AcDbCircle
 10
45.75002789942469
 20
43.55383926304768
 30
0.0
 40
0.05
  0
CIRCLE
  5
2E9
330
17
100
AcDbEntity
  8
Ptos_reactivos
100
AcDbCircle
 10
48.5388236913418
 20
54.498147141642676
 30
0.0
 40
0.05
  0
CIRCLE
  5
2EA
330
17
100
AcDbEntity
  8
Ptos_reactivos
100
AcDbCircle
 10
19.374658445509834
 20
17.727582123561074
 30
0.0
 40
0.05
  0
CIRCLE
  5
2EB
330
17
100
AcDbEntity
  8
Ptos_reactivos
100
AcDbCircle
 10
62.79108816699332
 20
41.72085374617764
 30
0.0
 40
0.05
  0
CIRCLE
  5
2EC
330
17
100
AcDbEntity
  8
Ptos_reactivos
100
AcDbCircle
 10
56.55914010443405
 20
16.817730304395777
 30
0.0
 40
0.05
  0
CIRCLE
  5
2ED
330
17
100
AcDbEntity
  8
Ptos_reactivos
100
AcDbCircle
 10
7.941143411485693
 20
6.244922083580795
 30
0.0
 40
0.05
  0
CIRCLE
  5
2EE
330
17
100
AcDbEntity
  8
Ptos_reactivos
100
AcDbCircle
 10
6.024394143562225
 20
62.58623141150445
 30
0.0
 40
0.05
  0
CIRCLE
  5
2EF
330
17
100
AcDbEntity
  8
Ptos_reactivos
100
AcDbCircle
 10
35.75448208948738
 20
26.71385382922281
 30
0.0
 40
0.05
  0
CIRCLE
  5
2F0
330
17
100
AcDbEntity
  8
Ptos_reactivos
100
AcDbCircle
 10
25.69776532921804
 20
1.6155018752117112
 30
0.0
 40
0.05
  0
CIRCLE
  5
2F1
330
17
100
AcDbEntity
  8
Ptos_reactivos
100
AcDbCircle
 10
20.23840745810343
 20
66.26335450743554
 30
0.0
 40
0.05
  0
CIRCLE
  5
2F2
330
17
100
AcDbEntity
  8
Ptos_reactivos
100
AcDbCircle
 10
11.055836471299358
 20
48.845196029853035
 30
0.0
 40
0.05
  0
CIRCLE
  5
2F3
330
17
100
AcDbEntity
  8
Ptos_reactivos
100
AcDbCircle
 10
34.411885518953994
 20
51.52878259739227
 30
0.0
 40
0.05
  0
CIRCLE
  5
2F4
330
17
100
AcDbEntity
  8
Ptos_reactivos
100
AcDbCircle
 10
23.340668500997054
 20
31.714552107855916
 30
0.0
 40
0.05
  0
CIRCLE
  5
2F5
330
17
100
AcDbEntity
  8
Ptos_reactivos
100
AcDbCircle
 10
63.501648629078055
 20
3.888694056847561
 30
0.0
 40
0.05
  0
CIRCLE
  5
2F6
330
17
100
AcDbEntity
  8
Ptos_reactivos
100
AcDbCircle
 10
19.984202297660506
 20
27.39023765102613
 30
0.0
 40
0.05
  0
CIRCLE
  5
2F7
330
17
100
AcDbEntity
  8
Ptos_reactivos
100
AcDbCircle
 10
62.784972753744526
 20
53.75604914011315
 30
0.0
 40
0.05
  0
CIRCLE
  5
2F8
330
17
100
AcDbEntity
  8
Ptos_reactivos
100
AcDbCircle
 10
4.668143721431345
 20
17.974486521319662
 30
0.0
 40
0.05
  0
CIRCLE
  5
2F9
330
17
100
AcDbEntity
  8
Ptos_reactivos
100
AcDbCircle
 10
67.53625219556595
 20
15.48804971488055
 30
0.0
 40
0.05
  0
CIRCLE
  5
2FA
330
17
100
AcDbEntity
  8
Ptos_reactivos
100
AcDbCircle
 10
42.33496479676819
 20
50.79863642898798
 30
0.0
 40
0.05
  0
CIRCLE
  5
2FB
330
17
100
AcDbEntity
  8
Ptos_reactivos
100
AcDbCircle
 10
38.589807633858605
 20
33.55493490286929
 30
0.0
 40
0.05
  0
CIRCLE
  5
2FC
330
17
100
AcDbEntity
  8
Ptos_reactivos
100
AcDbCircle
 10
27.283117473393034
 20
59.23487499040412
 30
0.0
 40
0.05
  0
CIRCLE
  5
2FD
330
17
100
AcDbEntity
  8
Ptos_reactivos
100
AcDbCircle
 10
55.29506665994295
 20
33.72235034691632
 30
0.0
 40
0.05
  0
CIRCLE
  5
2FE
330
17
100
AcDbEntity
  8
Ptos_reactivos
100
AcDbCircle
 10
10.206730589880308
 20
46.62123052110431
 30
0.0
 40
0.05
  0
CIRCLE
  5
2FF
330
17
100
AcDbEntity
  8
Ptos_reactivos
100
AcDbCircle
 10
30.144524438595955
 20
38.89861043475953
 30
0.0
 40
0.05
  0
CIRCLE
  5
300
330
17
100
AcDbEntity
  8
Ptos_reactivos
100
AcDbCircle
 10
48.28941110379821
 20
9.131465700823597
 30
0.0
 40
0.05
  0
CIRCLE
  5
301
330
17
100
AcDbEntity
  8
Ptos_reactivos
100
AcDbCircle
 10
27.222466551247525
 20
38.517520804948326
 30
0.0
 40
0.05
  0
CIRCLE
  5
302
330
17
100
AcDbEntity
  8
Ptos_reactivos
100
AcDbCircle
 10
49.8994255538502
 20
24.888972958340396
 30
0.0
 40
0.05
  0
CIRCLE
  5
303
330
17
100
AcDbEntity
  8
Ptos_reactivos
100
AcDbCircle
 10
49.18683470685604
 20
29.87729435032328
 30
0.0
 40
0.05
  0
CIRCLE
  5
304
330
17
100
AcDbEntity
  8
Ptos_reactivos
100
AcDbCircle
 10
30.8053990086115
 20
32.065394192439186
 30
0.0
 40
0.05
  0
CIRCLE
  5
305
330
17
100
AcDbEntity
  8
Ptos_reactivos
100
AcDbCircle
 10
33.43735870039682
 20
26.902645703685835
 30
0.0
 40
0.05
  0
CIRCLE
  5
306
330
17
100
AcDbEntity
  8
Ptos_reactivos
100
AcDbCircle
 10
61.65234562007711
 20
3.853214024445395
 30
0.0
 40
0.05
  0
CIRCLE
  5
307
330
17
100
AcDbEntity
  8
Ptos_reactivos
100
AcDbCircle
 10
30.58812935263009
 20
66.35495847307739
 30
0.0
 40
0.05
  0
CIRCLE
  5
308
330
17
100
AcDbEntity
  8
Ptos_reactivos
100
AcDbCircle
 10
49.74096119489023
 20
67.7160104644641
 30
0.0
 40
0.05
  0
CIRCLE
  5
309
330
17
100
AcDbEntity
  8
Ptos_reactivos
100
AcDbCircle
 10
54.779507939453936
 20
23.8807169346265
 30
0.0
 40
0.05
  0
CIRCLE
  5
30A
330
17
100
AcDbEntity
  8
Ptos_reactivos
100
AcDbCircle
 10
12.084156377254374
 20
65.29202887388223
 30
0.0
 40
0.05
  0
CIRCLE
  5
30B
330
17
100
AcDbEntity
  8
Ptos_reactivos
100
AcDbCircle
 10
66.43222653164474
 20
51.96635404088346
 30
0.0
 40
0.05
  0
CIRCLE
  5
30C
330
17
100
AcDbEntity
  8
Ptos_reactivos
100
AcDbCircle
 10
16.51860782480204
 20
25.368687616739503
 30
0.0
 40
0.05
  0
CIRCLE
  5
30D
330
17
100
AcDbEntity
  8
Ptos_reactivos
100
AcDbCircle
 10
13.739867893144373
 20
70.9010206738621
 30
0.0
 40
0.05
  0
CIRCLE
  5
30E
330
17
100
AcDbEntity
  8
Ptos_reactivos
100
AcDbCircle
 10
39.04548755001342
 20
27.634072568209447
 30
0.0
 40
0.05
  0
CIRCLE
  5
30F
330
17
100
AcDbEntity
  8
Ptos_reactivos
100
AcDbCircle
 10
63.29686483307702
 20
53.08805405028958
 30
0.0
 40
0.05
  0
CIRCLE
  5
310
330
17
100
AcDbEntity
  8
Ptos_reactivos
100
AcDbCircle
 10
13.627704654578698
 20
66.87150306352983
 30
0.0
 40
0.05
  0
CIRCLE
  5
311
330
17
100
AcDbEntity
  8
Ptos_reactivos
100
AcDbCircle
 10
11.650656260211889
 20
35.261334632802495
 30
0.0
 40
0.05
  0
CIRCLE
  5
312
330
17
100
AcDbEntity
  8
Ptos_reactivos
100
AcDbCircle
 10
64.70975390617043
 20
57.77260386799078
 30
0.0
 40
0.05
  0
CIRCLE
  5
313
330
17
100
AcDbEntity
  8
Ptos_reactivos
100
AcDbCircle
 10
50.47921455275139
 20
53.79115412760566
 30
0.0
 40
0.05
  0
CIRCLE
  5
314
330
17
100
AcDbEntity
  8
Ptos_reactivos
100
AcDbCircle
 10
57.12793562825345
 20
36.72348784884544
 30
0.0
 40
0.05
  0
CIRCLE
  5
315
330
17
100
AcDbEntity
  8
Ptos_reactivos
100
AcDbCircle
 10
41.06145902072546
 20
23.94441590672483
 30
0.0
 40
0.05
  0
CIRCLE
  5
316
330
17
100
AcDbEntity
  8
Ptos_reactivos
100
AcDbCircle
 10
64.28254893298929
 20
28.816879783823133
 30
0.0
 40
0.05
  0
CIRCLE
  5
317
330
17
100
AcDbEntity
  8
Ptos_reactivos
100
AcDbCircle
 10
68.47461344049191
 20
74.44083571690076
 30
0.0
 40
0.05
  0
CIRCLE
  5
318
330
17
100
AcDbEntity
  8
Ptos_reactivos
100
AcDbCircle
 10
68.02150096501555
 20
74.2563530421836
 30
0.0
 40
0.05
  0
CIRCLE
  5
319
330
17
100
AcDbEntity
  8
Ptos_reactivos
100
AcDbCircle
 10
25.840068162456596
 20
33.463764338760534
 30
0.0
 40
0.05
  0
CIRCLE
  5
31A
330
17
100
AcDbEntity
  8
Ptos_reactivos
100
AcDbCircle
 10
2.7357184846310973
 20
14.93036333016455
 30
0.0
 40
0.05
  0
CIRCLE
  5
31B
330
17
100
AcDbEntity
  8
Ptos_reactivos
100
AcDbCircle
 10
27.88697642883179
 20
3.683707870846295
 30
0.0
 40
0.05
  0
CIRCLE
  5
31C
330
17
100
AcDbEntity
  8
Ptos_reactivos
100
AcDbCircle
 10
35.54231722567506
 20
14.932355381089316
 30
0.0
 40
0.05
  0
CIRCLE
  5
31D
330
17
100
AcDbEntity
  8
Ptos_reactivos
100
AcDbCircle
 10
46.92598385632441
 20
32.20622948765306
 30
0.0
 40
0.05
  0
CIRCLE
  5
31E
330
17
100
AcDbEntity
  8
Ptos_reactivos
100
AcDbCircle
 10
30.92048380923266
 20
29.157927233593274
 30
0.0
 40
0.05
  0
CIRCLE
  5
31F
330
17
100
AcDbEntity
  8
Ptos_reactivos
100
AcDbCircle
 10
63.478075818188884
 20
15.226071445870323
 30
0.0
 40
0.05
  0
CIRCLE
  5
320
330
17
100
AcDbEntity
  8
Ptos_reactivos
100
AcDbCircle
 10
3.7554098273491516
 20
10.37162291643966
 30
0.0
 40
0.05
  0
CIRCLE
  5
321
330
17
100
AcDbEntity
  8
Ptos_reactivos
100
AcDbCircle
 10
67.13929570800434
 20
68.72203826175802
 30
0.0
 40
0.05
  0
CIRCLE
  5
322
330
17
100
AcDbEntity
  8
Ptos_reactivos
100
AcDbCircle
 10
43.32383442411203
 20
16.217284821391374
 30
0.0
 40
0.05
  0
CIRCLE
  5
323
330
17
100
AcDbEntity
  8
Ptos_reactivos
100
AcDbCircle
 10
71.17109472420289
 20
34.94205220264906
 30
0.0
 40
0.05
  0
CIRCLE
  5
324
330
17
100
AcDbEntity
  8
Ptos_reactivos
100
AcDbCircle
 10
66.71869175301119
 20
29.44827917139818
 30
0.0
 40
0.05
  0
CIRCLE
  5
325
330
17
100
AcDbEntity
  8
Ptos_reactivos
100
AcDbCircle
 10
57.961458990279986
 20
39.67404042346114
 30
0.0
 40
0.05
  0
CIRCLE
  5
326
330
17
100
AcDbEntity
  8
Ptos_reactivos
100
AcDbCircle
 10
53.61317080569434
 20
40.577243769302186
 30
0.0
 40
0.05
  0
CIRCLE
  5
327
330
17
100
AcDbEntity
  8
Ptos_reactivos
100
AcDbCircle
 10
14.43391383505136
 20
43.322538665733475
 30
0.0
 40
0.05
  0
CIRCLE
  5
328
330
17
100
AcDbEntity
  8
Ptos_reactivos
100
AcDbCircle
 10
23.88595048801443
 20
2.019157412008574
 30
0.0
 40
0.05
  0
CIRCLE
  5
329
330
17
100
AcDbEntity
  8
Ptos_reactivos
100
AcDbCircle
 10
46.57721220035013
 20
65.98545001106017
 30
0.0
 40
0.05
  0
CIRCLE
  5
32A
330
17
100
AcDbEntity
  8
Ptos_reactivos
100
AcDbCircle
 10
64.39874136551627
 20
28.550624425758294
 30
0.0
 40
0.05
  0
CIRCLE
  5
32B
330
17
100
AcDbEntity
  8
Ptos_reactivos
100
AcDbCircle
 10
20.07447347122483
 20
10.115477668008449
 30
0.0
 40
0.05
  0
CIRCLE
  5
32C
330
17
100
AcDbEntity
  8
Ptos_reactivos
100
AcDbCircle
 10
41.241061922136645
 20
35.35034279549795
 30
0.0
 40
0.05
  0
CIRCLE
  5
32D
330
17
100
AcDbEntity
  8
Ptos_reactivos
100
AcDbCircle
 10
39.88720527527631
 20
25.652061525818542
 30
0.0
 40
0.05
  0
CIRCLE
  5
32E
330
17
100
AcDbEntity
  8
Ptos_reactivos
100
AcDbCircle
 10
71.91188344039853
 20
71.98300841952845
 30
0.0
 40
0.05
  0
CIRCLE
  5
32F
330
17
100
AcDbEntity
  8
Ptos_reactivos
100
AcDbCircle
 10
17.744396834937955
 20
16.89460763453029
 30
0.0
 40
0.05
  0
CIRCLE
  5
330
330
17
100
AcDbEntity
  8
Ptos_reactivos
100
AcDbCircle
 10
47.88797458604815
 20
72.12284320454089
 30
0.0
 40
0.05
  0
CIRCLE
  5
331
330
17
100
AcDbEntity
  8
Ptos_reactivos
100
AcDbCircle
 10
2.264339639290869
 20
70.23426508617203
 30
0.0
 40
0.05
  0
CIRCLE
  5
332
330
17
100
AcDbEntity
  8
Ptos_reactivos
100
AcDbCircle
 10
4.847181615566598
 20
71.81397942448413
 30
0.0
 40
0.05
  0
CIRCLE
  5
333
330
17
100
AcDbEntity
  8
Ptos_reactivos
100
AcDbCircle
 10
8.185507860348023
 20
27.042726351354887
 30
0.0
 40
0.05
  0
CIRCLE
  5
334
330
17
100
AcDbEntity
  8
Ptos_reactivos
100
AcDbCircle
 10
34.85829005790468
 20
56.61747934503764
 30
0.0
 40
0.05
  0
CIRCLE
  5
335
330
17
100
AcDbEntity
  8
Ptos_reactivos
100
AcDbCircle
 10
54.8927903179474
 20
43.01353335517319
 30
0.0
 40
0.05
  0
CIRCLE
  5
336
330
17
100
AcDbEntity
  8
Ptos_reactivos
100
AcDbCircle
 10
58.328328707706746
 20
13.9857275542237
 30
0.0
 40
0.05
  0
CIRCLE
  5
337
330
17
100
AcDbEntity
  8
Ptos_reactivos
100
AcDbCircle
 10
33.217375713794354
 20
32.86750951181618
 30
0.0
 40
0.05
  0
CIRCLE
  5
338
330
17
100
AcDbEntity
  8
Ptos_reactivos
100
AcDbCircle
 10
6.920239217046451
 20
4.65688612261681
 30
0.0
 40
0.05
  0
CIRCLE
  5
339
330
17
100
AcDbEntity
  8
Ptos_reactivos
100
AcDbCircle
 10
30.494700373123337
 20
43.54663094433
 30
0.0
 40
0.05
  0
CIRCLE
  5
33A
330
17
100
AcDbEntity
  8
Ptos_reactivos
100
AcDbCircle
 10
27.6217303919491
 20
43.93468972320822
 30
0.0
 40
0.05
  0
CIRCLE
  5
33B
330
17
100
AcDbEntity
  8
Ptos_reactivos
100
AcDbCircle
 10
23.56609632855178
 20
42.597910999884995
 30
0.0
 40
0.05
  0
CIRCLE
  5
33C
330
17
100
AcDbEntity
  8
Ptos_reactivos
100
AcDbCircle
 10
16.693850399584797
 20
62.960026883501605
 30
0.0
 40
0.05
  0
CIRCLE
  5
33D
330
17
100
AcDbEntity
  8
Ptos_reactivos
100
AcDbCircle
 10
32.038961661818554
 20
53.791110844114165
 30
0.0
 40
0.05
  0
CIRCLE
  5
33E
330
17
100
AcDbEntity
  8
Ptos_reactivos
100
AcDbCircle
 10
22.952558197584338
 20
37.712070000289046
 30
0.0
 40
0.05
  0
CIRCLE
  5
33F
330
17
100
AcDbEntity
  8
Ptos_reactivos
100
AcDbCircle
 10
51.05349963479735
 20
36.595679893170086
 30
0.0
 40
0.05
  0
CIRCLE
  5
340
330
17
100
AcDbEntity
  8
Ptos_reactivos
100
AcDbCircle
 10
10.429802810643132
 20
68.96611813924773
 30
0.0
 40
0.05
  0
CIRCLE
  5
341
330
17
100
AcDbEntity
  8
Ptos_reactivos
100
AcDbCircle
 10
17.435650698097373
 20
22.983865911708616
 30
0.0
 40
0.05
  0
CIRCLE
  5
342
330
17
100
AcDbEntity
  8
Ptos_reactivos
100
AcDbCircle
 10
37.967216226573335
 20
53.18511419713388
 30
0.0
 40
0.05
  0
CIRCLE
  5
343
330
17
100
AcDbEntity
  8
Ptos_reactivos
100
AcDbCircle
 10
59.49637314607117
 20
9.446319411410744
 30
0.0
 40
0.05
  0
CIRCLE
  5
344
330
17
100
AcDbEntity
  8
Ptos_reactivos
100
AcDbCircle
 10
50.78754313645025
 20
45.99131796636839
 30
0.0
 40
0.05
  0
CIRCLE
  5
345
330
17
100
AcDbEntity
  8
Ptos_reactivos
100
AcDbCircle
 10
24.504720446822766
 20
70.75711960515461
 30
0.0
 40
0.05
  0
CIRCLE
  5
346
330
17
100
AcDbEntity
  8
Ptos_reactivos
100
AcDbCircle
 10
60.15124760689558
 20
23.86228553094484
 30
0.0
 40
0.05
  0
CIRCLE
  5
347
330
17
100
AcDbEntity
  8
Ptos_reactivos
100
AcDbCircle
 10
29.110576663809955
 20
39.30100625147984
 30
0.0
 40
0.05
  0
CIRCLE
  5
348
330
17
100
AcDbEntity
  8
Ptos_reactivos
100
AcDbCircle
 10
48.18773989841524
 20
67.14141876251206
 30
0.0
 40
0.05
  0
CIRCLE
  5
349
330
17
100
AcDbEntity
  8
Ptos_reactivos
100
AcDbCircle
 10
60.657151047932864
 20
37.04011289807182
 30
0.0
 40
0.05
  0
CIRCLE
  5
34A
330
17
100
AcDbEntity
  8
Ptos_reactivos
100
AcDbCircle
 10
49.9174711693244
 20
36.292424176856095
 30
0.0
 40
0.05
  0
CIRCLE
  5
34B
330
17
100
AcDbEntity
  8
Ptos_reactivos
100
AcDbCircle
 10
49.01293115423745
 20
67.20028172651895
 30
0.0
 40
0.05
  0
CIRCLE
  5
34C
330
17
100
AcDbEntity
  8
Ptos_reactivos
100
AcDbCircle
 10
44.85287630072552
 20
39.578411458765515
 30
0.0
 40
0.05
  0
CIRCLE
  5
34D
330
17
100
AcDbEntity
  8
Ptos_reactivos
100
AcDbCircle
 10
18.528126378935386
 20
25.71419980245057
 30
0.0
 40
0.05
  0
CIRCLE
  5
34E
330
17
100
AcDbEntity
  8
Ptos_reactivos
100
AcDbCircle
 10
8.86182626738526
 20
66.89032649024915
 30
0.0
 40
0.05
  0
CIRCLE
  5
34F
330
17
100
AcDbEntity
  8
Ptos_reactivos
100
AcDbCircle
 10
47.891429339011445
 20
17.615273464226995
 30
0.0
 40
0.05
  0
CIRCLE
  5
350
330
17
100
AcDbEntity
  8
Ptos_reactivos
100
AcDbCircle
 10
33.56182501627333
 20
22.372416568731214
 30
0.0
 40
0.05
  0
CIRCLE
  5
351
330
17
100
AcDbEntity
  8
Ptos_reactivos
100
AcDbCircle
 10
31.386060631588105
 20
33.14336000361198
 30
0.0
 40
0.05
  0
CIRCLE
  5
352
330
17
100
AcDbEntity
  8
Ptos_reactivos
100
AcDbCircle
 10
7.790135085656486
 20
48.63576836734081
 30
0.0
 40
0.05
  0
CIRCLE
  5
353
330
17
100
AcDbEntity
  8
Ptos_reactivos
100
AcDbCircle
 10
28.026533779810737
 20
28.153521648493893
 30
0.0
 40
0.05
  0
CIRCLE
  5
354
330
17
100
AcDbEntity
  8
Ptos_reactivos
100
AcDbCircle
 10
23.880132909093575
 20
13.30424675506365
 30
0.0
 40
0.05
  0
CIRCLE
  5
355
330
17
100
AcDbEntity
  8
Ptos_reactivos
100
AcDbCircle
 10
26.543633640055628
 20
42.892603163007564
 30
0.0
 40
0.05
  0
CIRCLE
  5
356
330
17
100
AcDbEntity
  8
Ptos_reactivos
100
AcDbCircle
 10
44.915303404642984
 20
20.505324145439005
 30
0.0
 40
0.05
  0
CIRCLE
  5
357
330
17
100
AcDbEntity
  8
Ptos_reactivos
100
AcDbCircle
 10
28.581963667251962
 20
72.53790439371635
 30
0.0
 40
0.05
  0
CIRCLE
  5
358
330
17
100
AcDbEntity
  8
Ptos_reactivos
100
AcDbCircle
 10
28.436390412905435
 20
20.69765522738353
 30
0.0
 40
0.05
  0
CIRCLE
  5
359
330
17
100
AcDbEntity
  8
Ptos_reactivos
100
AcDbCircle
 10
38.8336533332181
 20
50.435494754651785
 30
0.0
 40
0.05
  0
CIRCLE
  5
35A
330
17
100
AcDbEntity
  8
Ptos_reactivos
100
AcDbCircle
 10
49.453035094007916
 20
30.70241316677554
 30
0.0
 40
0.05
  0
CIRCLE
  5
35B
330
17
100
AcDbEntity
  8
Ptos_reactivos
100
AcDbCircle
 10
3.0858988185968856
 20
31.54303391926987
 30
0.0
 40
0.05
  0
CIRCLE
  5
35C
330
17
100
AcDbEntity
  8
Ptos_reactivos
100
AcDbCircle
 10
63.09538027259749
 20
31.420259851053753
 30
0.0
 40
0.05
  0
CIRCLE
  5
35D
330
17
100
AcDbEntity
  8
Ptos_reactivos
100
AcDbCircle
 10
29.878265131373883
 20
32.574074557185945
 30
0.0
 40
0.05
  0
CIRCLE
  5
35E
330
17
100
AcDbEntity
  8
Ptos_reactivos
100
AcDbCircle
 10
39.26365930820837
 20
65.46944608178649
 30
0.0
 40
0.05
  0
CIRCLE
  5
35F
330
17
100
AcDbEntity
  8
Ptos_reactivos
100
AcDbCircle
 10
63.50300501318752
 20
39.38159831750543
 30
0.0
 40
0.05
  0
CIRCLE
  5
360
330
17
100
AcDbEntity
  8
Ptos_reactivos
100
AcDbCircle
 10
13.627778170096954
 20
18.433240376682605
 30
0.0
 40
0.05
  0
CIRCLE
  5
361
330
17
100
AcDbEntity
  8
Ptos_reactivos
100
AcDbCircle
 10
68.05620428070871
 20
23.36172185343606
 30
0.0
 40
0.05
  0
CIRCLE
  5
362
330
17
100
AcDbEntity
  8
Ptos_reactivos
100
AcDbCircle
 10
4.471589992141273
 20
36.456379648687374
 30
0.0
 40
0.05
  0
CIRCLE
  5
363
330
17
100
AcDbEntity
  8
Ptos_reactivos
100
AcDbCircle
 10
47.328821355015556
 20
54.13939210071081
 30
0.0
 40
0.05
  0
CIRCLE
  5
364
330
17
100
AcDbEntity
  8
Ptos_reactivos
100
AcDbCircle
 10
22.172318335793427
 20
32.455471177561535
 30
0.0
 40
0.05
  0
CIRCLE
  5
365
330
17
100
AcDbEntity
  8
Ptos_reactivos
100
AcDbCircle
 10
12.230657850980474
 20
20.279472185241325
 30
0.0
 40
0.05
  0
CIRCLE
  5
366
330
17
100
AcDbEntity
  8
Ptos_reactivos
100
AcDbCircle
 10
4.047935059870634
 20
69.26606845389844
 30
0.0
 40
0.05
  0
CIRCLE
  5
367
330
17
100
AcDbEntity
  8
Ptos_reactivos
100
AcDbCircle
 10
47.46796034264828
 20
18.146470160198515
 30
0.0
 40
0.05
  0
CIRCLE
  5
368
330
17
100
AcDbEntity
  8
Ptos_reactivos
100
AcDbCircle
 10
29.440209992687635
 20
30.664191346531215
 30
0.0
 40
0.05
  0
CIRCLE
  5
369
330
17
100
AcDbEntity
  8
Ptos_reactivos
100
AcDbCircle
 10
20.327342083258166
 20
39.83836602396502
 30
0.0
 40
0.05
  0
CIRCLE
  5
36A
330
17
100
AcDbEntity
  8
Ptos_reactivos
100
AcDbCircle
 10
53.57001719580232
 20
40.41468993219147
 30
0.0
 40
0.05
  0
CIRCLE
  5
36B
330
17
100
AcDbEntity
  8
Ptos_reactivos
100
AcDbCircle
 10
7.773239950303265
 20
53.22710626466111
 30
0.0
 40
0.05
  0
CIRCLE
  5
36C
330
17
100
AcDbEntity
  8
Ptos_reactivos
100
AcDbCircle
 10
63.61297300575487
 20
31.550164263270407
 30
0.0
 40
0.05
  0
CIRCLE
  5
36D
330
17
100
AcDbEntity
  8
Ptos_reactivos
100
AcDbCircle
 10
6.261436150384009
 20
53.4842302485232
 30
0.0
 40
0.05
  0
CIRCLE
  5
36E
330
17
100
AcDbEntity
  8
Ptos_reactivos
100
AcDbCircle
 10
44.0158342056047
 20
19.817611281732294
 30
0.0
 40
0.05
  0
CIRCLE
  5
36F
330
17
100
AcDbEntity
  8
Ptos_reactivos
100
AcDbCircle
 10
16.815185610520633
 20
14.083096001890222
 30
0.0
 40
0.05
  0
CIRCLE
  5
370
330
17
100
AcDbEntity
  8
Ptos_reactivos
100
AcDbCircle
 10
24.7817019352317
 20
10.089529952464419
 30
0.0
 40
0.05
  0
CIRCLE
  5
371
330
17
100
AcDbEntity
  8
Ptos_reactivos
100
AcDbCircle
 10
33.36977968549988
 20
70.10231022744422
 30
0.0
 40
0.05
  0
CIRCLE
  5
372
330
17
100
AcDbEntity
  8
Ptos_reactivos
100
AcDbCircle
 10
21.12012975188286
 20
10.205691151037627
 30
0.0
 40
0.05
  0
CIRCLE
  5
373
330
17
100
AcDbEntity
  8
Ptos_reactivos
100
AcDbCircle
 10
59.079015401685844
 20
66.04904077732532
 30
0.0
 40
0.05
  0
CIRCLE
  5
374
330
17
100
AcDbEntity
  8
Ptos_reactivos
100
AcDbCircle
 10
63.73445307324916
 20
14.796259140851712
 30
0.0
 40
0.05
  0
CIRCLE
  5
375
330
17
100
AcDbEntity
  8
Ptos_reactivos
100
AcDbCircle
 10
50.07664883256763
 20
37.08041612806144
 30
0.0
 40
0.05
  0
CIRCLE
  5
376
330
17
100
AcDbEntity
  8
Ptos_reactivos
100
AcDbCircle
 10
51.6148231437041
 20
9.084212995434815
 30
0.0
 40
0.05
  0
CIRCLE
  5
377
330
17
100
AcDbEntity
  8
Ptos_reactivos
100
AcDbCircle
 10
25.43944332114506
 20
26.057382007134866
 30
0.0
 40
0.05
  0
CIRCLE
  5
378
330
17
100
AcDbEntity
  8
Ptos_reactivos
100
AcDbCircle
 10
8.80109844383487
 20
38.09831003045651
 30
0.0
 40
0.05
  0
CIRCLE
  5
379
330
17
100
AcDbEntity
  8
Ptos_reactivos
100
AcDbCircle
 10
29.738817651138262
 20
56.87217771183821
 30
0.0
 40
0.05
  0
CIRCLE
  5
37A
330
17
100
AcDbEntity
  8
Ptos_reactivos
100
AcDbCircle
 10
40.57447175751342
 20
22.46985407564197
 30
0.0
 40
0.05
  0
CIRCLE
  5
37B
330
17
100
AcDbEntity
  8
Ptos_reactivos
100
AcDbCircle
 10
29.01025553874865
 20
32.10505594236627
 30
0.0
 40
0.05
  0
CIRCLE
  5
37C
330
17
100
AcDbEntity
  8
Ptos_reactivos
100
AcDbCircle
 10
69.48084965369236
 20
64.3404007052819
 30
0.0
 40
0.05
  0
CIRCLE
  5
37D
330
17
100
AcDbEntity
  8
Ptos_reactivos
100
AcDbCircle
 10
69.60778455985357
 20
18.930713904697864
 30
0.0
 40
0.05
  0
CIRCLE
  5
37E
330
17
100
AcDbEntity
  8
Ptos_reactivos
100
AcDbCircle
 10
9.760852136319256
 20
53.68630003165547
 30
0.0
 40
0.05
  0
CIRCLE
  5
37F
330
17
100
AcDbEntity
  8
Ptos_reactivos
100
AcDbCircle
 10
67.41961730195726
 20
5.60847958127701
 30
0.0
 40
0.05
  0
CIRCLE
  5
380
330
17
100
AcDbEntity
  8
Ptos_reactivos
100
AcDbCircle
 10
40.77883079472945
 20
21.40787260206246
 30
0.0
 40
0.05
  0
CIRCLE
  5
381
330
17
100
AcDbEntity
  8
Ptos_reactivos
100
AcDbCircle
 10
50.15823961112287
 20
32.24620225757588
 30
0.0
 40
0.05
  0
CIRCLE
  5
382
330
17
100
AcDbEntity
  8
Ptos_reactivos
100
AcDbCircle
 10
23.62037123952212
 20
25.727057323527376
 30
0.0
 40
0.05
  0
CIRCLE
  5
383
330
17
100
AcDbEntity
  8
Ptos_reactivos
100
AcDbCircle
 10
16.739393020747404
 20
61.597553101420246
 30
0.0
 40
0.05
  0
CIRCLE
  5
384
330
17
100
AcDbEntity
  8
Ptos_reactivos
100
AcDbCircle
 10
41.85959407788385
 20
37.593212687989805
 30
0.0
 40
0.05
  0
CIRCLE
  5
385
330
17
100
AcDbEntity
  8
Ptos_reactivos
100
AcDbCircle
 10
21.217155310756905
 20
25.006317708282907
 30
0.0
 40
0.05
  0
CIRCLE
  5
386
330
17
100
AcDbEntity
  8
Ptos_reactivos
100
AcDbCircle
 10
71.19532447309462
 20
18.85292179887888
 30
0.0
 40
0.05
  0
CIRCLE
  5
387
330
17
100
AcDbEntity
  8
Ptos_reactivos
100
AcDbCircle
 10
9.412808064354389
 20
16.663475670171817
 30
0.0
 40
0.05
  0
CIRCLE
  5
388
330
17
100
AcDbEntity
  8
Ptos_reactivos
100
AcDbCircle
 10
48.26628698043888
 20
51.76842757494538
 30
0.0
 40
0.05
  0
CIRCLE
  5
389
330
17
100
AcDbEntity
  8
Ptos_reactivos
100
AcDbCircle
 10
58.82642959414833
 20
48.88646383346523
 30
0.0
 40
0.05
  0
CIRCLE
  5
38A
330
17
100
AcDbEntity
  8
Ptos_reactivos
100
AcDbCircle
 10
63.421718468536476
 20
59.561452805274676
 30
0.0
 40
0.05
  0
CIRCLE
  5
38B
330
17
100
AcDbEntity
  8
Ptos_reactivos
100
AcDbCircle
 10
27.944394699529816
 20
19.89336002258061
 30
0.0
 40
0.05
  0
CIRCLE
  5
38C
330
17
100
AcDbEntity
  8
Ptos_reactivos
100
AcDbCircle
 10
33.94582723434143
 20
3.9355735448847935
 30
0.0
 40
0.05
  0
CIRCLE
  5
38D
330
17
100
AcDbEntity
  8
Ptos_reactivos
100
AcDbCircle
 10
36.26882281555829
 20
26.39850520332044
 30
0.0
 40
0.05
  0
CIRCLE
  5
38E
330
17
100
AcDbEntity
  8
Ptos_reactivos
100
AcDbCircle
 10
10.724706637341718
 20
13.795452161939886
 30
0.0
 40
0.05
  0
CIRCLE
  5
38F
330
17
100
AcDbEntity
  8
Ptos_reactivos
100
AcDbCircle
 10
63.19065936263072
 20
45.8570615494437
 30
0.0
 40
0.05
  0
CIRCLE
  5
390
330
17
100
AcDbEntity
  8
Ptos_reactivos
100
AcDbCircle
 10
42.0329663809963
 20
65.96377817805309
 30
0.0
 40
0.05
  0
CIRCLE
  5
391
330
17
100
AcDbEntity
  8
Ptos_reactivos
100
AcDbCircle
 10
43.71678579038947
 20
34.06945951375188
 30
0.0
 40
0.05
  0
CIRCLE
  5
392
330
17
100
AcDbEntity
  8
Ptos_reactivos
100
AcDbCircle
 10
65.37598976923996
 20
16.469871678325166
 30
0.0
 40
0.05
  0
CIRCLE
  5
393
330
17
100
AcDbEntity
  8
Ptos_reactivos
100
AcDbCircle
 10
37.875344185589796
 20
58.15638035579219
 30
0.0
 40
0.05
  0
CIRCLE
  5
394
330
17
100
AcDbEntity
  8
Ptos_reactivos
100
AcDbCircle
 10
3.3300757612816145
 20
48.53300027918043
 30
0.0
 40
0.05
  0
CIRCLE
  5
395
330
17
100
AcDbEntity
  8
Ptos_reactivos
100
AcDbCircle
 10
54.03156600064202
 20
19.223553486271207
 30
0.0
 40
0.05
  0
CIRCLE
  5
396
330
17
100
AcDbEntity
  8
Ptos_reactivos
100
AcDbCircle
 10
13.776089346829515
 20
71.04979103085255
 30
0.0
 40
0.05
  0
CIRCLE
  5
397
330
17
100
AcDbEntity
  8
Ptos_reactivos
100
AcDbCircle
 10
4.294899445084965
 20
68.5345929917745
 30
0.0
 40
0.05
  0
CIRCLE
  5
398
330
17
100
AcDbEntity
  8
Ptos_reactivos
100
AcDbCircle
 10
49.48886859776418
 20
40.24044839570521
 30
0.0
 40
0.05
  0
CIRCLE
  5
399
330
17
100
AcDbEntity
  8
Ptos_reactivos
100
AcDbCircle
 10
60.02487624042289
 20
18.04008249287248
 30
0.0
 40
0.05
  0
CIRCLE
  5
39A
330
17
100
AcDbEntity
  8
Ptos_reactivos
100
AcDbCircle
 10
35.91818726140383
 20
11.104968730670759
 30
0.0
 40
0.05
  0
CIRCLE
  5
39B
330
17
100
AcDbEntity
  8
Ptos_reactivos
100
AcDbCircle
 10
50.437974026777724
 20
63.54056392953
 30
0.0
 40
0.05
  0
CIRCLE
  5
39C
330
17
100
AcDbEntity
  8
Ptos_reactivos
100
AcDbCircle
 10
54.908828249043225
 20
14.776377043249516
 30
0.0
 40
0.05
  0
CIRCLE
  5
39D
330
17
100
AcDbEntity
  8
Ptos_reactivos
100
AcDbCircle
 10
40.343521513840784
 20
66.84240600952106
 30
0.0
 40
0.05
  0
CIRCLE
  5
39E
330
17
100
AcDbEntity
  8
Ptos_reactivos
100
AcDbCircle
 10
50.75737282730427
 20
42.55573124792591
 30
0.0
 40
0.05
  0
CIRCLE
  5
39F
330
17
100
AcDbEntity
  8
Ptos_reactivos
100
AcDbCircle
 10
65.66785440835442
 20
17.388485450164154
 30
0.0
 40
0.05
  0
CIRCLE
  5
3A0
330
17
100
AcDbEntity
  8
Ptos_reactivos
100
AcDbCircle
 10
6.916350032956265
 20
12.344428952964906
 30
0.0
 40
0.05
  0
CIRCLE
  5
3A1
330
17
100
AcDbEntity
  8
Ptos_reactivos
100
AcDbCircle
 10
57.07256408135949
 20
33.31761128812721
 30
0.0
 40
0.05
  0
CIRCLE
  5
3A2
330
17
100
AcDbEntity
  8
Ptos_reactivos
100
AcDbCircle
 10
38.21358005337957
 20
34.01164109935174
 30
0.0
 40
0.05
  0
CIRCLE
  5
3A3
330
17
100
AcDbEntity
  8
Ptos_reactivos
100
AcDbCircle
 10
16.014277412252607
 20
24.17579522659902
 30
0.0
 40
0.05
  0
CIRCLE
  5
3A4
330
17
100
AcDbEntity
  8
Ptos_reactivos
100
AcDbCircle
 10
68.84778453084071
 20
74.31240404365195
 30
0.0
 40
0.05
  0
CIRCLE
  5
3A5
330
17
100
AcDbEntity
  8
Ptos_reactivos
100
AcDbCircle
 10
37.17155137865566
 20
3.44401952390668
 30
0.0
 40
0.05
  0
CIRCLE
  5
3A6
330
17
100
AcDbEntity
  8
Ptos_reactivos
100
AcDbCircle
 10
7.4940789866163895
 20
52.58694245089529
 30
0.0
 40
0.05
  0
CIRCLE
  5
3A7
330
17
100
AcDbEntity
  8
Ptos_reactivos
100
AcDbCircle
 10
62.42646297824293
 20
27.447843183428866
 30
0.0
 40
0.05
  0
CIRCLE
  5
3A8
330
17
100
AcDbEntity
  8
Ptos_reactivos
100
AcDbCircle
 10
24.70911802115486
 20
51.326346692878204
 30
0.0
 40
0.05
  0
CIRCLE
  5
3A9
330
17
100
AcDbEntity
  8
Ptos_reactivos
100
AcDbCircle
 10
52.6137016692212
 20
6.937178725465834
 30
0.0
 40
0.05
  0
CIRCLE
  5
3AA
330
17
100
AcDbEntity
  8
Ptos_reactivos
100
AcDbCircle
 10
4.15931715519012
 20
46.79630401531195
 30
0.0
 40
0.05
  0
CIRCLE
  5
3AB
330
17
100
AcDbEntity
  8
Ptos_reactivos
100
AcDbCircle
 10
52.425118474074495
 20
15.734266418055668
 30
0.0
 40
0.05
  0
CIRCLE
  5
3AC
330
17
100
AcDbEntity
  8
Ptos_reactivos
100
AcDbCircle
 10
7.188945157950391
 20
31.508925890922537
 30
0.0
 40
0.05
  0
CIRCLE
  5
3AD
330
17
100
AcDbEntity
  8
Ptos_reactivos
100
AcDbCircle
 10
62.382044192615254
 20
20.7684017267437
 30
0.0
 40
0.05
  0
CIRCLE
  5
3AE
330
17
100
AcDbEntity
  8
Ptos_reactivos
100
AcDbCircle
 10
64.29806018977568
 20
22.672338681350222
 30
0.0
 40
0.05
  0
CIRCLE
  5
3AF
330
17
100
AcDbEntity
  8
Ptos_reactivos
100
AcDbCircle
 10
19.904355949059752
 20
41.11900357953445
 30
0.0
 40
0.05
  0
CIRCLE
  5
3B0
330
17
100
AcDbEntity
  8
Ptos_reactivos
100
AcDbCircle
 10
40.95516750597301
 20
55.56759728989299
 30
0.0
 40
0.05
  0
CIRCLE
  5
3B1
330
17
100
AcDbEntity
  8
Ptos_reactivos
100
AcDbCircle
 10
27.435446636180224
 20
13.653250515933872
 30
0.0
 40
0.05
  0
CIRCLE
  5
3B2
330
17
100
AcDbEntity
  8
Ptos_reactivos
100
AcDbCircle
 10
21.365228994534554
 20
2.526644168873729
 30
0.0
 40
0.05
  0
CIRCLE
  5
3B3
330
17
100
AcDbEntity
  8
Ptos_reactivos
100
AcDbCircle
 10
7.827571248483584
 20
5.397075732813797
 30
0.0
 40
0.05
  0
CIRCLE
  5
3B4
330
17
100
AcDbEntity
  8
Ptos_reactivos
100
AcDbCircle
 10
16.12207137117279
 20
27.35386424347485
 30
0.0
 40
0.05
  0
CIRCLE
  5
3B5
330
17
100
AcDbEntity
  8
Ptos_reactivos
100
AcDbCircle
 10
52.14165912538277
 20
58.055222209362135
 30
0.0
 40
0.05
  0
CIRCLE
  5
3B6
330
17
100
AcDbEntity
  8
Ptos_reactivos
100
AcDbCircle
 10
60.04044256565122
 20
36.65338830977867
 30
0.0
 40
0.05
  0
CIRCLE
  5
3B7
330
17
100
AcDbEntity
  8
Ptos_reactivos
100
AcDbCircle
 10
35.68137907314393
 20
53.19113347265895
 30
0.0
 40
0.05
  0
CIRCLE
  5
3B8
330
17
100
AcDbEntity
  8
Ptos_reactivos
100
AcDbCircle
 10
52.63400153333023
 20
45.265579966862504
 30
0.0
 40
0.05
  0
CIRCLE
  5
3B9
330
17
100
AcDbEntity
  8
Ptos_reactivos
100
AcDbCircle
 10
7.287539877424043
 20
52.95635114610762
 30
0.0
 40
0.05
  0
CIRCLE
  5
3BA
330
17
100
AcDbEntity
  8
Ptos_reactivos
100
AcDbCircle
 10
48.06016316457352
 20
72.39488274541765
 30
0.0
 40
0.05
  0
CIRCLE
  5
3BB
330
17
100
AcDbEntity
  8
Ptos_reactivos
100
AcDbCircle
 10
11.24143871458083
 20
49.31759180881219
 30
0.0
 40
0.05
  0
CIRCLE
  5
3BC
330
17
100
AcDbEntity
  8
Ptos_reactivos
100
AcDbCircle
 10
64.35009608784229
 20
1.384743920384393
 30
0.0
 40
0.05
  0
CIRCLE
  5
3BD
330
17
100
AcDbEntity
  8
Ptos_reactivos
100
AcDbCircle
 10
49.90352760743569
 20
21.388597951695427
 30
0.0
 40
0.05
  0
CIRCLE
  5
3BE
330
17
100
AcDbEntity
  8
Ptos_reactivos
100
AcDbCircle
 10
47.67484989260507
 20
53.552708054538186
 30
0.0
 40
0.05
  0
CIRCLE
  5
3BF
330
17
100
AcDbEntity
  8
Ptos_reactivos
100
AcDbCircle
 10
46.38917345920494
 20
68.26024904679137
 30
0.0
 40
0.05
  0
CIRCLE
  5
3C0
330
17
100
AcDbEntity
  8
Ptos_reactivos
100
AcDbCircle
 10
15.313217420133347
 20
69.50073875808079
 30
0.0
 40
0.05
  0
CIRCLE
  5
3C1
330
17
100
AcDbEntity
  8
Ptos_reactivos
100
AcDbCircle
 10
33.66410461452335
 20
44.125208524066544
 30
0.0
 40
0.05
  0
CIRCLE
  5
3C2
330
17
100
AcDbEntity
  8
Ptos_reactivos
100
AcDbCircle
 10
6.237831207839534
 20
37.700376095106535
 30
0.0
 40
0.05
  0
CIRCLE
  5
3C3
330
17
100
AcDbEntity
  8
Ptos_reactivos
100
AcDbCircle
 10
19.224079614297928
 20
27.91891656469273
 30
0.0
 40
0.05
  0
CIRCLE
  5
3C4
330
17
100
AcDbEntity
  8
Ptos_reactivos
100
AcDbCircle
 10
8.283804607810378
 20
38.98598775858161
 30
0.0
 40
0.05
  0
CIRCLE
  5
3C5
330
17
100
AcDbEntity
  8
Ptos_reactivos
100
AcDbCircle
 10
47.42741287155437
 20
44.79449452610521
 30
0.0
 40
0.05
  0
CIRCLE
  5
3C6
330
17
100
AcDbEntity
  8
Ptos_reactivos
100
AcDbCircle
 10
28.972427652193904
 20
17.352497904919836
 30
0.0
 40
0.05
  0
CIRCLE
  5
3C7
330
17
100
AcDbEntity
  8
Ptos_reactivos
100
AcDbCircle
 10
47.251863987839336
 20
62.20939787454922
 30
0.0
 40
0.05
  0
CIRCLE
  5
3C8
330
17
100
AcDbEntity
  8
Ptos_reactivos
100
AcDbCircle
 10
4.075603107664777
 20
10.484399668236453
 30
0.0
 40
0.05
  0
CIRCLE
  5
3C9
330
17
100
AcDbEntity
  8
Ptos_reactivos
100
AcDbCircle
 10
72.26051838837256
 20
70.23563181731417
 30
0.0
 40
0.05
  0
CIRCLE
  5
3CA
330
17
100
AcDbEntity
  8
Ptos_reactivos
100
AcDbCircle
 10
4.264508362406161
 20
1.0972317516158485
 30
0.0
 40
0.05
  0
CIRCLE
  5
3CB
330
17
100
AcDbEntity
  8
Ptos_reactivos
100
AcDbCircle
 10
36.23508392781221
 20
56.622687412429315
 30
0.0
 40
0.05
  0
CIRCLE
  5
3CC
330
17
100
AcDbEntity
  8
Ptos_reactivos
100
AcDbCircle
 10
4.951626445841237
 20
63.584167435645526
 30
0.0
 40
0.05
  0
CIRCLE
  5
3CD
330
17
100
AcDbEntity
  8
Ptos_reactivos
100
AcDbCircle
 10
30.63358599543145
 20
4.683818130764414
 30
0.0
 40
0.05
  0
CIRCLE
  5
3CE
330
17
100
AcDbEntity
  8
Ptos_reactivos
100
AcDbCircle
 10
3.2209290990284662
 20
71.24671778937494
 30
0.0
 40
0.05
  0
CIRCLE
  5
3CF
330
17
100
AcDbEntity
  8
Ptos_reactivos
100
AcDbCircle
 10
56.57097377797438
 20
37.05668075507152
 30
0.0
 40
0.05
  0
CIRCLE
  5
3D0
330
17
100
AcDbEntity
  8
Ptos_reactivos
100
AcDbCircle
 10
10.06657959378961
 20
32.84540425050329
 30
0.0
 40
0.05
  0
CIRCLE
  5
3D1
330
17
100
AcDbEntity
  8
Ptos_reactivos
100
AcDbCircle
 10
15.016153546436758
 20
26.7816362632565
 30
0.0
 40
0.05
  0
CIRCLE
  5
3D2
330
17
100
AcDbEntity
  8
Ptos_reactivos
100
AcDbCircle
 10
6.898740432855021
 20
27.599685549199435
 30
0.0
 40
0.05
  0
CIRCLE
  5
3D3
330
17
100
AcDbEntity
  8
Ptos_reactivos
100
AcDbCircle
 10
38.1159620765502
 20
27.545711298995776
 30
0.0
 40
0.05
  0
CIRCLE
  5
3D4
330
17
100
AcDbEntity
  8
Ptos_reactivos
100
AcDbCircle
 10
35.64407628824638
 20
44.87937134616529
 30
0.0
 40
0.05
  0
CIRCLE
  5
3D5
330
17
100
AcDbEntity
  8
Ptos_reactivos
100
AcDbCircle
 10
73.94453810468694
 20
41.75486200003256
 30
0.0
 40
0.05
  0
CIRCLE
  5
3D6
330
17
100
AcDbEntity
  8
Ptos_reactivos
100
AcDbCircle
 10
47.7119398429371
 20
27.090948229174202
 30
0.0
 40
0.05
  0
CIRCLE
  5
3D7
330
17
100
AcDbEntity
  8
Ptos_reactivos
100
AcDbCircle
 10
55.309706161272565
 20
50.165837285361896
 30
0.0
 40
0.05
  0
CIRCLE
  5
3D8
330
17
100
AcDbEntity
  8
Ptos_reactivos
100
AcDbCircle
 10
63.377046353704195
 20
46.90155159041896
 30
0.0
 40
0.05
  0
CIRCLE
  5
3D9
330
17
100
AcDbEntity
  8
Ptos_reactivos
100
AcDbCircle
 10
71.98279913382896
 20
44.44434391748147
 30
0.0
 40
0.05
  0
CIRCLE
  5
3DA
330
17
100
AcDbEntity
  8
Ptos_reactivos
100
AcDbCircle
 10
10.690015013628612
 20
6.653417910879972
 30
0.0
 40
0.05
  0
CIRCLE
  5
3DB
330
17
100
AcDbEntity
  8
Ptos_reactivos
100
AcDbCircle
 10
60.37772993397962
 20
7.990454439720432
 30
0.0
 40
0.05
  0
CIRCLE
  5
3DC
330
17
100
AcDbEntity
  8
Ptos_reactivos
100
AcDbCircle
 10
30.97672836325206
 20
65.27335856395834
 30
0.0
 40
0.05
  0
CIRCLE
  5
3DD
330
17
100
AcDbEntity
  8
Ptos_reactivos
100
AcDbCircle
 10
53.35425520994917
 20
31.734295386982527
 30
0.0
 40
0.05
  0
CIRCLE
  5
3DE
330
17
100
AcDbEntity
  8
Ptos_reactivos
100
AcDbCircle
 10
3.732289297223071
 20
46.83717977572314
 30
0.0
 40
0.05
  0
CIRCLE
  5
3DF
330
17
100
AcDbEntity
  8
Ptos_reactivos
100
AcDbCircle
 10
54.283733978209554
 20
59.33597119713043
 30
0.0
 40
0.05
  0
CIRCLE
  5
3E0
330
17
100
AcDbEntity
  8
Ptos_reactivos
100
AcDbCircle
 10
22.802365627553158
 20
31.33833256142713
 30
0.0
 40
0.05
  0
CIRCLE
  5
3E1
330
17
100
AcDbEntity
  8
Ptos_reactivos
100
AcDbCircle
 10
55.83479370524725
 20
61.812573147710324
 30
0.0
 40
0.05
  0
CIRCLE
  5
3E2
330
17
100
AcDbEntity
  8
Ptos_reactivos
100
AcDbCircle
 10
56.42829011924658
 20
12.475642777746646
 30
0.0
 40
0.05
  0
CIRCLE
  5
3E3
330
17
100
AcDbEntity
  8
Ptos_reactivos
100
AcDbCircle
 10
62.22496560055796
 20
13.988010489270206
 30
0.0
 40
0.05
  0
CIRCLE
  5
3E4
330
17
100
AcDbEntity
  8
Ptos_reactivos
100
AcDbCircle
 10
22.909662340380127
 20
29.260274357856083
 30
0.0
 40
0.05
  0
CIRCLE
  5
3E5
330
17
100
AcDbEntity
  8
Ptos_reactivos
100
AcDbCircle
 10
14.346774091648864
 20
42.39705243619328
 30
0.0
 40
0.05
  0
CIRCLE
  5
3E6
330
17
100
AcDbEntity
  8
Ptos_reactivos
100
AcDbCircle
 10
18.209609984084604
 20
37.13321495346993
 30
0.0
 40
0.05
  0
CIRCLE
  5
3E7
330
17
100
AcDbEntity
  8
Ptos_reactivos
100
AcDbCircle
 10
23.845196622847425
 20
27.253827691268082
 30
0.0
 40
0.05
  0
CIRCLE
  5
3E8
330
17
100
AcDbEntity
  8
Ptos_reactivos
100
AcDbCircle
 10
23.389325992127482
 20
10.149947974530132
 30
0.0
 40
0.05
  0
CIRCLE
  5
3E9
330
17
100
AcDbEntity
  8
Ptos_reactivos
100
AcDbCircle
 10
65.14959922291875
 20
59.22590216252391
 30
0.0
 40
0.05
  0
CIRCLE
  5
3EA
330
17
100
AcDbEntity
  8
Ptos_reactivos
100
AcDbCircle
 10
21.75606890794401
 20
15.650356837871692
 30
0.0
 40
0.05
  0
CIRCLE
  5
3EB
330
17
100
AcDbEntity
  8
Ptos_reactivos
100
AcDbCircle
 10
48.77872164424702
 20
42.11456515436143
 30
0.0
 40
0.05
  0
CIRCLE
  5
3EC
330
17
100
AcDbEntity
  8
Ptos_reactivos
100
AcDbCircle
 10
67.64226710887597
 20
72.14213885518436
 30
0.0
 40
0.05
  0
CIRCLE
  5
3ED
330
17
100
AcDbEntity
  8
Ptos_reactivos
100
AcDbCircle
 10
5.665740049942503
 20
1.6582629321849702
 30
0.0
 40
0.05
  0
CIRCLE
  5
3EE
330
17
100
AcDbEntity
  8
Ptos_reactivos
100
AcDbCircle
 10
50.58687370361918
 20
69.86572731485683
 30
0.0
 40
0.05
  0
CIRCLE
  5
3EF
330
17
100
AcDbEntity
  8
Ptos_reactivos
100
AcDbCircle
 10
47.30926165033472
 20
35.739716518469876
 30
0.0
 40
0.05
  0
CIRCLE
  5
3F0
330
17
100
AcDbEntity
  8
Ptos_reactivos
100
AcDbCircle
 10
15.524182210751986
 20
56.53045665936315
 30
0.0
 40
0.05
  0
CIRCLE
  5
3F1
330
17
100
AcDbEntity
  8
Ptos_reactivos
100
AcDbCircle
 10
61.76988709600075
 20
55.15352977442985
 30
0.0
 40
0.05
  0
CIRCLE
  5
3F2
330
17
100
AcDbEntity
  8
Ptos_reactivos
100
AcDbCircle
 10
13.062137249152991
 20
43.37233203075792
 30
0.0
 40
0.05
  0
CIRCLE
  5
3F3
330
17
100
AcDbEntity
  8
Ptos_reactivos
100
AcDbCircle
 10
53.42654368624911
 20
50.3455934413498
 30
0.0
 40
0.05
  0
CIRCLE
  5
3F4
330
17
100
AcDbEntity
  8
Ptos_reactivos
100
AcDbCircle
 10
27.080819333964897
 20
71.2388283749525
 30
0.0
 40
0.05
  0
CIRCLE
  5
3F5
330
17
100
AcDbEntity
  8
Ptos_reactivos
100
AcDbCircle
 10
33.9725569693779
 20
3.0989692219029226
 30
0.0
 40
0.05
  0
CIRCLE
  5
3F6
330
17
100
AcDbEntity
  8
Ptos_reactivos
100
AcDbCircle
 10
70.17221043223421
 20
31.596718588485658
 30
0.0
 40
0.05
  0
CIRCLE
  5
3F7
330
17
100
AcDbEntity
  8
Ptos_reactivos
100
AcDbCircle
 10
24.947501402726154
 20
8.76167033909281
 30
0.0
 40
0.05
  0
CIRCLE
  5
3F8
330
17
100
AcDbEntity
  8
Ptos_reactivos
100
AcDbCircle
 10
57.22235103584656
 20
32.87205258356996
 30
0.0
 40
0.05
  0
CIRCLE
  5
3F9
330
17
100
AcDbEntity
  8
Ptos_reactivos
100
AcDbCircle
 10
62.513582269739686
 20
57.114594984693895
 30
0.0
 40
0.05
  0
CIRCLE
  5
3FA
330
17
100
AcDbEntity
  8
Ptos_reactivos
100
AcDbCircle
 10
23.46779860596223
 20
38.8941012470571
 30
0.0
 40
0.05
  0
CIRCLE
  5
3FB
330
17
100
AcDbEntity
  8
Ptos_reactivos
100
AcDbCircle
 10
28.425065764144964
 20
45.151986010946565
 30
0.0
 40
0.05
  0
CIRCLE
  5
3FC
330
17
100
AcDbEntity
  8
Ptos_reactivos
100
AcDbCircle
 10
31.655299959566747
 20
32.51696737455079
 30
0.0
 40
0.05
  0
CIRCLE
  5
3FD
330
17
100
AcDbEntity
  8
Ptos_reactivos
100
AcDbCircle
 10
61.83514724193622
 20
48.99124645041522
 30
0.0
 40
0.05
  0
CIRCLE
  5
3FE
330
17
100
AcDbEntity
  8
Ptos_reactivos
100
AcDbCircle
 10
53.32924823076134
 20
16.327618350563657
 30
0.0
 40
0.05
  0
CIRCLE
  5
3FF
330
17
100
AcDbEntity
  8
Ptos_reactivos
100
AcDbCircle
 10
29.910156952642904
 20
42.718482125597916
 30
0.0
 40
0.05
  0
CIRCLE
  5
400
330
17
100
AcDbEntity
  8
Ptos_reactivos
100
AcDbCircle
 10
4.667000012252073
 20
50.0173281758238
 30
0.0
 40
0.05
  0
CIRCLE
  5
401
330
17
100
AcDbEntity
  8
Ptos_reactivos
100
AcDbCircle
 10
23.37309458846945
 20
10.659704713720206
 30
0.0
 40
0.05
  0
CIRCLE
  5
402
330
17
100
AcDbEntity
  8
Ptos_reactivos
100
AcDbCircle
 10
32.11813533531313
 20
54.15071557744212
 30
0.0
 40
0.05
  0
CIRCLE
  5
403
330
17
100
AcDbEntity
  8
Ptos_reactivos
100
AcDbCircle
 10
69.43719003834931
 20
17.87661547513604
 30
0.0
 40
0.05
  0
CIRCLE
  5
404
330
17
100
AcDbEntity
  8
Ptos_reactivos
100
AcDbCircle
 10
43.82333395058671
 20
49.822830878892525
 30
0.0
 40
0.05
  0
CIRCLE
  5
405
330
17
100
AcDbEntity
  8
Ptos_reactivos
100
AcDbCircle
 10
35.710397983604
 20
26.832767344787243
 30
0.0
 40
0.05
  0
CIRCLE
  5
406
330
17
100
AcDbEntity
  8
Ptos_reactivos
100
AcDbCircle
 10
58.43328042156717
 20
27.54663784164742
 30
0.0
 40
0.05
  0
CIRCLE
  5
407
330
17
100
AcDbEntity
  8
Ptos_reactivos
100
AcDbCircle
 10
37.19824531262629
 20
24.701996611799178
 30
0.0
 40
0.05
  0
CIRCLE
  5
408
330
17
100
AcDbEntity
  8
Ptos_reactivos
100
AcDbCircle
 10
23.81354835770687
 20
52.58423726669073
 30
0.0
 40
0.05
  0
CIRCLE
  5
409
330
17
100
AcDbEntity
  8
Ptos_reactivos
100
AcDbCircle
 10
26.247772686380532
 20
5.045779353844054
 30
0.0
 40
0.05
  0
CIRCLE
  5
40A
330
17
100
AcDbEntity
  8
Ptos_reactivos
100
AcDbCircle
 10
64.63919542600442
 20
67.4149041928528
 30
0.0
 40
0.05
  0
CIRCLE
  5
40B
330
17
100
AcDbEntity
  8
Ptos_reactivos
100
AcDbCircle
 10
66.07626036342093
 20
70.19594556587133
 30
0.0
 40
0.05
  0
CIRCLE
  5
40C
330
17
100
AcDbEntity
  8
Ptos_reactivos
100
AcDbCircle
 10
12.547124989282205
 20
71.4961992650042
 30
0.0
 40
0.05
  0
CIRCLE
  5
40D
330
17
100
AcDbEntity
  8
Ptos_reactivos
100
AcDbCircle
 10
62.83141827574476
 20
20.65379473687941
 30
0.0
 40
0.05
  0
CIRCLE
  5
40E
330
17
100
AcDbEntity
  8
Ptos_reactivos
100
AcDbCircle
 10
52.12958312967817
 20
25.82593291484166
 30
0.0
 40
0.05
  0
CIRCLE
  5
40F
330
17
100
AcDbEntity
  8
Ptos_reactivos
100
AcDbCircle
 10
62.442038609882864
 20
31.529600963784056
 30
0.0
 40
0.05
  0
CIRCLE
  5
410
330
17
100
AcDbEntity
  8
Ptos_reactivos
100
AcDbCircle
 10
64.12028291222771
 20
17.480352348371078
 30
0.0
 40
0.05
  0
CIRCLE
  5
411
330
17
100
AcDbEntity
  8
Ptos_reactivos
100
AcDbCircle
 10
27.12314486051538
 20
28.460787433005137
 30
0.0
 40
0.05
  0
CIRCLE
  5
412
330
17
100
AcDbEntity
  8
Ptos_reactivos
100
AcDbCircle
 10
61.14437572395602
 20
42.31673129468062
 30
0.0
 40
0.05
  0
CIRCLE
  5
413
330
17
100
AcDbEntity
  8
Ptos_reactivos
100
AcDbCircle
 10
74.63095477941616
 20
43.64071023478793
 30
0.0
 40
0.05
  0
CIRCLE
  5
414
330
17
100
AcDbEntity
  8
Ptos_reactivos
100
AcDbCircle
 10
16.338159500032194
 20
43.5129145136786
 30
0.0
 40
0.05
  0
CIRCLE
  5
415
330
17
100
AcDbEntity
  8
Ptos_reactivos
100
AcDbCircle
 10
52.43984288809935
 20
30.8830449820081
 30
0.0
 40
0.05
  0
CIRCLE
  5
416
330
17
100
AcDbEntity
  8
Ptos_reactivos
100
AcDbCircle
 10
54.89574421327441
 20
43.17168409475574
 30
0.0
 40
0.05
  0
CIRCLE
  5
417
330
17
100
AcDbEntity
  8
Ptos_reactivos
100
AcDbCircle
 10
61.519811163881144
 20
57.76958517918548
 30
0.0
 40
0.05
  0
CIRCLE
  5
418
330
17
100
AcDbEntity
  8
Ptos_reactivos
100
AcDbCircle
 10
34.17924615844367
 20
31.58312553559838
 30
0.0
 40
0.05
  0
CIRCLE
  5
419
330
17
100
AcDbEntity
  8
Ptos_reactivos
100
AcDbCircle
 10
40.506947122246565
 20
30.05447393635425
 30
0.0
 40
0.05
  0
CIRCLE
  5
41A
330
17
100
AcDbEntity
  8
Ptos_reactivos
100
AcDbCircle
 10
42.54432899178201
 20
50.508245472684784
 30
0.0
 40
0.05
  0
CIRCLE
  5
41B
330
17
100
AcDbEntity
  8
Ptos_reactivos
100
AcDbCircle
 10
67.6094498215059
 20
9.285976537710338
 30
0.0
 40
0.05
  0
CIRCLE
  5
41C
330
17
100
AcDbEntity
  8
Ptos_reactivos
100
AcDbCircle
 10
5.335395045648955
 20
67.96057177563064
 30
0.0
 40
0.05
  0
CIRCLE
  5
41D
330
17
100
AcDbEntity
  8
Ptos_reactivos
100
AcDbCircle
 10
55.078782613235724
 20
62.03604150684745
 30
0.0
 40
0.05
  0
CIRCLE
  5
41E
330
17
100
AcDbEntity
  8
Ptos_reactivos
100
AcDbCircle
 10
65.831032424234
 20
65.47408883979672
 30
0.0
 40
0.05
  0
CIRCLE
  5
41F
330
17
100
AcDbEntity
  8
Ptos_reactivos
100
AcDbCircle
 10
38.6499745574881
 20
70.1849372289308
 30
0.0
 40
0.05
  0
CIRCLE
  5
420
330
17
100
AcDbEntity
  8
Ptos_reactivos
100
AcDbCircle
 10
44.858375065538205
 20
47.352425431244484
 30
0.0
 40
0.05
  0
CIRCLE
  5
421
330
17
100
AcDbEntity
  8
Ptos_reactivos
100
AcDbCircle
 10
4.188972958478035
 20
11.20286024100122
 30
0.0
 40
0.05
  0
CIRCLE
  5
422
330
17
100
AcDbEntity
  8
Ptos_reactivos
100
AcDbCircle
 10
56.3739522938287
 20
60.790487191317055
 30
0.0
 40
0.05
  0
CIRCLE
  5
423
330
17
100
AcDbEntity
  8
Ptos_reactivos
100
AcDbCircle
 10
20.015645161245462
 20
15.484096609580506
 30
0.0
 40
0.05
  0
CIRCLE
  5
424
330
17
100
AcDbEntity
  8
Ptos_reactivos
100
AcDbCircle
 10
63.86863546911585
 20
24.879493984906258
 30
0.0
 40
0.05
  0
CIRCLE
  5
425
330
17
100
AcDbEntity
  8
Ptos_reactivos
100
AcDbCircle
 10
9.293221458426052
 20
45.87370050013784
 30
0.0
 40
0.05
  0
CIRCLE
  5
426
330
17
100
AcDbEntity
  8
Ptos_reactivos
100
AcDbCircle
 10
49.71705035074659
 20
68.05255782735395
 30
0.0
 40
0.05
  0
CIRCLE
  5
427
330
17
100
AcDbEntity
  8
Ptos_reactivos
100
AcDbCircle
 10
70.76270968608536
 20
20.76045421215027
 30
0.0
 40
0.05
  0
CIRCLE
  5
428
330
17
100
AcDbEntity
  8
Ptos_reactivos
100
AcDbCircle
 10
67.36955314654764
 20
57.13346248050416
 30
0.0
 40
0.05
  0
CIRCLE
  5
429
330
17
100
AcDbEntity
  8
Ptos_reactivos
100
AcDbCircle
 10
22.483267463594707
 20
10.748998699787238
 30
0.0
 40
0.05
  0
CIRCLE
  5
42A
330
17
100
AcDbEntity
  8
Ptos_reactivos
100
AcDbCircle
 10
19.059563600990487
 20
13.277125722418218
 30
0.0
 40
0.05
  0
CIRCLE
  5
42B
330
17
100
AcDbEntity
  8
Ptos_reactivos
100
AcDbCircle
 10
39.45398607852282
 20
12.419082827725136
 30
0.0
 40
0.05
  0
CIRCLE
  5
42C
330
17
100
AcDbEntity
  8
Ptos_reactivos
100
AcDbCircle
 10
56.604789110514325
 20
15.901046624639587
 30
0.0
 40
0.05
  0
CIRCLE
  5
42D
330
17
100
AcDbEntity
  8
Ptos_reactivos
100
AcDbCircle
 10
74.25456925390822
 20
42.7159824946461
 30
0.0
 40
0.05
  0
CIRCLE
  5
42E
330
17
100
AcDbEntity
  8
Ptos_reactivos
100
AcDbCircle
 10
3.8188942975010356
 20
47.180842773396094
 30
0.0
 40
0.05
  0
CIRCLE
  5
42F
330
17
100
AcDbEntity
  8
Ptos_reactivos
100
AcDbCircle
 10
63.18020050296312
 20
54.47388569592997
 30
0.0
 40
0.05
  0
CIRCLE
  5
430
330
17
100
AcDbEntity
  8
Ptos_reactivos
100
AcDbCircle
 10
4.1350064492594125
 20
48.73888640454888
 30
0.0
 40
0.05
  0
CIRCLE
  5
431
330
17
100
AcDbEntity
  8
Ptos_reactivos
100
AcDbCircle
 10
31.310791460471393
 20
42.74984923553645
 30
0.0
 40
0.05
  0
CIRCLE
  5
432
330
17
100
AcDbEntity
  8
Ptos_reactivos
100
AcDbCircle
 10
6.338528461315654
 20
19.516818326012018
 30
0.0
 40
0.05
  0
CIRCLE
  5
433
330
17
100
AcDbEntity
  8
Ptos_reactivos
100
AcDbCircle
 10
11.898163947876625
 20
59.522129061765376
 30
0.0
 40
0.05
  0
CIRCLE
  5
434
330
17
100
AcDbEntity
  8
Ptos_reactivos
100
AcDbCircle
 10
65.57884043279454
 20
45.57655829443754
 30
0.0
 40
0.05
  0
CIRCLE
  5
435
330
17
100
AcDbEntity
  8
Ptos_reactivos
100
AcDbCircle
 10
4.112294466946112
 20
36.63334906727059
 30
0.0
 40
0.05
  0
CIRCLE
  5
436
330
17
100
AcDbEntity
  8
Ptos_reactivos
100
AcDbCircle
 10
67.7769984632377
 20
55.771692300839206
 30
0.0
 40
0.05
  0
CIRCLE
  5
437
330
17
100
AcDbEntity
  8
Ptos_reactivos
100
AcDbCircle
 10
23.838261243206578
 20
5.401678029844115
 30
0.0
 40
0.05
  0
CIRCLE
  5
438
330
17
100
AcDbEntity
  8
Ptos_reactivos
100
AcDbCircle
 10
16.20971116953759
 20
55.85081212223846
 30
0.0
 40
0.05
  0
CIRCLE
  5
439
330
17
100
AcDbEntity
  8
Ptos_reactivos
100
AcDbCircle
 10
44.606760867385034
 20
38.064580337021155
 30
0.0
 40
0.05
  0
CIRCLE
  5
43A
330
17
100
AcDbEntity
  8
Ptos_reactivos
100
AcDbCircle
 10
22.765831711136777
 20
30.625736684922998
 30
0.0
 40
0.05
  0
CIRCLE
  5
43B
330
17
100
AcDbEntity
  8
Ptos_reactivos
100
AcDbCircle
 10
36.42468570285454
 20
4.640839435953345
 30
0.0
 40
0.05
  0
CIRCLE
  5
43C
330
17
100
AcDbEntity
  8
Ptos_reactivos
100
AcDbCircle
 10
72.24285320284561
 20
32.97636779687526
 30
0.0
 40
0.05
  0
CIRCLE
  5
43D
330
17
100
AcDbEntity
  8
Ptos_reactivos
100
AcDbCircle
 10
39.84935915917332
 20
23.746375972099926
 30
0.0
 40
0.05
  0
CIRCLE
  5
43E
330
17
100
AcDbEntity
  8
Ptos_reactivos
100
AcDbCircle
 10
16.835930812824305
 20
48.987010684552175
 30
0.0
 40
0.05
  0
CIRCLE
  5
43F
330
17
100
AcDbEntity
  8
Ptos_reactivos
100
AcDbCircle
 10
3.7080046824093382
 20
65.6519067172143
 30
0.0
 40
0.05
  0
CIRCLE
  5
440
330
17
100
AcDbEntity
  8
Ptos_reactivos
100
AcDbCircle
 10
29.541826031855265
 20
72.21158441575221
 30
0.0
 40
0.05
  0
CIRCLE
  5
441
330
17
100
AcDbEntity
  8
Ptos_reactivos
100
AcDbCircle
 10
34.13999043796112
 20
12.515733120480668
 30
0.0
 40
0.05
  0
CIRCLE
  5
442
330
17
100
AcDbEntity
  8
Ptos_reactivos
100
AcDbCircle
 10
51.494492454750564
 20
5.641224059317643
 30
0.0
 40
0.05
  0
CIRCLE
  5
443
330
17
100
AcDbEntity
  8
Ptos_reactivos
100
AcDbCircle
 10
18.535237014102808
 20
65.72810335106584
 30
0.0
 40
0.05
  0
CIRCLE
  5
444
330
17
100
AcDbEntity
  8
Ptos_reactivos
100
AcDbCircle
 10
64.10792837907567
 20
42.245594302485905
 30
0.0
 40
0.05
  0
CIRCLE
  5
445
330
17
100
AcDbEntity
  8
Ptos_reactivos
100
AcDbCircle
 10
51.43460857822035
 20
37.208675990217664
 30
0.0
 40
0.05
  0
CIRCLE
  5
446
330
17
100
AcDbEntity
  8
Ptos_reactivos
100
AcDbCircle
 10
6.6535438666560225
 20
63.842149049737976
 30
0.0
 40
0.05
  0
CIRCLE
  5
447
330
17
100
AcDbEntity
  8
Ptos_reactivos
100
AcDbCircle
 10
30.65001651612961
 20
42.19923285782659
 30
0.0
 40
0.05
  0
CIRCLE
  5
448
330
17
100
AcDbEntity
  8
Ptos_reactivos
100
AcDbCircle
 10
41.89813876120679
 20
6.209007694811181
 30
0.0
 40
0.05
  0
CIRCLE
  5
449
330
17
100
AcDbEntity
  8
Ptos_reactivos
100
AcDbCircle
 10
69.51921335747735
 20
35.86399590824575
 30
0.0
 40
0.05
  0
CIRCLE
  5
44A
330
17
100
AcDbEntity
  8
Ptos_reactivos
100
AcDbCircle
 10
46.05763118310645
 20
68.28484071710606
 30
0.0
 40
0.05
  0
CIRCLE
  5
44B
330
17
100
AcDbEntity
  8
Ptos_reactivos
100
AcDbCircle
 10
71.40495054527577
 20
5.931773087907876
 30
0.0
 40
0.05
  0
CIRCLE
  5
44C
330
17
100
AcDbEntity
  8
Ptos_reactivos
100
AcDbCircle
 10
17.111698760086796
 20
28.247262408179186
 30
0.0
 40
0.05
  0
CIRCLE
  5
44D
330
17
100
AcDbEntity
  8
Ptos_reactivos
100
AcDbCircle
 10
33.86665308530677
 20
69.48940799234087
 30
0.0
 40
0.05
  0
CIRCLE
  5
44E
330
17
100
AcDbEntity
  8
Ptos_reactivos
100
AcDbCircle
 10
28.053851108543796
 20
68.45228566079639
 30
0.0
 40
0.05
  0
CIRCLE
  5
44F
330
17
100
AcDbEntity
  8
Ptos_reactivos
100
AcDbCircle
 10
21.572452455306447
 20
16.797539740334646
 30
0.0
 40
0.05
  0
CIRCLE
  5
450
330
17
100
AcDbEntity
  8
Ptos_reactivos
100
AcDbCircle
 10
58.452099637569574
 20
10.47292600102904
 30
0.0
 40
0.05
  0
CIRCLE
  5
451
330
17
100
AcDbEntity
  8
Ptos_reactivos
100
AcDbCircle
 10
53.97473790101794
 20
4.278619813874299
 30
0.0
 40
0.05
  0
CIRCLE
  5
452
330
17
100
AcDbEntity
  8
Ptos_reactivos
100
AcDbCircle
 10
33.47516594793457
 20
10.523027350293798
 30
0.0
 40
0.05
  0
CIRCLE
  5
453
330
17
100
AcDbEntity
  8
Ptos_reactivos
100
AcDbCircle
 10
19.828865224404332
 20
24.241757551861976
 30
0.0
 40
0.05
  0
CIRCLE
  5
454
330
17
100
AcDbEntity
  8
Ptos_reactivos
100
AcDbCircle
 10
70.54617451533638
 20
66.33813278779564
 30
0.0
 40
0.05
  0
CIRCLE
  5
455
330
17
100
AcDbEntity
  8
Ptos_reactivos
100
AcDbCircle
 10
53.4040695454128
 20
51.15442717288123
 30
0.0
 40
0.05
  0
CIRCLE
  5
456
330
17
100
AcDbEntity
  8
Ptos_reactivos
100
AcDbCircle
 10
12.115425450966647
 20
51.179315570830305
 30
0.0
 40
0.05
  0
CIRCLE
  5
457
330
17
100
AcDbEntity
  8
Ptos_reactivos
100
AcDbCircle
 10
8.483822055367554
 20
26.11362441190608
 30
0.0
 40
0.05
  0
CIRCLE
  5
458
330
17
100
AcDbEntity
  8
Ptos_reactivos
100
AcDbCircle
 10
72.44846109127072
 20
33.88317590466765
 30
0.0
 40
0.05
  0
CIRCLE
  5
459
330
17
100
AcDbEntity
  8
Ptos_reactivos
100
AcDbCircle
 10
45.85263732238092
 20
38.8515832547388
 30
0.0
 40
0.05
  0
CIRCLE
  5
45A
330
17
100
AcDbEntity
  8
Ptos_reactivos
100
AcDbCircle
 10
69.69680446726711
 20
59.18341493767419
 30
0.0
 40
0.05
  0
CIRCLE
  5
45B
330
17
100
AcDbEntity
  8
Ptos_reactivos
100
AcDbCircle
 10
48.69794320023133
 20
29.383847313576933
 30
0.0
 40
0.05
  0
CIRCLE
  5
45C
330
17
100
AcDbEntity
  8
Ptos_reactivos
100
AcDbCircle
 10
5.610409324229826
 20
55.83019642632769
 30
0.0
 40
0.05
  0
CIRCLE
  5
45D
330
17
100
AcDbEntity
  8
Ptos_reactivos
100
AcDbCircle
 10
14.749237262010348
 20
72.69147007707338
 30
0.0
 40
0.05
  0
CIRCLE
  5
45E
330
17
100
AcDbEntity
  8
Ptos_reactivos
100
AcDbCircle
 10
25.970356201288094
 20
55.592039298371716
 30
0.0
 40
0.05
  0
CIRCLE
  5
45F
330
17
100
AcDbEntity
  8
Ptos_reactivos
100
AcDbCircle
 10
66.50124165459906
 20
29.73472951542894
 30
0.0
 40
0.05
  0
CIRCLE
  5
460
330
17
100
AcDbEntity
  8
Ptos_reactivos
100
AcDbCircle
 10
10.680140312353025
 20
37.79600582152427
 30
0.0
 40
0.05
  0
CIRCLE
  5
461
330
17
100
AcDbEntity
  8
Ptos_reactivos
100
AcDbCircle
 10
29.09636692998287
 20
45.51453444511721
 30
0.0
 40
0.05
  0
CIRCLE
  5
462
330
17
100
AcDbEntity
  8
Ptos_reactivos
100
AcDbCircle
 10
67.97395811228708
 20
4.454667969786419
 30
0.0
 40
0.05
  0
CIRCLE
  5
463
330
17
100
AcDbEntity
  8
Ptos_reactivos
100
AcDbCircle
 10
60.25974341487109
 20
66.08808419862584
 30
0.0
 40
0.05
  0
CIRCLE
  5
464
330
17
100
AcDbEntity
  8
Ptos_reactivos
100
AcDbCircle
 10
51.3865290352602
 20
35.91867113582807
 30
0.0
 40
0.05
  0
CIRCLE
  5
465
330
17
100
AcDbEntity
  8
Ptos_reactivos
100
AcDbCircle
 10
55.44753035779687
 20
38.13205447056979
 30
0.0
 40
0.05
  0
CIRCLE
  5
466
330
17
100
AcDbEntity
  8
Ptos_reactivos
100
AcDbCircle
 10
62.85013379596012
 20
59.63384584813923
 30
0.0
 40
0.05
  0
CIRCLE
  5
467
330
17
100
AcDbEntity
  8
Ptos_reactivos
100
AcDbCircle
 10
64.86740462993234
 20
27.332403686163698
 30
0.0
 40
0.05
  0
CIRCLE
  5
468
330
17
100
AcDbEntity
  8
Ptos_reactivos
100
AcDbCircle
 10
14.022183478930467
 20
38.875720913797174
 30
0.0
 40
0.05
  0
CIRCLE
  5
469
330
17
100
AcDbEntity
  8
Ptos_reactivos
100
AcDbCircle
 10
18.13391443020727
 20
28.730943777971564
 30
0.0
 40
0.05
  0
CIRCLE
  5
46A
330
17
100
AcDbEntity
  8
Ptos_reactivos
100
AcDbCircle
 10
11.701062942093495
 20
48.69409063059032
 30
0.0
 40
0.05
  0
CIRCLE
  5
46B
330
17
100
AcDbEntity
  8
Ptos_reactivos
100
AcDbCircle
 10
23.37230234618748
 20
34.61260022808526
 30
0.0
 40
0.05
  0
CIRCLE
  5
46C
330
17
100
AcDbEntity
  8
Ptos_reactivos
100
AcDbCircle
 10
63.24060050788308
 20
20.75676207630259
 30
0.0
 40
0.05
  0
CIRCLE
  5
46D
330
17
100
AcDbEntity
  8
Ptos_reactivos
100
AcDbCircle
 10
33.6148246753977
 20
57.15135426639001
 30
0.0
 40
0.05
  0
CIRCLE
  5
46E
330
17
100
AcDbEntity
  8
Ptos_reactivos
100
AcDbCircle
 10
55.11447710576717
 20
34.62351257334116
 30
0.0
 40
0.05
  0
CIRCLE
  5
46F
330
17
100
AcDbEntity
  8
Ptos_reactivos
100
AcDbCircle
 10
48.80859376345829
 20
63.895080336655894
 30
0.0
 40
0.05
  0
CIRCLE
  5
470
330
17
100
AcDbEntity
  8
Ptos_reactivos
100
AcDbCircle
 10
3.0375050232824634
 20
13.570159261968575
 30
0.0
 40
0.05
  0
CIRCLE
  5
471
330
17
100
AcDbEntity
  8
Ptos_reactivos
100
AcDbCircle
 10
66.39263375635933
 20
55.9765922666668
 30
0.0
 40
0.05
  0
CIRCLE
  5
472
330
17
100
AcDbEntity
  8
Ptos_reactivos
100
AcDbCircle
 10
23.943915602136848
 20
10.01881434162684
 30
0.0
 40
0.05
  0
CIRCLE
  5
473
330
17
100
AcDbEntity
  8
Ptos_reactivos
100
AcDbCircle
 10
72.47997602132092
 20
33.16309813803891
 30
0.0
 40
0.05
  0
CIRCLE
  5
474
330
17
100
AcDbEntity
  8
Ptos_reactivos
100
AcDbCircle
 10
7.5913015210716805
 20
35.40434790554404
 30
0.0
 40
0.05
  0
CIRCLE
  5
475
330
17
100
AcDbEntity
  8
Ptos_reactivos
100
AcDbCircle
 10
54.719130345491415
 20
15.152473263982479
 30
0.0
 40
0.05
  0
CIRCLE
  5
476
330
17
100
AcDbEntity
  8
Ptos_reactivos
100
AcDbCircle
 10
39.89125839049689
 20
52.05894531555927
 30
0.0
 40
0.05
  0
CIRCLE
  5
477
330
17
100
AcDbEntity
  8
Ptos_reactivos
100
AcDbCircle
 10
69.1617488394845
 20
34.97197058968926
 30
0.0
 40
0.05
  0
CIRCLE
  5
478
330
17
100
AcDbEntity
  8
Ptos_reactivos
100
AcDbCircle
 10
46.777574736621084
 20
56.68078141365226
 30
0.0
 40
0.05
  0
CIRCLE
  5
479
330
17
100
AcDbEntity
  8
Ptos_reactivos
100
AcDbCircle
 10
4.132283797180247
 20
31.931716257608244
 30
0.0
 40
0.05
  0
CIRCLE
  5
47A
330
17
100
AcDbEntity
  8
Ptos_reactivos
100
AcDbCircle
 10
16.89929844484998
 20
52.819768167153846
 30
0.0
 40
0.05
  0
CIRCLE
  5
47B
330
17
100
AcDbEntity
  8
Ptos_reactivos
100
AcDbCircle
 10
14.713132744162994
 20
64.91059810724484
 30
0.0
 40
0.05
  0
CIRCLE
  5
47C
330
17
100
AcDbEntity
  8
Ptos_reactivos
100
AcDbCircle
 10
27.314163056600087
 20
13.550444834728859
 30
0.0
 40
0.05
  0
CIRCLE
  5
47D
330
17
100
AcDbEntity
  8
Ptos_reactivos
100
AcDbCircle
 10
34.892028368005576
 20
57.840661845373646
 30
0.0
 40
0.05
  0
CIRCLE
  5
47E
330
17
100
AcDbEntity
  8
Ptos_reactivos
100
AcDbCircle
 10
61.67970521590483
 20
23.183893288461416
 30
0.0
 40
0.05
  0
CIRCLE
  5
47F
330
17
100
AcDbEntity
  8
Ptos_reactivos
100
AcDbCircle
 10
56.80607258237453
 20
49.80331556014294
 30
0.0
 40
0.05
  0
CIRCLE
  5
480
330
17
100
AcDbEntity
  8
Ptos_reactivos
100
AcDbCircle
 10
13.992052165046594
 20
63.56096664424048
 30
0.0
 40
0.05
  0
CIRCLE
  5
481
330
17
100
AcDbEntity
  8
Ptos_reactivos
100
AcDbCircle
 10
1.8718958700973565
 20
2.689685413996348
 30
0.0
 40
0.05
  0
CIRCLE
  5
482
330
17
100
AcDbEntity
  8
Ptos_reactivos
100
AcDbCircle
 10
22.19171804939871
 20
12.728774499375808
 30
0.0
 40
0.05
  0
CIRCLE
  5
483
330
17
100
AcDbEntity
  8
Ptos_reactivos
100
AcDbCircle
 10
50.07966887500119
 20
46.60573298567605
 30
0.0
 40
0.05
  0
CIRCLE
  5
484
330
17
100
AcDbEntity
  8
Ptos_reactivos
100
AcDbCircle
 10
50.33390553365009
 20
7.876045164711959
 30
0.0
 40
0.05
  0
CIRCLE
  5
485
330
17
100
AcDbEntity
  8
Ptos_reactivos
100
AcDbCircle
 10
69.81161750641022
 20
70.42860268714838
 30
0.0
 40
0.05
  0
CIRCLE
  5
486
330
17
100
AcDbEntity
  8
Ptos_reactivos
100
AcDbCircle
 10
72.19484945431512
 20
66.6160778801368
 30
0.0
 40
0.05
  0
CIRCLE
  5
487
330
17
100
AcDbEntity
  8
Ptos_reactivos
100
AcDbCircle
 10
40.74885888386809
 20
9.443995819340126
 30
0.0
 40
0.05
  0
CIRCLE
  5
488
330
17
100
AcDbEntity
  8
Ptos_reactivos
100
AcDbCircle
 10
50.29414419310794
 20
36.02905543469187
 30
0.0
 40
0.05
  0
CIRCLE
  5
489
330
17
100
AcDbEntity
  8
Ptos_reactivos
100
AcDbCircle
 10
34.828349412456824
 20
21.69588980778264
 30
0.0
 40
0.05
  0
CIRCLE
  5
48A
330
17
100
AcDbEntity
  8
Ptos_reactivos
100
AcDbCircle
 10
56.58410819015411
 20
6.40770110008084
 30
0.0
 40
0.05
  0
CIRCLE
  5
48B
330
17
100
AcDbEntity
  8
Ptos_reactivos
100
AcDbCircle
 10
56.86450033314097
 20
5.630373274129178
 30
0.0
 40
0.05
  0
CIRCLE
  5
48C
330
17
100
AcDbEntity
  8
Ptos_reactivos
100
AcDbCircle
 10
38.05108875971199
 20
32.9021827014028
 30
0.0
 40
0.05
  0
CIRCLE
  5
48D
330
17
100
AcDbEntity
  8
Ptos_reactivos
100
AcDbCircle
 10
65.27785337962602
 20
25.648799644576954
 30
0.0
 40
0.05
  0
CIRCLE
  5
48E
330
17
100
AcDbEntity
  8
Ptos_reactivos
100
AcDbCircle
 10
38.673158862029936
 20
33.122874865559034
 30
0.0
 40
0.05
  0
CIRCLE
  5
48F
330
17
100
AcDbEntity
  8
Ptos_reactivos
100
AcDbCircle
 10
68.98752215419998
 20
63.405409592131505
 30
0.0
 40
0.05
  0
CIRCLE
  5
490
330
17
100
AcDbEntity
  8
Ptos_reactivos
100
AcDbCircle
 10
67.6650473897634
 20
46.62735827214491
 30
0.0
 40
0.05
  0
CIRCLE
  5
491
330
17
100
AcDbEntity
  8
Ptos_reactivos
100
AcDbCircle
 10
42.78326845063418
 20
50.1330216571472
 30
0.0
 40
0.05
  0
CIRCLE
  5
492
330
17
100
AcDbEntity
  8
Ptos_reactivos
100
AcDbCircle
 10
65.18161233855318
 20
38.80678549125002
 30
0.0
 40
0.05
  0
CIRCLE
  5
493
330
17
100
AcDbEntity
  8
Ptos_reactivos
100
AcDbCircle
 10
7.051602922248157
 20
6.657449365473411
 30
0.0
 40
0.05
  0
CIRCLE
  5
494
330
17
100
AcDbEntity
  8
Ptos_reactivos
100
AcDbCircle
 10
62.381804063301175
 20
39.52132990586566
 30
0.0
 40
0.05
  0
CIRCLE
  5
495
330
17
100
AcDbEntity
  8
Ptos_reactivos
100
AcDbCircle
 10
7.477056397197518
 20
48.550806230287236
 30
0.0
 40
0.05
  0
CIRCLE
  5
496
330
17
100
AcDbEntity
  8
Ptos_reactivos
100
AcDbCircle
 10
45.559484040953635
 20
69.8596726689451
 30
0.0
 40
0.05
  0
CIRCLE
  5
497
330
17
100
AcDbEntity
  8
Ptos_reactivos
100
AcDbCircle
 10
23.436857993137096
 20
27.35328398947892
 30
0.0
 40
0.05
  0
CIRCLE
  5
498
330
17
100
AcDbEntity
  8
Ptos_reactivos
100
AcDbCircle
 10
21.10836495266389
 20
17.04628050384384
 30
0.0
 40
0.05
  0
CIRCLE
  5
499
330
17
100
AcDbEntity
  8
Ptos_reactivos
100
AcDbCircle
 10
26.867128026555434
 20
73.54459566526201
 30
0.0
 40
0.05
  0
CIRCLE
  5
49A
330
17
100
AcDbEntity
  8
Ptos_reactivos
100
AcDbCircle
 10
16.190508436698693
 20
44.705866970259365
 30
0.0
 40
0.05
  0
CIRCLE
  5
49B
330
17
100
AcDbEntity
  8
Ptos_reactivos
100
AcDbCircle
 10
52.65489702385263
 20
43.82271483681013
 30
0.0
 40
0.05
  0
CIRCLE
  5
49C
330
17
100
AcDbEntity
  8
Ptos_reactivos
100
AcDbCircle
 10
73.80380048586603
 20
21.03536191951071
 30
0.0
 40
0.05
  0
CIRCLE
  5
49D
330
17
100
AcDbEntity
  8
Ptos_reactivos
100
AcDbCircle
 10
35.81220735487201
 20
3.549920610015797
 30
0.0
 40
0.05
  0
CIRCLE
  5
49E
330
17
100
AcDbEntity
  8
Ptos_reactivos
100
AcDbCircle
 10
47.35794817658566
 20
72.3272167658571
 30
0.0
 40
0.05
  0
CIRCLE
  5
49F
330
17
100
AcDbEntity
  8
Ptos_reactivos
100
AcDbCircle
 10
48.12839098765692
 20
32.1510213691277
 30
0.0
 40
0.05
  0
CIRCLE
  5
4A0
330
17
100
AcDbEntity
  8
Ptos_reactivos
100
AcDbCircle
 10
21.395905200332773
 20
32.54123697355932
 30
0.0
 40
0.05
  0
CIRCLE
  5
4A1
330
17
100
AcDbEntity
  8
Ptos_reactivos
100
AcDbCircle
 10
6.189413089302967
 20
32.79007809120501
 30
0.0
 40
0.05
  0
CIRCLE
  5
4A2
330
17
100
AcDbEntity
  8
Ptos_reactivos
100
AcDbCircle
 10
26.420542925660094
 20
43.89218247368196
 30
0.0
 40
0.05
  0
CIRCLE
  5
4A3
330
17
100
AcDbEntity
  8
Ptos_reactivos
100
AcDbCircle
 10
53.10889873401864
 20
37.746630972853886
 30
0.0
 40
0.05
  0
CIRCLE
  5
4A4
330
17
100
AcDbEntity
  8
Ptos_reactivos
100
AcDbCircle
 10
66.43835616899437
 20
55.447507322018396
 30
0.0
 40
0.05
  0
CIRCLE
  5
4A5
330
17
100
AcDbEntity
  8
Ptos_reactivos
100
AcDbCircle
 10
8.173868948838095
 20
10.752433207126092
 30
0.0
 40
0.05
  0
CIRCLE
  5
4A6
330
17
100
AcDbEntity
  8
Ptos_reactivos
100
AcDbCircle
 10
40.071813863277214
 20
52.245277908619585
 30
0.0
 40
0.05
  0
CIRCLE
  5
4A7
330
17
100
AcDbEntity
  8
Ptos_reactivos
100
AcDbCircle
 10
9.340947827655175
 20
70.27094914605428
 30
0.0
 40
0.05
  0
CIRCLE
  5
4A8
330
17
100
AcDbEntity
  8
Ptos_reactivos
100
AcDbCircle
 10
48.318734966075034
 20
71.25822821393773
 30
0.0
 40
0.05
  0
CIRCLE
  5
4A9
330
17
100
AcDbEntity
  8
Ptos_reactivos
100
AcDbCircle
 10
39.87428684523809
 20
37.327749994371615
 30
0.0
 40
0.05
  0
CIRCLE
  5
4AA
330
17
100
AcDbEntity
  8
Ptos_reactivos
100
AcDbCircle
 10
24.518829024978526
 20
14.370481252841651
 30
0.0
 40
0.05
  0
CIRCLE
  5
4AB
330
17
100
AcDbEntity
  8
Ptos_reactivos
100
AcDbCircle
 10
23.728756769037858
 20
17.278875829573447
 30
0.0
 40
0.05
  0
CIRCLE
  5
4AC
330
17
100
AcDbEntity
  8
Ptos_reactivos
100
AcDbCircle
 10
39.85232629690791
 20
6.47993476629673
 30
0.0
 40
0.05
  0
CIRCLE
  5
4AD
330
17
100
AcDbEntity
  8
Ptos_reactivos
100
AcDbCircle
 10
7.500782610064677
 20
31.492354773514027
 30
0.0
 40
0.05
  0
CIRCLE
  5
4AE
330
17
100
AcDbEntity
  8
Ptos_reactivos
100
AcDbCircle
 10
45.20500586647766
 20
37.10807931328916
 30
0.0
 40
0.05
  0
CIRCLE
  5
4AF
330
17
100
AcDbEntity
  8
Ptos_reactivos
100
AcDbCircle
 10
8.337099052287607
 20
26.216644350152666
 30
0.0
 40
0.05
  0
CIRCLE
  5
4B0
330
17
100
AcDbEntity
  8
Ptos_reactivos
100
AcDbCircle
 10
70.497813225032
 20
69.35317537498469
 30
0.0
 40
0.05
  0
CIRCLE
  5
4B1
330
17
100
AcDbEntity
  8
Ptos_reactivos
100
AcDbCircle
 10
72.21957022810602
 20
70.94816745616203
 30
0.0
 40
0.05
  0
CIRCLE
  5
4B2
330
17
100
AcDbEntity
  8
Ptos_reactivos
100
AcDbCircle
 10
53.14502824064648
 20
28.98213676395289
 30
0.0
 40
0.05
  0
CIRCLE
  5
4B3
330
17
100
AcDbEntity
  8
Ptos_reactivos
100
AcDbCircle
 10
61.266328890632764
 20
2.6115652453170797
 30
0.0
 40
0.05
  0
CIRCLE
  5
4B4
330
17
100
AcDbEntity
  8
Ptos_reactivos
100
AcDbCircle
 10
9.784909220259497
 20
51.63411524464467
 30
0.0
 40
0.05
  0
CIRCLE
  5
4B5
330
17
100
AcDbEntity
  8
Ptos_reactivos
100
AcDbCircle
 10
55.94574181657202
 20
37.9690037267645
 30
0.0
 40
0.05
  0
CIRCLE
  5
4B6
330
17
100
AcDbEntity
  8
Ptos_reactivos
100
AcDbCircle
 10
44.17102350714028
 20
21.700796515263722
 30
0.0
 40
0.05
  0
CIRCLE
  5
4B7
330
17
100
AcDbEntity
  8
Ptos_reactivos
100
AcDbCircle
 10
64.72542201553028
 20
2.792414417734351
 30
0.0
 40
0.05
  0
CIRCLE
  5
4B8
330
17
100
AcDbEntity
  8
Ptos_reactivos
100
AcDbCircle
 10
26.159682564864557
 20
2.5665092754029644
 30
0.0
 40
0.05
  0
CIRCLE
  5
4B9
330
17
100
AcDbEntity
  8
Ptos_reactivos
100
AcDbCircle
 10
74.0803800496482
 20
67.26816055454397
 30
0.0
 40
0.05
  0
CIRCLE
  5
4BA
330
17
100
AcDbEntity
  8
Ptos_reactivos
100
AcDbCircle
 10
27.48476293515919
 20
30.664248268709688
 30
0.0
 40
0.05
  0
CIRCLE
  5
4BB
330
17
100
AcDbEntity
  8
Ptos_reactivos
100
AcDbCircle
 10
29.602204310873812
 20
18.68631328898312
 30
0.0
 40
0.05
  0
CIRCLE
  5
4BC
330
17
100
AcDbEntity
  8
Ptos_reactivos
100
AcDbCircle
 10
69.35658729465418
 20
9.720150219574142
 30
0.0
 40
0.05
  0
CIRCLE
  5
4BD
330
17
100
AcDbEntity
  8
Ptos_reactivos
100
AcDbCircle
 10
9.368775977597624
 20
35.58036614695341
 30
0.0
 40
0.05
  0
CIRCLE
  5
4BE
330
17
100
AcDbEntity
  8
Ptos_reactivos
100
AcDbCircle
 10
67.94056555321882
 20
56.73309615125356
 30
0.0
 40
0.05
  0
CIRCLE
  5
4BF
330
17
100
AcDbEntity
  8
Ptos_reactivos
100
AcDbCircle
 10
5.79992439967989
 20
46.01291982520132
 30
0.0
 40
0.05
  0
CIRCLE
  5
4C0
330
17
100
AcDbEntity
  8
Ptos_reactivos
100
AcDbCircle
 10
27.244017197150445
 20
53.746438913036684
 30
0.0
 40
0.05
  0
CIRCLE
  5
4C1
330
17
100
AcDbEntity
  8
Ptos_reactivos
100
AcDbCircle
 10
30.726615299020395
 20
5.531660237919525
 30
0.0
 40
0.05
  0
CIRCLE
  5
4C2
330
17
100
AcDbEntity
  8
Ptos_reactivos
100
AcDbCircle
 10
58.539576574311205
 20
14.43339002039033
 30
0.0
 40
0.05
  0
CIRCLE
  5
4C3
330
17
100
AcDbEntity
  8
Ptos_reactivos
100
AcDbCircle
 10
56.225792441921385
 20
52.11352426912006
 30
0.0
 40
0.05
  0
CIRCLE
  5
4C4
330
17
100
AcDbEntity
  8
Ptos_reactivos
100
AcDbCircle
 10
27.37826967026352
 20
29.613465166032142
 30
0.0
 40
0.05
  0
CIRCLE
  5
4C5
330
17
100
AcDbEntity
  8
Ptos_reactivos
100
AcDbCircle
 10
4.830574261687887
 20
11.987797867664204
 30
0.0
 40
0.05
  0
CIRCLE
  5
4C6
330
17
100
AcDbEntity
  8
Ptos_reactivos
100
AcDbCircle
 10
53.908594978527184
 20
7.398928285094872
 30
0.0
 40
0.05
  0
CIRCLE
  5
4C7
330
17
100
AcDbEntity
  8
Ptos_reactivos
100
AcDbCircle
 10
47.30623514362368
 20
46.736023690825114
 30
0.0
 40
0.05
  0
CIRCLE
  5
4C8
330
17
100
AcDbEntity
  8
Ptos_reactivos
100
AcDbCircle
 10
57.53483449998576
 20
69.49730363940526
 30
0.0
 40
0.05
  0
CIRCLE
  5
4C9
330
17
100
AcDbEntity
  8
Ptos_reactivos
100
AcDbCircle
 10
20.792544228152547
 20
23.49485393433856
 30
0.0
 40
0.05
  0
CIRCLE
  5
4CA
330
17
100
AcDbEntity
  8
Ptos_reactivos
100
AcDbCircle
 10
36.060635999447335
 20
7.032474707460329
 30
0.0
 40
0.05
  0
CIRCLE
  5
4CB
330
17
100
AcDbEntity
  8
Ptos_reactivos
100
AcDbCircle
 10
40.467693448371456
 20
56.066078912563995
 30
0.0
 40
0.05
  0
CIRCLE
  5
4CC
330
17
100
AcDbEntity
  8
Ptos_reactivos
100
AcDbCircle
 10
12.78230826416957
 20
66.86188908577336
 30
0.0
 40
0.05
  0
CIRCLE
  5
4CD
330
17
100
AcDbEntity
  8
Ptos_reactivos
100
AcDbCircle
 10
38.08429404594732
 20
24.4893296627317
 30
0.0
 40
0.05
  0
CIRCLE
  5
4CE
330
17
100
AcDbEntity
  8
Ptos_reactivos
100
AcDbCircle
 10
49.70957059582387
 20
66.91561340943134
 30
0.0
 40
0.05
  0
CIRCLE
  5
4CF
330
17
100
AcDbEntity
  8
Ptos_reactivos
100
AcDbCircle
 10
38.33818058413153
 20
49.13469115517869
 30
0.0
 40
0.05
  0
CIRCLE
  5
4D0
330
17
100
AcDbEntity
  8
Ptos_reactivos
100
AcDbCircle
 10
49.98738792673896
 20
68.1689070861963
 30
0.0
 40
0.05
  0
CIRCLE
  5
4D1
330
17
100
AcDbEntity
  8
Ptos_reactivos
100
AcDbCircle
 10
40.947227868692835
 20
70.11023209718564
 30
0.0
 40
0.05
  0
CIRCLE
  5
4D2
330
17
100
AcDbEntity
  8
Ptos_reactivos
100
AcDbCircle
 10
53.065411569488134
 20
35.64950534746097
 30
0.0
 40
0.05
  0
CIRCLE
  5
4D3
330
17
100
AcDbEntity
  8
Ptos_reactivos
100
AcDbCircle
 10
50.16355199784171
 20
58.59758008470117
 30
0.0
 40
0.05
  0
CIRCLE
  5
4D4
330
17
100
AcDbEntity
  8
Ptos_reactivos
100
AcDbCircle
 10
45.26594336072045
 20
15.4481472316993
 30
0.0
 40
0.05
  0
CIRCLE
  5
4D5
330
17
100
AcDbEntity
  8
Ptos_reactivos
100
AcDbCircle
 10
68.39961640630754
 20
55.20624665180796
 30
0.0
 40
0.05
  0
CIRCLE
  5
4D6
330
17
100
AcDbEntity
  8
Ptos_reactivos
100
AcDbCircle
 10
54.00026916175444
 20
28.13922727401351
 30
0.0
 40
0.05
  0
CIRCLE
  5
4D7
330
17
100
AcDbEntity
  8
Ptos_reactivos
100
AcDbCircle
 10
34.6320701498316
 20
5.510815777095218
 30
0.0
 40
0.05
  0
CIRCLE
  5
4D8
330
17
100
AcDbEntity
  8
Ptos_reactivos
100
AcDbCircle
 10
16.959104422446565
 20
40.8730208668139
 30
0.0
 40
0.05
  0
CIRCLE
  5
4D9
330
17
100
AcDbEntity
  8
Ptos_reactivos
100
AcDbCircle
 10
56.78628803331321
 20
44.70082654447101
 30
0.0
 40
0.05
  0
CIRCLE
  5
4DA
330
17
100
AcDbEntity
  8
Ptos_reactivos
100
AcDbCircle
 10
29.497851861050968
 20
19.95380445908143
 30
0.0
 40
0.05
  0
CIRCLE
  5
4DB
330
17
100
AcDbEntity
  8
Ptos_reactivos
100
AcDbCircle
 10
69.10987971255418
 20
33.285190808884416
 30
0.0
 40
0.05
  0
CIRCLE
  5
4DC
330
17
100
AcDbEntity
  8
Ptos_reactivos
100
AcDbCircle
 10
57.08124240486116
 20
56.59938255496837
 30
0.0
 40
0.05
  0
CIRCLE
  5
4DD
330
17
100
AcDbEntity
  8
Ptos_reactivos
100
AcDbCircle
 10
24.75313734071744
 20
57.6100979792727
 30
0.0
 40
0.05
  0
CIRCLE
  5
4DE
330
17
100
AcDbEntity
  8
Ptos_reactivos
100
AcDbCircle
 10
50.35443621032685
 20
27.57939602419993
 30
0.0
 40
0.05
  0
CIRCLE
  5
4DF
330
17
100
AcDbEntity
  8
Ptos_reactivos
100
AcDbCircle
 10
58.35738729154503
 20
18.18870029075947
 30
0.0
 40
0.05
  0
CIRCLE
  5
4E0
330
17
100
AcDbEntity
  8
Ptos_reactivos
100
AcDbCircle
 10
47.95810555771784
 20
24.84046490020546
 30
0.0
 40
0.05
  0
CIRCLE
  5
4E1
330
17
100
AcDbEntity
  8
Ptos_reactivos
100
AcDbCircle
 10
60.91358905528448
 20
46.94115191298549
 30
0.0
 40
0.05
  0
CIRCLE
  5
4E2
330
17
100
AcDbEntity
  8
Ptos_reactivos
100
AcDbCircle
 10
24.708394863232307
 20
45.512899647069254
 30
0.0
 40
0.05
  0
CIRCLE
  5
4E3
330
17
100
AcDbEntity
  8
Ptos_reactivos
100
AcDbCircle
 10
44.388477336234374
 20
46.53552914170506
 30
0.0
 40
0.05
  0
CIRCLE
  5
4E4
330
17
100
AcDbEntity
  8
Ptos_reactivos
100
AcDbCircle
 10
8.536864463998059
 20
70.61636648672004
 30
0.0
 40
0.05
  0
CIRCLE
  5
4E5
330
17
100
AcDbEntity
  8
Ptos_reactivos
100
AcDbCircle
 10
40.398776486338384
 20
53.34113782741237
 30
0.0
 40
0.05
  0
CIRCLE
  5
4E6
330
17
100
AcDbEntity
  8
Ptos_reactivos
100
AcDbCircle
 10
38.4351498780492
 20
19.760597510248807
 30
0.0
 40
0.05
  0
CIRCLE
  5
4E7
330
17
100
AcDbEntity
  8
Ptos_reactivos
100
AcDbCircle
 10
13.756916040502592
 20
13.785708027081695
 30
0.0
 40
0.05
  0
CIRCLE
  5
4E8
330
17
100
AcDbEntity
  8
Ptos_reactivos
100
AcDbCircle
 10
55.360708035748054
 20
13.308002026292854
 30
0.0
 40
0.05
  0
CIRCLE
  5
4E9
330
17
100
AcDbEntity
  8
Ptos_reactivos
100
AcDbCircle
 10
11.47439757011703
 20
70.29359182494555
 30
0.0
 40
0.05
  0
CIRCLE
  5
4EA
330
17
100
AcDbEntity
  8
Ptos_reactivos
100
AcDbCircle
 10
25.70565580741495
 20
0.5984752544839378
 30
0.0
 40
0.05
  0
CIRCLE
  5
4EB
330
17
100
AcDbEntity
  8
Ptos_reactivos
100
AcDbCircle
 10
10.154974005370015
 20
36.95958540041799
 30
0.0
 40
0.05
  0
CIRCLE
  5
4EC
330
17
100
AcDbEntity
  8
Ptos_reactivos
100
AcDbCircle
 10
27.604422730695376
 20
15.581380962883228
 30
0.0
 40
0.05
  0
CIRCLE
  5
4ED
330
17
100
AcDbEntity
  8
Ptos_reactivos
100
AcDbCircle
 10
46.39267491925485
 20
29.368641932872883
 30
0.0
 40
0.05
  0
CIRCLE
  5
4EE
330
17
100
AcDbEntity
  8
Ptos_reactivos
100
AcDbCircle
 10
67.30704821269268
 20
68.35218906958158
 30
0.0
 40
0.05
  0
CIRCLE
  5
4EF
330
17
100
AcDbEntity
  8
Ptos_reactivos
100
AcDbCircle
 10
6.798654292301142
 20
55.262468573711836
 30
0.0
 40
0.05
  0
CIRCLE
  5
4F0
330
17
100
AcDbEntity
  8
Ptos_reactivos
100
AcDbCircle
 10
35.76082681537591
 20
9.59269485420652
 30
0.0
 40
0.05
  0
CIRCLE
  5
4F1
330
17
100
AcDbEntity
  8
Ptos_reactivos
100
AcDbCircle
 10
10.427068098841438
 20
27.21794837841265
 30
0.0
 40
0.05
  0
CIRCLE
  5
4F2
330
17
100
AcDbEntity
  8
Ptos_reactivos
100
AcDbCircle
 10
5.220983010754154
 20
49.5611158655193
 30
0.0
 40
0.05
  0
CIRCLE
  5
4F3
330
17
100
AcDbEntity
  8
Ptos_reactivos
100
AcDbCircle
 10
49.12566735572319
 20
16.03675114260888
 30
0.0
 40
0.05
  0
CIRCLE
  5
4F4
330
17
100
AcDbEntity
  8
Ptos_reactivos
100
AcDbCircle
 10
48.20793745008949
 20
15.5568138702534
 30
0.0
 40
0.05
  0
CIRCLE
  5
4F5
330
17
100
AcDbEntity
  8
Ptos_reactivos
100
AcDbCircle
 10
46.86669323708382
 20
42.51531794321136
 30
0.0
 40
0.05
  0
CIRCLE
  5
4F6
330
17
100
AcDbEntity
  8
Ptos_reactivos
100
AcDbCircle
 10
58.53907341250024
 20
47.50578270252209
 30
0.0
 40
0.05
  0
CIRCLE
  5
4F7
330
17
100
AcDbEntity
  8
Ptos_reactivos
100
AcDbCircle
 10
66.15478596247158
 20
9.409839169259836
 30
0.0
 40
0.05
  0
CIRCLE
  5
4F8
330
17
100
AcDbEntity
  8
Ptos_reactivos
100
AcDbCircle
 10
38.63937289567552
 20
23.40000246500031
 30
0.0
 40
0.05
  0
CIRCLE
  5
4F9
330
17
100
AcDbEntity
  8
Ptos_reactivos
100
AcDbCircle
 10
35.184105174069984
 20
20.467608633470206
 30
0.0
 40
0.05
  0
CIRCLE
  5
4FA
330
17
100
AcDbEntity
  8
Ptos_reactivos
100
AcDbCircle
 10
9.858246689025673
 20
52.31256015504774
 30
0.0
 40
0.05
  0
CIRCLE
  5
4FB
330
17
100
AcDbEntity
  8
Ptos_reactivos
100
AcDbCircle
 10
11.731701320575752
 20
33.927890220201675
 30
0.0
 40
0.05
  0
CIRCLE
  5
4FC
330
17
100
AcDbEntity
  8
Ptos_reactivos
100
AcDbCircle
 10
50.12135831069657
 20
63.22411105697655
 30
0.0
 40
0.05
  0
CIRCLE
  5
4FD
330
17
100
AcDbEntity
  8
Ptos_reactivos
100
AcDbCircle
 10
51.28370224776061
 20
16.951209558027845
 30
0.0
 40
0.05
  0
CIRCLE
  5
4FE
330
17
100
AcDbEntity
  8
Ptos_reactivos
100
AcDbCircle
 10
54.7448555639528
 20
9.20320735751588
 30
0.0
 40
0.05
  0
CIRCLE
  5
4FF
330
17
100
AcDbEntity
  8
Ptos_reactivos
100
AcDbCircle
 10
48.80609519029678
 20
16.232178727215775
 30
0.0
 40
0.05
  0
CIRCLE
  5
500
330
17
100
AcDbEntity
  8
Ptos_reactivos
100
AcDbCircle
 10
8.768282122471946
 20
47.96255722021411
 30
0.0
 40
0.05
  0
CIRCLE
  5
501
330
17
100
AcDbEntity
  8
Ptos_reactivos
100
AcDbCircle
 10
14.635488863360788
 20
28.4126737089303
 30
0.0
 40
0.05
  0
CIRCLE
  5
502
330
17
100
AcDbEntity
  8
Ptos_reactivos
100
AcDbCircle
 10
67.43622273315657
 20
17.258913340962952
 30
0.0
 40
0.05
  0
CIRCLE
  5
503
330
17
100
AcDbEntity
  8
Ptos_reactivos
100
AcDbCircle
 10
66.64226255321846
 20
45.819668340009336
 30
0.0
 40
0.05
  0
CIRCLE
  5
504
330
17
100
AcDbEntity
  8
Ptos_reactivos
100
AcDbCircle
 10
51.75894593208505
 20
28.149518236601008
 30
0.0
 40
0.05
  0
CIRCLE
  5
505
330
17
100
AcDbEntity
  8
Ptos_reactivos
100
AcDbCircle
 10
27.09572286702418
 20
54.77907818945758
 30
0.0
 40
0.05
  0
CIRCLE
  5
506
330
17
100
AcDbEntity
  8
Ptos_reactivos
100
AcDbCircle
 10
34.07895318134934
 20
54.65088013002412
 30
0.0
 40
0.05
  0
CIRCLE
  5
507
330
17
100
AcDbEntity
  8
Ptos_reactivos
100
AcDbCircle
 10
5.83826047112308
 20
2.8641058804263126
 30
0.0
 40
0.05
  0
CIRCLE
  5
508
330
17
100
AcDbEntity
  8
Ptos_reactivos
100
AcDbCircle
 10
14.107428538562145
 20
63.16132572758709
 30
0.0
 40
0.05
  0
CIRCLE
  5
509
330
17
100
AcDbEntity
  8
Ptos_reactivos
100
AcDbCircle
 10
64.9761079970183
 20
2.0446203471875783
 30
0.0
 40
0.05
  0
CIRCLE
  5
50A
330
17
100
AcDbEntity
  8
Ptos_reactivos
100
AcDbCircle
 10
45.2910613449143
 20
20.768168139429427
 30
0.0
 40
0.05
  0
CIRCLE
  5
50B
330
17
100
AcDbEntity
  8
Ptos_reactivos
100
AcDbCircle
 10
49.291491141280304
 20
20.70939798895914
 30
0.0
 40
0.05
  0
CIRCLE
  5
50C
330
17
100
AcDbEntity
  8
Ptos_reactivos
100
AcDbCircle
 10
33.806945364883425
 20
55.44627693270528
 30
0.0
 40
0.05
  0
CIRCLE
  5
50D
330
17
100
AcDbEntity
  8
Ptos_reactivos
100
AcDbCircle
 10
47.12838315297002
 20
30.90179212691777
 30
0.0
 40
0.05
  0
CIRCLE
  5
50E
330
17
100
AcDbEntity
  8
Ptos_reactivos
100
AcDbCircle
 10
55.02060599947849
 20
70.24206480437178
 30
0.0
 40
0.05
  0
CIRCLE
  5
50F
330
17
100
AcDbEntity
  8
Ptos_reactivos
100
AcDbCircle
 10
24.7134635374105
 20
33.70893874402109
 30
0.0
 40
0.05
  0
CIRCLE
  5
510
330
17
100
AcDbEntity
  8
Ptos_reactivos
100
AcDbCircle
 10
19.673731849183458
 20
13.63153874846298
 30
0.0
 40
0.05
  0
CIRCLE
  5
511
330
17
100
AcDbEntity
  8
Ptos_reactivos
100
AcDbCircle
 10
67.20351114713017
 20
52.16313223970058
 30
0.0
 40
0.05
  0
CIRCLE
  5
512
330
17
100
AcDbEntity
  8
Ptos_reactivos
100
AcDbCircle
 10
39.84713607692981
 20
34.99562169913115
 30
0.0
 40
0.05
  0
CIRCLE
  5
513
330
17
100
AcDbEntity
  8
Ptos_reactivos
100
AcDbCircle
 10
6.203108744519992
 20
65.83528979819131
 30
0.0
 40
0.05
  0
CIRCLE
  5
514
330
17
100
AcDbEntity
  8
Ptos_reactivos
100
AcDbCircle
 10
38.34986359809623
 20
40.30971989891213
 30
0.0
 40
0.05
  0
CIRCLE
  5
515
330
17
100
AcDbEntity
  8
Ptos_reactivos
100
AcDbCircle
 10
25.490568175643098
 20
4.229417664368926
 30
0.0
 40
0.05
  0
CIRCLE
  5
516
330
17
100
AcDbEntity
  8
Ptos_reactivos
100
AcDbCircle
 10
26.404166718398862
 20
57.66975609823232
 30
0.0
 40
0.05
  0
CIRCLE
  5
517
330
17
100
AcDbEntity
  8
Ptos_reactivos
100
AcDbCircle
 10
53.43989868944162
 20
52.672819164979416
 30
0.0
 40
0.05
  0
CIRCLE
  5
518
330
17
100
AcDbEntity
  8
Ptos_reactivos
100
AcDbCircle
 10
32.2416195848432
 20
24.545716394563318
 30
0.0
 40
0.05
  0
CIRCLE
  5
519
330
17
100
AcDbEntity
  8
Ptos_reactivos
100
AcDbCircle
 10
72.01423126031631
 20
26.755125271415334
 30
0.0
 40
0.05
  0
CIRCLE
  5
51A
330
17
100
AcDbEntity
  8
Ptos_reactivos
100
AcDbCircle
 10
69.21355187898317
 20
9.74154181044739
 30
0.0
 40
0.05
  0
CIRCLE
  5
51B
330
17
100
AcDbEntity
  8
Ptos_reactivos
100
AcDbCircle
 10
54.18832754825364
 20
48.53873684705483
 30
0.0
 40
0.05
  0
CIRCLE
  5
51C
330
17
100
AcDbEntity
  8
Ptos_reactivos
100
AcDbCircle
 10
53.88479868475486
 20
18.32769552958542
 30
0.0
 40
0.05
  0
CIRCLE
  5
51D
330
17
100
AcDbEntity
  8
Ptos_reactivos
100
AcDbCircle
 10
50.10280719212388
 20
71.36321767463018
 30
0.0
 40
0.05
  0
CIRCLE
  5
51E
330
17
100
AcDbEntity
  8
Ptos_reactivos
100
AcDbCircle
 10
43.64493056225646
 20
21.527627325280022
 30
0.0
 40
0.05
  0
CIRCLE
  5
51F
330
17
100
AcDbEntity
  8
Ptos_reactivos
100
AcDbCircle
 10
9.182741905682997
 20
54.602521309485816
 30
0.0
 40
0.05
  0
CIRCLE
  5
520
330
17
100
AcDbEntity
  8
Ptos_reactivos
100
AcDbCircle
 10
34.48255205511348
 20
72.90139807134622
 30
0.0
 40
0.05
  0
CIRCLE
  5
521
330
17
100
AcDbEntity
  8
Ptos_reactivos
100
AcDbCircle
 10
60.305303772300576
 20
66.5345812980982
 30
0.0
 40
0.05
  0
CIRCLE
  5
522
330
17
100
AcDbEntity
  8
Ptos_reactivos
100
AcDbCircle
 10
21.197798460415488
 20
10.684544955038353
 30
0.0
 40
0.05
  0
CIRCLE
  5
523
330
17
100
AcDbEntity
  8
Ptos_reactivos
100
AcDbCircle
 10
71.53114543403794
 20
69.39658384271084
 30
0.0
 40
0.05
  0
CIRCLE
  5
524
330
17
100
AcDbEntity
  8
Ptos_reactivos
100
AcDbCircle
 10
62.81641759275312
 20
25.712014290412508
 30
0.0
 40
0.05
  0
CIRCLE
  5
525
330
17
100
AcDbEntity
  8
Ptos_reactivos
100
AcDbCircle
 10
4.310683685477857
 20
3.987164469919982
 30
0.0
 40
0.05
  0
CIRCLE
  5
526
330
17
100
AcDbEntity
  8
Ptos_reactivos
100
AcDbCircle
 10
5.695820665350307
 20
33.084769718105285
 30
0.0
 40
0.05
  0
CIRCLE
  5
527
330
17
100
AcDbEntity
  8
Ptos_reactivos
100
AcDbCircle
 10
10.617248962061302
 20
28.10285155061245
 30
0.0
 40
0.05
  0
CIRCLE
  5
528
330
17
100
AcDbEntity
  8
Ptos_reactivos
100
AcDbCircle
 10
58.76775751324703
 20
38.132579722104836
 30
0.0
 40
0.05
  0
CIRCLE
  5
529
330
17
100
AcDbEntity
  8
Ptos_reactivos
100
AcDbCircle
 10
48.38162496457876
 20
64.05368300830048
 30
0.0
 40
0.05
  0
CIRCLE
  5
52A
330
17
100
AcDbEntity
  8
Ptos_reactivos
100
AcDbCircle
 10
48.91969592551006
 20
15.696750526696269
 30
0.0
 40
0.05
  0
CIRCLE
  5
52B
330
17
100
AcDbEntity
  8
Ptos_reactivos
100
AcDbCircle
 10
61.373559386139526
 20
15.50925655802132
 30
0.0
 40
0.05
  0
CIRCLE
  5
52C
330
17
100
AcDbEntity
  8
Ptos_reactivos
100
AcDbCircle
 10
35.55436129585556
 20
10.807671634283643
 30
0.0
 40
0.05
  0
CIRCLE
  5
52D
330
17
100
AcDbEntity
  8
Ptos_reactivos
100
AcDbCircle
 10
7.433653608682245
 20
38.519483862099186
 30
0.0
 40
0.05
  0
CIRCLE
  5
52E
330
17
100
AcDbEntity
  8
Ptos_reactivos
100
AcDbCircle
 10
70.78224625173516
 20
66.76201167881402
 30
0.0
 40
0.05
  0
CIRCLE
  5
52F
330
17
100
AcDbEntity
  8
Ptos_reactivos
100
AcDbCircle
 10
7.38520298927395
 20
30.85177915508662
 30
0.0
 40
0.05
  0
CIRCLE
  5
530
330
17
100
AcDbEntity
  8
Ptos_reactivos
100
AcDbCircle
 10
49.53193846497491
 20
41.95133612805821
 30
0.0
 40
0.05
  0
CIRCLE
  5
531
330
17
100
AcDbEntity
  8
Ptos_reactivos
100
AcDbCircle
 10
63.05606244844248
 20
38.10655490664837
 30
0.0
 40
0.05
  0
CIRCLE
  5
532
330
17
100
AcDbEntity
  8
Ptos_reactivos
100
AcDbCircle
 10
26.184386305298123
 20
70.17269892579088
 30
0.0
 40
0.05
  0
CIRCLE
  5
533
330
17
100
AcDbEntity
  8
Ptos_reactivos
100
AcDbCircle
 10
30.10264951571717
 20
45.26984397960831
 30
0.0
 40
0.05
  0
CIRCLE
  5
534
330
17
100
AcDbEntity
  8
Ptos_reactivos
100
AcDbCircle
 10
61.92420267538258
 20
40.50325955245945
 30
0.0
 40
0.05
  0
CIRCLE
  5
535
330
17
100
AcDbEntity
  8
Ptos_reactivos
100
AcDbCircle
 10
24.400003642910534
 20
25.861709523964613
 30
0.0
 40
0.05
  0
CIRCLE
  5
536
330
17
100
AcDbEntity
  8
Ptos_reactivos
100
AcDbCircle
 10
34.31987651110479
 20
5.198233260644589
 30
0.0
 40
0.05
  0
CIRCLE
  5
537
330
17
100
AcDbEntity
  8
Ptos_reactivos
100
AcDbCircle
 10
64.35411133571698
 20
71.77171430935756
 30
0.0
 40
0.05
  0
CIRCLE
  5
538
330
17
100
AcDbEntity
  8
Ptos_reactivos
100
AcDbCircle
 10
66.65418056475491
 20
10.209224324010293
 30
0.0
 40
0.05
  0
CIRCLE
  5
539
330
17
100
AcDbEntity
  8
Ptos_reactivos
100
AcDbCircle
 10
20.62569409647801
 20
64.54849543824429
 30
0.0
 40
0.05
  0
CIRCLE
  5
53A
330
17
100
AcDbEntity
  8
Ptos_reactivos
100
AcDbCircle
 10
15.74510806281482
 20
66.50850250093077
 30
0.0
 40
0.05
  0
CIRCLE
  5
53B
330
17
100
AcDbEntity
  8
Ptos_reactivos
100
AcDbCircle
 10
45.34526352407911
 20
68.7411122225027
 30
0.0
 40
0.05
  0
CIRCLE
  5
53C
330
17
100
AcDbEntity
  8
Ptos_reactivos
100
AcDbCircle
 10
59.87715772319777
 20
47.91007375648794
 30
0.0
 40
0.05
  0
CIRCLE
  5
53D
330
17
100
AcDbEntity
  8
Ptos_reactivos
100
AcDbCircle
 10
9.749583079938335
 20
15.372976127479424
 30
0.0
 40
0.05
  0
CIRCLE
  5
53E
330
17
100
AcDbEntity
  8
Ptos_reactivos
100
AcDbCircle
 10
23.849373402215264
 20
6.009579454447772
 30
0.0
 40
0.05
  0
CIRCLE
  5
53F
330
17
100
AcDbEntity
  8
Ptos_reactivos
100
AcDbCircle
 10
67.30856712896026
 20
65.9550490580101
 30
0.0
 40
0.05
  0
CIRCLE
  5
540
330
17
100
AcDbEntity
  8
Ptos_reactivos
100
AcDbCircle
 10
10.279117958594503
 20
54.316956800235836
 30
0.0
 40
0.05
  0
CIRCLE
  5
541
330
17
100
AcDbEntity
  8
Ptos_reactivos
100
AcDbCircle
 10
2.9417204360732057
 20
33.04096925197909
 30
0.0
 40
0.05
  0
CIRCLE
  5
542
330
17
100
AcDbEntity
  8
Ptos_reactivos
100
AcDbCircle
 10
38.77018191072876
 20
27.31436938375012
 30
0.0
 40
0.05
  0
CIRCLE
  5
543
330
17
100
AcDbEntity
  8
Ptos_reactivos
100
AcDbCircle
 10
34.79998120997214
 20
22.081607836419096
 30
0.0
 40
0.05
  0
CIRCLE
  5
544
330
17
100
AcDbEntity
  8
Ptos_reactivos
100
AcDbCircle
 10
47.56806473763386
 20
47.750977299852266
 30
0.0
 40
0.05
  0
CIRCLE
  5
545
330
17
100
AcDbEntity
  8
Ptos_reactivos
100
AcDbCircle
 10
51.126178333855016
 20
51.7231335275594
 30
0.0
 40
0.05
  0
CIRCLE
  5
546
330
17
100
AcDbEntity
  8
Ptos_reactivos
100
AcDbCircle
 10
8.494639259737344
 20
28.061710301012653
 30
0.0
 40
0.05
  0
CIRCLE
  5
547
330
17
100
AcDbEntity
  8
Ptos_reactivos
100
AcDbCircle
 10
27.744347415246473
 20
71.44640107068122
 30
0.0
 40
0.05
  0
CIRCLE
  5
548
330
17
100
AcDbEntity
  8
Ptos_reactivos
100
AcDbCircle
 10
68.81766227553175
 20
18.879250557232158
 30
0.0
 40
0.05
  0
CIRCLE
  5
549
330
17
100
AcDbEntity
  8
Ptos_reactivos
100
AcDbCircle
 10
20.047464002584434
 20
47.80748014393505
 30
0.0
 40
0.05
  0
CIRCLE
  5
54A
330
17
100
AcDbEntity
  8
Ptos_reactivos
100
AcDbCircle
 10
19.606118386898913
 20
51.20815485568242
 30
0.0
 40
0.05
  0
CIRCLE
  5
54B
330
17
100
AcDbEntity
  8
Ptos_reactivos
100
AcDbCircle
 10
46.70961269087144
 20
15.635560700451629
 30
0.0
 40
0.05
  0
CIRCLE
  5
54C
330
17
100
AcDbEntity
  8
Ptos_reactivos
100
AcDbCircle
 10
5.450393135302062
 20
51.48726248492856
 30
0.0
 40
0.05
  0
CIRCLE
  5
54D
330
17
100
AcDbEntity
  8
Ptos_reactivos
100
AcDbCircle
 10
55.80236107277692
 20
71.27752966254315
 30
0.0
 40
0.05
  0
CIRCLE
  5
54E
330
17
100
AcDbEntity
  8
Ptos_reactivos
100
AcDbCircle
 10
45.58976106123701
 20
33.77383256661555
 30
0.0
 40
0.05
  0
CIRCLE
  5
54F
330
17
100
AcDbEntity
  8
Ptos_reactivos
100
AcDbCircle
 10
53.175596332550626
 20
37.1453466858537
 30
0.0
 40
0.05
  0
CIRCLE
  5
550
330
17
100
AcDbEntity
  8
Ptos_reactivos
100
AcDbCircle
 10
18.193078793868104
 20
39.78174729195665
 30
0.0
 40
0.05
  0
CIRCLE
  5
551
330
17
100
AcDbEntity
  8
Ptos_reactivos
100
AcDbCircle
 10
6.370231220622421
 20
19.41621384165232
 30
0.0
 40
0.05
  0
CIRCLE
  5
552
330
17
100
AcDbEntity
  8
Ptos_reactivos
100
AcDbCircle
 10
12.917690502765172
 20
16.065010647168975
 30
0.0
 40
0.05
  0
CIRCLE
  5
553
330
17
100
AcDbEntity
  8
Ptos_reactivos
100
AcDbCircle
 10
64.22479717965487
 20
3.033670673229463
 30
0.0
 40
0.05
  0
CIRCLE
  5
554
330
17
100
AcDbEntity
  8
Ptos_reactivos
100
AcDbCircle
 10
18.55191960953245
 20
39.589758041461
 30
0.0
 40
0.05
  0
CIRCLE
  5
555
330
17
100
AcDbEntity
  8
Ptos_reactivos
100
AcDbCircle
 10
9.733266670870758
 20
54.01084657367003
 30
0.0
 40
0.05
  0
CIRCLE
  5
556
330
17
100
AcDbEntity
  8
Ptos_reactivos
100
AcDbCircle
 10
8.053475902151543
 20
12.042836386589665
 30
0.0
 40
0.05
  0
CIRCLE
  5
557
330
17
100
AcDbEntity
  8
Ptos_reactivos
100
AcDbCircle
 10
43.99419696634241
 20
44.07609372786345
 30
0.0
 40
0.05
  0
CIRCLE
  5
558
330
17
100
AcDbEntity
  8
Ptos_reactivos
100
AcDbCircle
 10
54.05346558565054
 20
9.1287532702596
 30
0.0
 40
0.05
  0
CIRCLE
  5
559
330
17
100
AcDbEntity
  8
Ptos_reactivos
100
AcDbCircle
 10
20.768313519661046
 20
64.55350149592371
 30
0.0
 40
0.05
  0
CIRCLE
  5
55A
330
17
100
AcDbEntity
  8
Ptos_reactivos
100
AcDbCircle
 10
52.41714785513657
 20
39.33933192595809
 30
0.0
 40
0.05
  0
CIRCLE
  5
55B
330
17
100
AcDbEntity
  8
Ptos_reactivos
100
AcDbCircle
 10
62.28594907095966
 20
59.6656806512973
 30
0.0
 40
0.05
  0
CIRCLE
  5
55C
330
17
100
AcDbEntity
  8
Ptos_reactivos
100
AcDbCircle
 10
54.03076972301509
 20
63.83254539255786
 30
0.0
 40
0.05
  0
CIRCLE
  5
55D
330
17
100
AcDbEntity
  8
Ptos_reactivos
100
AcDbCircle
 10
24.049741210859064
 20
19.39538375447763
 30
0.0
 40
0.05
  0
CIRCLE
  5
55E
330
17
100
AcDbEntity
  8
Ptos_reactivos
100
AcDbCircle
 10
22.508551719161304
 20
30.805052706401014
 30
0.0
 40
0.05
  0
CIRCLE
  5
55F
330
17
100
AcDbEntity
  8
Ptos_reactivos
100
AcDbCircle
 10
2.509990344675217
 20
35.30344505969925
 30
0.0
 40
0.05
  0
CIRCLE
  5
560
330
17
100
AcDbEntity
  8
Ptos_reactivos
100
AcDbCircle
 10
48.25373142757629
 20
13.98654606810181
 30
0.0
 40
0.05
  0
CIRCLE
  5
561
330
17
100
AcDbEntity
  8
Ptos_reactivos
100
AcDbCircle
 10
6.896716624072971
 20
2.303430292891426
 30
0.0
 40
0.05
  0
CIRCLE
  5
562
330
17
100
AcDbEntity
  8
Ptos_reactivos
100
AcDbCircle
 10
70.03857836221887
 20
56.35227603522242
 30
0.0
 40
0.05
  0
CIRCLE
  5
563
330
17
100
AcDbEntity
  8
Ptos_reactivos
100
AcDbCircle
 10
66.02853763993437
 20
29.325503216851573
 30
0.0
 40
0.05
  0
CIRCLE
  5
564
330
17
100
AcDbEntity
  8
Ptos_reactivos
100
AcDbCircle
 10
32.177211154316446
 20
27.23221264366648
 30
0.0
 40
0.05
  0
CIRCLE
  5
565
330
17
100
AcDbEntity
  8
Ptos_reactivos
100
AcDbCircle
 10
49.476516403308615
 20
17.380253942999055
 30
0.0
 40
0.05
  0
CIRCLE
  5
566
330
17
100
AcDbEntity
  8
Ptos_reactivos
100
AcDbCircle
 10
64.83850113142503
 20
70.58871789762917
 30
0.0
 40
0.05
  0
CIRCLE
  5
567
330
17
100
AcDbEntity
  8
Ptos_reactivos
100
AcDbCircle
 10
23.283215712666465
 20
51.886590051470655
 30
0.0
 40
0.05
  0
CIRCLE
  5
568
330
17
100
AcDbEntity
  8
Ptos_reactivos
100
AcDbCircle
 10
18.974793203272757
 20
22.097002407246887
 30
0.0
 40
0.05
  0
CIRCLE
  5
569
330
17
100
AcDbEntity
  8
Ptos_reactivos
100
AcDbCircle
 10
39.422092566047795
 20
63.54317914155714
 30
0.0
 40
0.05
  0
CIRCLE
  5
56A
330
17
100
AcDbEntity
  8
Ptos_reactivos
100
AcDbCircle
 10
70.97686646796076
 20
16.894560458830803
 30
0.0
 40
0.05
  0
CIRCLE
  5
56B
330
17
100
AcDbEntity
  8
Ptos_reactivos
100
AcDbCircle
 10
61.471817924652925
 20
39.00903160107642
 30
0.0
 40
0.05
  0
CIRCLE
  5
56C
330
17
100
AcDbEntity
  8
Ptos_reactivos
100
AcDbCircle
 10
36.06958828979053
 20
55.34136248549508
 30
0.0
 40
0.05
  0
CIRCLE
  5
56D
330
17
100
AcDbEntity
  8
Ptos_reactivos
100
AcDbCircle
 10
41.679125375167175
 20
54.80204813124863
 30
0.0
 40
0.05
  0
CIRCLE
  5
56E
330
17
100
AcDbEntity
  8
Ptos_reactivos
100
AcDbCircle
 10
33.00418848994049
 20
51.147526059577395
 30
0.0
 40
0.05
  0
CIRCLE
  5
56F
330
17
100
AcDbEntity
  8
Ptos_reactivos
100
AcDbCircle
 10
15.699151204309402
 20
63.51922229472485
 30
0.0
 40
0.05
  0
CIRCLE
  5
570
330
17
100
AcDbEntity
  8
Ptos_reactivos
100
AcDbCircle
 10
44.32199773333136
 20
49.63466764085686
 30
0.0
 40
0.05
  0
CIRCLE
  5
571
330
17
100
AcDbEntity
  8
Ptos_reactivos
100
AcDbCircle
 10
16.638400241488014
 20
42.742492364091895
 30
0.0
 40
0.05
  0
CIRCLE
  5
572
330
17
100
AcDbEntity
  8
Ptos_reactivos
100
AcDbCircle
 10
42.72853522246475
 20
65.47250917250744
 30
0.0
 40
0.05
  0
CIRCLE
  5
573
330
17
100
AcDbEntity
  8
Ptos_reactivos
100
AcDbCircle
 10
42.21618865725828
 20
69.84917810636887
 30
0.0
 40
0.05
  0
CIRCLE
  5
574
330
17
100
AcDbEntity
  8
Ptos_reactivos
100
AcDbCircle
 10
55.31578348530764
 20
49.37096386006082
 30
0.0
 40
0.05
  0
CIRCLE
  5
575
330
17
100
AcDbEntity
  8
Ptos_reactivos
100
AcDbCircle
 10
68.18399052028576
 20
5.355242424993381
 30
0.0
 40
0.05
  0
CIRCLE
  5
576
330
17
100
AcDbEntity
  8
Ptos_reactivos
100
AcDbCircle
 10
1.7197432128683938
 20
4.001594368000408
 30
0.0
 40
0.05
  0
CIRCLE
  5
577
330
17
100
AcDbEntity
  8
Ptos_reactivos
100
AcDbCircle
 10
32.85837064888446
 20
70.4188636401334
 30
0.0
 40
0.05
  0
CIRCLE
  5
578
330
17
100
AcDbEntity
  8
Ptos_reactivos
100
AcDbCircle
 10
33.80104320912933
 20
20.67680866005911
 30
0.0
 40
0.05
  0
CIRCLE
  5
579
330
17
100
AcDbEntity
  8
Ptos_reactivos
100
AcDbCircle
 10
23.080870593167713
 20
36.32950944793029
 30
0.0
 40
0.05
  0
CIRCLE
  5
57A
330
17
100
AcDbEntity
  8
Ptos_reactivos
100
AcDbCircle
 10
34.436810096715156
 20
28.458991853721336
 30
0.0
 40
0.05
  0
CIRCLE
  5
57B
330
17
100
AcDbEntity
  8
Ptos_reactivos
100
AcDbCircle
 10
66.7044520925792
 20
71.96627064561076
 30
0.0
 40
0.05
  0
CIRCLE
  5
57C
330
17
100
AcDbEntity
  8
Ptos_reactivos
100
AcDbCircle
 10
27.760027307495797
 20
30.61785474396586
 30
0.0
 40
0.05
  0
CIRCLE
  5
57D
330
17
100
AcDbEntity
  8
Ptos_reactivos
100
AcDbCircle
 10
10.90258720547961
 20
47.6787926656653
 30
0.0
 40
0.05
  0
CIRCLE
  5
57E
330
17
100
AcDbEntity
  8
Ptos_reactivos
100
AcDbCircle
 10
20.759860658703236
 20
53.06101475531091
 30
0.0
 40
0.05
  0
CIRCLE
  5
57F
330
17
100
AcDbEntity
  8
Ptos_reactivos
100
AcDbCircle
 10
40.333812077440776
 20
23.42447177579869
 30
0.0
 40
0.05
  0
CIRCLE
  5
580
330
17
100
AcDbEntity
  8
Ptos_reactivos
100
AcDbCircle
 10
23.210142246672657
 20
0.7651721196583583
 30
0.0
 40
0.05
  0
CIRCLE
  5
581
330
17
100
AcDbEntity
  8
Ptos_reactivos
100
AcDbCircle
 10
69.00472956324346
 20
58.77936611769492
 30
0.0
 40
0.05
  0
CIRCLE
  5
582
330
17
100
AcDbEntity
  8
Ptos_reactivos
100
AcDbCircle
 10
70.27434081438197
 20
32.85940423917687
 30
0.0
 40
0.05
  0
CIRCLE
  5
583
330
17
100
AcDbEntity
  8
Ptos_reactivos
100
AcDbCircle
 10
33.89542391019129
 20
46.076980625274146
 30
0.0
 40
0.05
  0
CIRCLE
  5
584
330
17
100
AcDbEntity
  8
Ptos_reactivos
100
AcDbCircle
 10
70.14492311210408
 20
71.70190863448043
 30
0.0
 40
0.05
  0
CIRCLE
  5
585
330
17
100
AcDbEntity
  8
Ptos_reactivos
100
AcDbCircle
 10
55.797834626748575
 20
71.17481855255542
 30
0.0
 40
0.05
  0
CIRCLE
  5
586
330
17
100
AcDbEntity
  8
Ptos_reactivos
100
AcDbCircle
 10
63.150818226339084
 20
24.81826650917149
 30
0.0
 40
0.05
  0
CIRCLE
  5
587
330
17
100
AcDbEntity
  8
Ptos_reactivos
100
AcDbCircle
 10
66.00866263332806
 20
67.78927071969186
 30
0.0
 40
0.05
  0
CIRCLE
  5
588
330
17
100
AcDbEntity
  8
Ptos_reactivos
100
AcDbCircle
 10
4.395206223149964
 20
5.388550144867155
 30
0.0
 40
0.05
  0
CIRCLE
  5
589
330
17
100
AcDbEntity
  8
Ptos_reactivos
100
AcDbCircle
 10
51.483432337402874
 20
17.509547272420704
 30
0.0
 40
0.05
  0
CIRCLE
  5
58A
330
17
100
AcDbEntity
  8
Ptos_reactivos
100
AcDbCircle
 10
4.5960497362955985
 20
7.658331366600734
 30
0.0
 40
0.05
  0
CIRCLE
  5
58B
330
17
100
AcDbEntity
  8
Ptos_reactivos
100
AcDbCircle
 10
29.92076524157942
 20
72.6043513145125
 30
0.0
 40
0.05
  0
CIRCLE
  5
58C
330
17
100
AcDbEntity
  8
Ptos_reactivos
100
AcDbCircle
 10
36.57633515950975
 20
21.716646422301743
 30
0.0
 40
0.05
  0
CIRCLE
  5
58D
330
17
100
AcDbEntity
  8
Ptos_reactivos
100
AcDbCircle
 10
48.24309081195842
 20
54.94054548424513
 30
0.0
 40
0.05
  0
CIRCLE
  5
58E
330
17
100
AcDbEntity
  8
Ptos_reactivos
100
AcDbCircle
 10
27.637463859321993
 20
20.848636272251618
 30
0.0
 40
0.05
  0
CIRCLE
  5
58F
330
17
100
AcDbEntity
  8
Ptos_reactivos
100
AcDbCircle
 10
5.410958664973633
 20
10.785087941815307
 30
0.0
 40
0.05
  0
CIRCLE
  5
590
330
17
100
AcDbEntity
  8
Ptos_reactivos
100
AcDbCircle
 10
34.179468117032286
 20
43.46713424394382
 30
0.0
 40
0.05
  0
CIRCLE
  5
591
330
17
100
AcDbEntity
  8
Ptos_reactivos
100
AcDbCircle
 10
46.3098513490559
 20
61.624459656966046
 30
0.0
 40
0.05
  0
CIRCLE
  5
592
330
17
100
AcDbEntity
  8
Ptos_reactivos
100
AcDbCircle
 10
34.023179143779636
 20
51.765468895070214
 30
0.0
 40
0.05
  0
CIRCLE
  5
593
330
17
100
AcDbEntity
  8
Ptos_reactivos
100
AcDbCircle
 10
30.479592730623082
 20
71.95562183816001
 30
0.0
 40
0.05
  0
CIRCLE
  5
594
330
17
100
AcDbEntity
  8
Ptos_reactivos
100
AcDbCircle
 10
34.17115102106956
 20
50.273594970060095
 30
0.0
 40
0.05
  0
CIRCLE
  5
595
330
17
100
AcDbEntity
  8
Ptos_reactivos
100
AcDbCircle
 10
23.843163663561246
 20
40.571847180666886
 30
0.0
 40
0.05
  0
CIRCLE
  5
596
330
17
100
AcDbEntity
  8
Ptos_reactivos
100
AcDbCircle
 10
53.72163667394419
 20
50.90909538364531
 30
0.0
 40
0.05
  0
CIRCLE
  5
597
330
17
100
AcDbEntity
  8
Ptos_reactivos
100
AcDbCircle
 10
57.36007313260128
 20
71.88782232649291
 30
0.0
 40
0.05
  0
CIRCLE
  5
598
330
17
100
AcDbEntity
  8
Ptos_reactivos
100
AcDbCircle
 10
4.820232315093348
 20
49.25778195424561
 30
0.0
 40
0.05
  0
CIRCLE
  5
599
330
17
100
AcDbEntity
  8
Ptos_reactivos
100
AcDbCircle
 10
51.188936478053726
 20
58.49847640510219
 30
0.0
 40
0.05
  0
CIRCLE
  5
59A
330
17
100
AcDbEntity
  8
Ptos_reactivos
100
AcDbCircle
 10
67.14467172957332
 20
16.9050799060782
 30
0.0
 40
0.05
  0
CIRCLE
  5
59B
330
17
100
AcDbEntity
  8
Ptos_reactivos
100
AcDbCircle
 10
56.34927523231775
 20
47.55679310494712
 30
0.0
 40
0.05
  0
CIRCLE
  5
59C
330
17
100
AcDbEntity
  8
Ptos_reactivos
100
AcDbCircle
 10
71.80571315904159
 20
6.36562708153657
 30
0.0
 40
0.05
  0
CIRCLE
  5
59D
330
17
100
AcDbEntity
  8
Ptos_reactivos
100
AcDbCircle
 10
49.21222726501706
 20
40.29132709098215
 30
0.0
 40
0.05
  0
CIRCLE
  5
59E
330
17
100
AcDbEntity
  8
Ptos_reactivos
100
AcDbCircle
 10
9.263640257457542
 20
28.776241208451616
 30
0.0
 40
0.05
  0
CIRCLE
  5
59F
330
17
100
AcDbEntity
  8
Ptos_reactivos
100
AcDbCircle
 10
49.083361824304866
 20
68.34110665146386
 30
0.0
 40
0.05
  0
CIRCLE
  5
5A0
330
17
100
AcDbEntity
  8
Ptos_reactivos
100
AcDbCircle
 10
11.277205566759726
 20
69.75150985887093
 30
0.0
 40
0.05
  0
CIRCLE
  5
5A1
330
17
100
AcDbEntity
  8
Ptos_reactivos
100
AcDbCircle
 10
9.55732367026789
 20
55.70379517265848
 30
0.0
 40
0.05
  0
CIRCLE
  5
5A2
330
17
100
AcDbEntity
  8
Ptos_reactivos
100
AcDbCircle
 10
6.143395855566919
 20
19.905728870968353
 30
0.0
 40
0.05
  0
CIRCLE
  5
5A3
330
17
100
AcDbEntity
  8
Ptos_reactivos
100
AcDbCircle
 10
69.0602688006524
 20
55.30231489931722
 30
0.0
 40
0.05
  0
CIRCLE
  5
5A4
330
17
100
AcDbEntity
  8
Ptos_reactivos
100
AcDbCircle
 10
61.44111491652471
 20
56.46068052380745
 30
0.0
 40
0.05
  0
CIRCLE
  5
5A5
330
17
100
AcDbEntity
  8
Ptos_reactivos
100
AcDbCircle
 10
64.38421205154732
 20
57.77217085872137
 30
0.0
 40
0.05
  0
CIRCLE
  5
5A6
330
17
100
AcDbEntity
  8
Ptos_reactivos
100
AcDbCircle
 10
44.20498867962701
 20
19.299154061240447
 30
0.0
 40
0.05
  0
CIRCLE
  5
5A7
330
17
100
AcDbEntity
  8
Ptos_reactivos
100
AcDbCircle
 10
38.8758123294509
 20
39.346208410532164
 30
0.0
 40
0.05
  0
CIRCLE
  5
5A8
330
17
100
AcDbEntity
  8
Ptos_reactivos
100
AcDbCircle
 10
37.359682856600266
 20
69.81209846077299
 30
0.0
 40
0.05
  0
CIRCLE
  5
5A9
330
17
100
AcDbEntity
  8
Ptos_reactivos
100
AcDbCircle
 10
41.07339424690615
 20
58.70202586151188
 30
0.0
 40
0.05
  0
CIRCLE
  5
5AA
330
17
100
AcDbEntity
  8
Ptos_reactivos
100
AcDbCircle
 10
41.453160388940105
 20
39.74294181648528
 30
0.0
 40
0.05
  0
CIRCLE
  5
5AB
330
17
100
AcDbEntity
  8
Ptos_reactivos
100
AcDbCircle
 10
73.68731360632464
 20
44.61986288311221
 30
0.0
 40
0.05
  0
CIRCLE
  5
5AC
330
17
100
AcDbEntity
  8
Ptos_reactivos
100
AcDbCircle
 10
53.98719249689786
 20
22.89382280699844
 30
0.0
 40
0.05
  0
CIRCLE
  5
5AD
330
17
100
AcDbEntity
  8
Ptos_reactivos
100
AcDbCircle
 10
63.44534793299182
 20
54.18301067579303
 30
0.0
 40
0.05
  0
CIRCLE
  5
5AE
330
17
100
AcDbEntity
  8
Ptos_reactivos
100
AcDbCircle
 10
24.5594683902669
 20
40.50848250480918
 30
0.0
 40
0.05
  0
CIRCLE
  5
5AF
330
17
100
AcDbEntity
  8
Ptos_reactivos
100
AcDbCircle
 10
72.0926046416769
 20
21.82917605061709
 30
0.0
 40
0.05
  0
CIRCLE
  5
5B0
330
17
100
AcDbEntity
  8
Ptos_reactivos
100
AcDbCircle
 10
32.25366135736108
 20
10.56353134024669
 30
0.0
 40
0.05
  0
CIRCLE
  5
5B1
330
17
100
AcDbEntity
  8
Ptos_reactivos
100
AcDbCircle
 10
56.185153493456404
 20
47.958302645452115
 30
0.0
 40
0.05
  0
CIRCLE
  5
5B2
330
17
100
AcDbEntity
  8
Ptos_reactivos
100
AcDbCircle
 10
67.53981236786188
 20
58.63381873791966
 30
0.0
 40
0.05
  0
CIRCLE
  5
5B3
330
17
100
AcDbEntity
  8
Ptos_reactivos
100
AcDbCircle
 10
49.17708128654787
 20
31.247457808649585
 30
0.0
 40
0.05
  0
CIRCLE
  5
5B4
330
17
100
AcDbEntity
  8
Ptos_reactivos
100
AcDbCircle
 10
37.958896629891875
 20
54.18325964834472
 30
0.0
 40
0.05
  0
CIRCLE
  5
5B5
330
17
100
AcDbEntity
  8
Ptos_reactivos
100
AcDbCircle
 10
11.746663750765713
 20
34.03631211367323
 30
0.0
 40
0.05
  0
CIRCLE
  5
5B6
330
17
100
AcDbEntity
  8
Ptos_reactivos
100
AcDbCircle
 10
22.544381196855714
 20
30.430595013751766
 30
0.0
 40
0.05
  0
CIRCLE
  5
5B7
330
17
100
AcDbEntity
  8
Ptos_reactivos
100
AcDbCircle
 10
64.4716815799691
 20
61.38596627412369
 30
0.0
 40
0.05
  0
CIRCLE
  5
5B8
330
17
100
AcDbEntity
  8
Ptos_reactivos
100
AcDbCircle
 10
70.36470060177408
 20
65.62051117066503
 30
0.0
 40
0.05
  0
CIRCLE
  5
5B9
330
17
100
AcDbEntity
  8
Ptos_reactivos
100
AcDbCircle
 10
15.699038143475974
 20
44.129250673998726
 30
0.0
 40
0.05
  0
CIRCLE
  5
5BA
330
17
100
AcDbEntity
  8
Ptos_reactivos
100
AcDbCircle
 10
73.43456872289504
 20
44.728413576523636
 30
0.0
 40
0.05
  0
CIRCLE
  5
5BB
330
17
100
AcDbEntity
  8
Ptos_reactivos
100
AcDbCircle
 10
13.59744203306818
 20
41.30971381871905
 30
0.0
 40
0.05
  0
CIRCLE
  5
5BC
330
17
100
AcDbEntity
  8
Ptos_reactivos
100
AcDbCircle
 10
12.102693719052606
 20
66.89422187375794
 30
0.0
 40
0.05
  0
CIRCLE
  5
5BD
330
17
100
AcDbEntity
  8
Ptos_reactivos
100
AcDbCircle
 10
41.52176110062295
 20
59.968185983168425
 30
0.0
 40
0.05
  0
CIRCLE
  5
5BE
330
17
100
AcDbEntity
  8
Ptos_reactivos
100
AcDbCircle
 10
69.84883460475679
 20
67.703724898335
 30
0.0
 40
0.05
  0
CIRCLE
  5
5BF
330
17
100
AcDbEntity
  8
Ptos_reactivos
100
AcDbCircle
 10
40.10062626056403
 20
50.820896673854264
 30
0.0
 40
0.05
  0
CIRCLE
  5
5C0
330
17
100
AcDbEntity
  8
Ptos_reactivos
100
AcDbCircle
 10
70.18055470154049
 20
73.19833604027934
 30
0.0
 40
0.05
  0
CIRCLE
  5
5C1
330
17
100
AcDbEntity
  8
Ptos_reactivos
100
AcDbCircle
 10
21.184333957281627
 20
3.113444389484979
 30
0.0
 40
0.05
  0
CIRCLE
  5
5C2
330
17
100
AcDbEntity
  8
Ptos_reactivos
100
AcDbCircle
 10
46.39559101455203
 20
45.049129552766004
 30
0.0
 40
0.05
  0
CIRCLE
  5
5C3
330
17
100
AcDbEntity
  8
Ptos_reactivos
100
AcDbCircle
 10
65.02036325629346
 20
30.089809781369112
 30
0.0
 40
0.05
  0
CIRCLE
  5
5C4
330
17
100
AcDbEntity
  8
Ptos_reactivos
100
AcDbCircle
 10
31.60499106227022
 20
23.726495240696117
 30
0.0
 40
0.05
  0
CIRCLE
  5
5C5
330
17
100
AcDbEntity
  8
Ptos_reactivos
100
AcDbCircle
 10
19.136751214262702
 20
53.31711678690535
 30
0.0
 40
0.05
  0
CIRCLE
  5
5C6
330
17
100
AcDbEntity
  8
Ptos_reactivos
100
AcDbCircle
 10
2.5313108768103305
 20
23.133931603688186
 30
0.0
 40
0.05
  0
CIRCLE
  5
5C7
330
17
100
AcDbEntity
  8
Ptos_reactivos
100
AcDbCircle
 10
6.376610783211628
 20
68.98612507018426
 30
0.0
 40
0.05
  0
CIRCLE
  5
5C8
330
17
100
AcDbEntity
  8
Ptos_reactivos
100
AcDbCircle
 10
66.38306356958942
 20
46.63541509726238
 30
0.0
 40
0.05
  0
CIRCLE
  5
5C9
330
17
100
AcDbEntity
  8
Ptos_reactivos
100
AcDbCircle
 10
71.10320484797538
 20
64.66242383615354
 30
0.0
 40
0.05
  0
CIRCLE
  5
5CA
330
17
100
AcDbEntity
  8
Ptos_reactivos
100
AcDbCircle
 10
57.76252477126759
 20
49.19940484156265
 30
0.0
 40
0.05
  0
CIRCLE
  5
5CB
330
17
100
AcDbEntity
  8
Ptos_reactivos
100
AcDbCircle
 10
56.882062498904745
 20
4.421694583893379
 30
0.0
 40
0.05
  0
CIRCLE
  5
5CC
330
17
100
AcDbEntity
  8
Ptos_reactivos
100
AcDbCircle
 10
59.56814430105719
 20
41.286013796677715
 30
0.0
 40
0.05
  0
CIRCLE
  5
5CD
330
17
100
AcDbEntity
  8
Ptos_reactivos
100
AcDbCircle
 10
29.88661589649504
 20
67.85827917342597
 30
0.0
 40
0.05
  0
CIRCLE
  5
5CE
330
17
100
AcDbEntity
  8
Ptos_reactivos
100
AcDbCircle
 10
44.14145676888745
 20
51.88299100861961
 30
0.0
 40
0.05
  0
CIRCLE
  5
5CF
330
17
100
AcDbEntity
  8
Ptos_reactivos
100
AcDbCircle
 10
69.57144339983938
 20
69.4808709249947
 30
0.0
 40
0.05
  0
CIRCLE
  5
5D0
330
17
100
AcDbEntity
  8
Ptos_reactivos
100
AcDbCircle
 10
39.133021465369524
 20
32.95281887807843
 30
0.0
 40
0.05
  0
CIRCLE
  5
5D1
330
17
100
AcDbEntity
  8
Ptos_reactivos
100
AcDbCircle
 10
69.57843333187171
 20
68.23877817173769
 30
0.0
 40
0.05
  0
CIRCLE
  5
5D2
330
17
100
AcDbEntity
  8
Ptos_reactivos
100
AcDbCircle
 10
39.42839967830543
 20
23.820873829261398
 30
0.0
 40
0.05
  0
CIRCLE
  5
5D3
330
17
100
AcDbEntity
  8
Ptos_reactivos
100
AcDbCircle
 10
41.15695445950196
 20
50.72019042662218
 30
0.0
 40
0.05
  0
CIRCLE
  5
5D4
330
17
100
AcDbEntity
  8
Ptos_reactivos
100
AcDbCircle
 10
19.497519465644007
 20
10.93091294424951
 30
0.0
 40
0.05
  0
CIRCLE
  5
5D5
330
17
100
AcDbEntity
  8
Ptos_reactivos
100
AcDbCircle
 10
72.07828523175598
 20
25.936690708099096
 30
0.0
 40
0.05
  0
CIRCLE
  5
5D6
330
17
100
AcDbEntity
  8
Ptos_reactivos
100
AcDbCircle
 10
28.644991389105012
 20
43.101153483194665
 30
0.0
 40
0.05
  0
CIRCLE
  5
5D7
330
17
100
AcDbEntity
  8
Ptos_reactivos
100
AcDbCircle
 10
23.57064136421831
 20
0.423145967547614
 30
0.0
 40
0.05
  0
CIRCLE
  5
5D8
330
17
100
AcDbEntity
  8
Ptos_reactivos
100
AcDbCircle
 10
34.512958075156746
 20
44.17075483713933
 30
0.0
 40
0.05
  0
CIRCLE
  5
5D9
330
17
100
AcDbEntity
  8
Ptos_reactivos
100
AcDbCircle
 10
51.918949824867745
 20
15.709791820040623
 30
0.0
 40
0.05
  0
CIRCLE
  5
5DA
330
17
100
AcDbEntity
  8
Ptos_reactivos
100
AcDbCircle
 10
52.16513792700266
 20
34.72824980327462
 30
0.0
 40
0.05
  0
CIRCLE
  5
5DB
330
17
100
AcDbEntity
  8
Ptos_reactivos
100
AcDbCircle
 10
15.570410599380214
 20
61.15342111816091
 30
0.0
 40
0.05
  0
CIRCLE
  5
5DC
330
17
100
AcDbEntity
  8
Ptos_reactivos
100
AcDbCircle
 10
9.89597532520893
 20
66.15981727680965
 30
0.0
 40
0.05
  0
CIRCLE
  5
5DD
330
17
100
AcDbEntity
  8
Ptos_reactivos
100
AcDbCircle
 10
24.668848196071647
 20
71.42368011796242
 30
0.0
 40
0.05
  0
CIRCLE
  5
5DE
330
17
100
AcDbEntity
  8
Ptos_reactivos
100
AcDbCircle
 10
14.29185588407572
 20
57.023330925307874
 30
0.0
 40
0.05
  0
CIRCLE
  5
5DF
330
17
100
AcDbEntity
  8
Ptos_reactivos
100
AcDbCircle
 10
36.59435491636455
 20
24.283984115212824
 30
0.0
 40
0.05
  0
CIRCLE
  5
5E0
330
17
100
AcDbEntity
  8
Ptos_reactivos
100
AcDbCircle
 10
9.355982768122576
 20
16.030783415349774
 30
0.0
 40
0.05
  0
CIRCLE
  5
5E1
330
17
100
AcDbEntity
  8
Ptos_reactivos
100
AcDbCircle
 10
52.034903608110525
 20
43.48665753777245
 30
0.0
 40
0.05
  0
CIRCLE
  5
5E2
330
17
100
AcDbEntity
  8
Ptos_reactivos
100
AcDbCircle
 10
43.840398890968956
 20
51.88717693040305
 30
0.0
 40
0.05
  0
CIRCLE
  5
5E3
330
17
100
AcDbEntity
  8
Ptos_reactivos
100
AcDbCircle
 10
38.04731704833467
 20
49.49636318407413
 30
0.0
 40
0.05
  0
CIRCLE
  5
5E4
330
17
100
AcDbEntity
  8
Ptos_reactivos
100
AcDbCircle
 10
18.555402045331267
 20
10.46608232971818
 30
0.0
 40
0.05
  0
CIRCLE
  5
5E5
330
17
100
AcDbEntity
  8
Ptos_reactivos
100
AcDbCircle
 10
65.50181501694831
 20
46.63543823060925
 30
0.0
 40
0.05
  0
CIRCLE
  5
5E6
330
17
100
AcDbEntity
  8
Ptos_reactivos
100
AcDbCircle
 10
70.44781229947864
 20
34.16192361355113
 30
0.0
 40
0.05
  0
CIRCLE
  5
5E7
330
17
100
AcDbEntity
  8
Ptos_reactivos
100
AcDbCircle
 10
9.822061160842772
 20
26.689046803637616
 30
0.0
 40
0.05
  0
CIRCLE
  5
5E8
330
17
100
AcDbEntity
  8
Ptos_reactivos
100
AcDbCircle
 10
45.22953147080841
 20
70.4681797630123
 30
0.0
 40
0.05
  0
CIRCLE
  5
5E9
330
17
100
AcDbEntity
  8
Ptos_reactivos
100
AcDbCircle
 10
2.122623575322441
 20
71.3401824764102
 30
0.0
 40
0.05
  0
CIRCLE
  5
5EA
330
17
100
AcDbEntity
  8
Ptos_reactivos
100
AcDbCircle
 10
6.985089840129091
 20
65.64125045979218
 30
0.0
 40
0.05
  0
CIRCLE
  5
5EB
330
17
100
AcDbEntity
  8
Ptos_reactivos
100
AcDbCircle
 10
58.01817812511829
 20
66.75914717077858
 30
0.0
 40
0.05
  0
CIRCLE
  5
5EC
330
17
100
AcDbEntity
  8
Ptos_reactivos
100
AcDbCircle
 10
45.11021409127539
 20
15.538061463821382
 30
0.0
 40
0.05
  0
CIRCLE
  5
5ED
330
17
100
AcDbEntity
  8
Ptos_reactivos
100
AcDbCircle
 10
4.1402914885616235
 20
61.470583037578976
 30
0.0
 40
0.05
  0
CIRCLE
  5
5EE
330
17
100
AcDbEntity
  8
Ptos_reactivos
100
AcDbCircle
 10
18.815155899438086
 20
65.30042576615124
 30
0.0
 40
0.05
  0
CIRCLE
  5
5EF
330
17
100
AcDbEntity
  8
Ptos_reactivos
100
AcDbCircle
 10
29.979409941879364
 20
43.78811563740813
 30
0.0
 40
0.05
  0
CIRCLE
  5
5F0
330
17
100
AcDbEntity
  8
Ptos_reactivos
100
AcDbCircle
 10
72.75480839310856
 20
69.3396461175196
 30
0.0
 40
0.05
  0
CIRCLE
  5
5F1
330
17
100
AcDbEntity
  8
Ptos_reactivos
100
AcDbCircle
 10
45.47954641046044
 20
68.11881128073901
 30
0.0
 40
0.05
  0
CIRCLE
  5
5F2
330
17
100
AcDbEntity
  8
Ptos_reactivos
100
AcDbCircle
 10
24.14015118678698
 20
40.87302384487719
 30
0.0
 40
0.05
  0
CIRCLE
  5
5F3
330
17
100
AcDbEntity
  8
Ptos_reactivos
100
AcDbCircle
 10
66.23701802679386
 20
27.63434059754115
 30
0.0
 40
0.05
  0
CIRCLE
  5
5F4
330
17
100
AcDbEntity
  8
Ptos_reactivos
100
AcDbCircle
 10
45.02284646368583
 20
45.94983455702864
 30
0.0
 40
0.05
  0
CIRCLE
  5
5F5
330
17
100
AcDbEntity
  8
Ptos_reactivos
100
AcDbCircle
 10
5.720828527056765
 20
56.33272086281349
 30
0.0
 40
0.05
  0
CIRCLE
  5
5F6
330
17
100
AcDbEntity
  8
Ptos_reactivos
100
AcDbCircle
 10
46.608630822725374
 20
54.47322796868384
 30
0.0
 40
0.05
  0
CIRCLE
  5
5F7
330
17
100
AcDbEntity
  8
Ptos_reactivos
100
AcDbCircle
 10
5.227534253591978
 20
1.5757384439824969
 30
0.0
 40
0.05
  0
CIRCLE
  5
5F8
330
17
100
AcDbEntity
  8
Ptos_reactivos
100
AcDbCircle
 10
72.52551655051397
 20
73.03004657528402
 30
0.0
 40
0.05
  0
CIRCLE
  5
5F9
330
17
100
AcDbEntity
  8
Ptos_reactivos
100
AcDbCircle
 10
62.692814670437166
 20
37.98171589523777
 30
0.0
 40
0.05
  0
CIRCLE
  5
5FA
330
17
100
AcDbEntity
  8
Ptos_reactivos
100
AcDbCircle
 10
60.44131067629438
 20
8.817213775574201
 30
0.0
 40
0.05
  0
CIRCLE
  5
5FB
330
17
100
AcDbEntity
  8
Ptos_reactivos
100
AcDbCircle
 10
54.50200454570005
 20
15.456001379544315
 30
0.0
 40
0.05
  0
CIRCLE
  5
5FC
330
17
100
AcDbEntity
  8
Ptos_reactivos
100
AcDbCircle
 10
47.920779555785316
 20
58.371374548012945
 30
0.0
 40
0.05
  0
CIRCLE
  5
5FD
330
17
100
AcDbEntity
  8
Ptos_reactivos
100
AcDbCircle
 10
12.900679645180563
 20
42.87751708011573
 30
0.0
 40
0.05
  0
CIRCLE
  5
5FE
330
17
100
AcDbEntity
  8
Ptos_reactivos
100
AcDbCircle
 10
68.30325359073973
 20
56.76528267397763
 30
0.0
 40
0.05
  0
CIRCLE
  5
5FF
330
17
100
AcDbEntity
  8
Ptos_reactivos
100
AcDbCircle
 10
17.942106770937645
 20
10.32030139406257
 30
0.0
 40
0.05
  0
CIRCLE
  5
600
330
17
100
AcDbEntity
  8
Ptos_reactivos
100
AcDbCircle
 10
31.28765931166939
 20
66.1408174343824
 30
0.0
 40
0.05
  0
CIRCLE
  5
601
330
17
100
AcDbEntity
  8
Ptos_reactivos
100
AcDbCircle
 10
6.7569005501043
 20
18.78840478827801
 30
0.0
 40
0.05
  0
CIRCLE
  5
602
330
17
100
AcDbEntity
  8
Ptos_reactivos
100
AcDbCircle
 10
19.381509894521976
 20
67.02321634427804
 30
0.0
 40
0.05
  0
CIRCLE
  5
603
330
17
100
AcDbEntity
  8
Ptos_reactivos
100
AcDbCircle
 10
52.3534490492244
 20
32.213797830519546
 30
0.0
 40
0.05
  0
CIRCLE
  5
604
330
17
100
AcDbEntity
  8
Ptos_reactivos
100
AcDbCircle
 10
21.769515744571127
 20
17.708076498298773
 30
0.0
 40
0.05
  0
CIRCLE
  5
605
330
17
100
AcDbEntity
  8
Ptos_reactivos
100
AcDbCircle
 10
43.778844859298424
 20
49.45760079060736
 30
0.0
 40
0.05
  0
CIRCLE
  5
606
330
17
100
AcDbEntity
  8
Ptos_reactivos
100
AcDbCircle
 10
36.53503678227549
 20
51.801345015786424
 30
0.0
 40
0.05
  0
CIRCLE
  5
607
330
17
100
AcDbEntity
  8
Ptos_reactivos
100
AcDbCircle
 10
45.64708439191802
 20
51.20717229805844
 30
0.0
 40
0.05
  0
CIRCLE
  5
608
330
17
100
AcDbEntity
  8
Ptos_reactivos
100
AcDbCircle
 10
6.017893762458209
 20
71.19225847074311
 30
0.0
 40
0.05
  0
CIRCLE
  5
609
330
17
100
AcDbEntity
  8
Ptos_reactivos
100
AcDbCircle
 10
8.437855196118921
 20
34.23513829261054
 30
0.0
 40
0.05
  0
CIRCLE
  5
60A
330
17
100
AcDbEntity
  8
Ptos_reactivos
100
AcDbCircle
 10
53.38469649624923
 20
39.348787953104924
 30
0.0
 40
0.05
  0
CIRCLE
  5
60B
330
17
100
AcDbEntity
  8
Ptos_reactivos
100
AcDbCircle
 10
11.023286243329586
 20
67.59356574884369
 30
0.0
 40
0.05
  0
CIRCLE
  5
60C
330
17
100
AcDbEntity
  8
Ptos_reactivos
100
AcDbCircle
 10
59.244911548731395
 20
67.03084890088593
 30
0.0
 40
0.05
  0
CIRCLE
  5
60D
330
17
100
AcDbEntity
  8
Ptos_reactivos
100
AcDbCircle
 10
56.60853392605334
 20
15.36733495267196
 30
0.0
 40
0.05
  0
CIRCLE
  5
60E
330
17
100
AcDbEntity
  8
Ptos_reactivos
100
AcDbCircle
 10
23.811906050796697
 20
43.29266136841348
 30
0.0
 40
0.05
  0
CIRCLE
  5
60F
330
17
100
AcDbEntity
  8
Ptos_reactivos
100
AcDbCircle
 10
8.769868851626223
 20
46.61894581054558
 30
0.0
 40
0.05
  0
CIRCLE
  5
610
330
17
100
AcDbEntity
  8
Ptos_reactivos
100
AcDbCircle
 10
74.04351558646053
 20
42.37151928682206
 30
0.0
 40
0.05
  0
CIRCLE
  5
611
330
17
100
AcDbEntity
  8
Ptos_reactivos
100
AcDbCircle
 10
39.549342563681705
 20
25.448700556640006
 30
0.0
 40
0.05
  0
CIRCLE
  5
612
330
17
100
AcDbEntity
  8
Ptos_reactivos
100
AcDbCircle
 10
70.0673747588081
 20
28.14524344080695
 30
0.0
 40
0.05
  0
CIRCLE
  5
613
330
17
100
AcDbEntity
  8
Ptos_reactivos
100
AcDbCircle
 10
46.448620358559786
 20
18.47802295403459
 30
0.0
 40
0.05
  0
CIRCLE
  5
614
330
17
100
AcDbEntity
  8
Ptos_reactivos
100
AcDbCircle
 10
34.42407172189608
 20
52.69455696999138
 30
0.0
 40
0.05
  0
CIRCLE
  5
615
330
17
100
AcDbEntity
  8
Ptos_reactivos
100
AcDbCircle
 10
52.857790472970194
 20
17.690752502620168
 30
0.0
 40
0.05
  0
CIRCLE
  5
616
330
17
100
AcDbEntity
  8
Ptos_reactivos
100
AcDbCircle
 10
53.33406722157534
 20
35.36443215297804
 30
0.0
 40
0.05
  0
CIRCLE
  5
617
330
17
100
AcDbEntity
  8
Ptos_reactivos
100
AcDbCircle
 10
53.26796265129549
 20
31.819918927887162
 30
0.0
 40
0.05
  0
CIRCLE
  5
618
330
17
100
AcDbEntity
  8
Ptos_reactivos
100
AcDbCircle
 10
69.93064830806637
 20
25.305355291981954
 30
0.0
 40
0.05
  0
CIRCLE
  5
619
330
17
100
AcDbEntity
  8
Ptos_reactivos
100
AcDbCircle
 10
2.1282481154196784
 20
48.01615474954693
 30
0.0
 40
0.05
  0
CIRCLE
  5
61A
330
17
100
AcDbEntity
  8
Ptos_reactivos
100
AcDbCircle
 10
30.123667214060543
 20
73.03092153954456
 30
0.0
 40
0.05
  0
CIRCLE
  5
61B
330
17
100
AcDbEntity
  8
Ptos_reactivos
100
AcDbCircle
 10
32.82050732530633
 20
27.0933394337994
 30
0.0
 40
0.05
  0
CIRCLE
  5
61C
330
17
100
AcDbEntity
  8
Ptos_reactivos
100
AcDbCircle
 10
74.3399063433428
 20
43.658310943904176
 30
0.0
 40
0.05
  0
CIRCLE
  5
61D
330
17
100
AcDbEntity
  8
Ptos_reactivos
100
AcDbCircle
 10
63.77754939719034
 20
68.05102940747685
 30
0.0
 40
0.05
  0
CIRCLE
  5
61E
330
17
100
AcDbEntity
  8
Ptos_reactivos
100
AcDbCircle
 10
2.99483984008623
 20
12.42200736201988
 30
0.0
 40
0.05
  0
CIRCLE
  5
61F
330
17
100
AcDbEntity
  8
Ptos_reactivos
100
AcDbCircle
 10
25.49518124784573
 20
0.32369605441804616
 30
0.0
 40
0.05
  0
CIRCLE
  5
620
330
17
100
AcDbEntity
  8
Ptos_reactivos
100
AcDbCircle
 10
49.06045720422214
 20
69.98341214873128
 30
0.0
 40
0.05
  0
CIRCLE
  5
621
330
17
100
AcDbEntity
  8
Ptos_reactivos
100
AcDbCircle
 10
61.95495766184187
 20
26.70267521843246
 30
0.0
 40
0.05
  0
CIRCLE
  5
622
330
17
100
AcDbEntity
  8
Ptos_reactivos
100
AcDbCircle
 10
24.68081263386378
 20
44.83512527967935
 30
0.0
 40
0.05
  0
CIRCLE
  5
623
330
17
100
AcDbEntity
  8
Ptos_reactivos
100
AcDbCircle
 10
59.95172933444614
 20
49.03235476204196
 30
0.0
 40
0.05
  0
CIRCLE
  5
624
330
17
100
AcDbEntity
  8
Ptos_reactivos
100
AcDbCircle
 10
42.11557156606884
 20
6.659489166299543
 30
0.0
 40
0.05
  0
CIRCLE
  5
625
330
17
100
AcDbEntity
  8
Ptos_reactivos
100
AcDbCircle
 10
67.15403281941565
 20
13.416059306521454
 30
0.0
 40
0.05
  0
CIRCLE
  5
626
330
17
100
AcDbEntity
  8
Ptos_reactivos
100
AcDbCircle
 10
62.375209285362274
 20
24.04389280657125
 30
0.0
 40
0.05
  0
CIRCLE
  5
627
330
17
100
AcDbEntity
  8
Ptos_reactivos
100
AcDbCircle
 10
33.76153993965229
 20
57.08170079312996
 30
0.0
 40
0.05
  0
CIRCLE
  5
628
330
17
100
AcDbEntity
  8
Ptos_reactivos
100
AcDbCircle
 10
67.09041688236638
 20
8.012346778501803
 30
0.0
 40
0.05
  0
CIRCLE
  5
629
330
17
100
AcDbEntity
  8
Ptos_reactivos
100
AcDbCircle
 10
71.97371484229124
 20
27.76561822058763
 30
0.0
 40
0.05
  0
CIRCLE
  5
62A
330
17
100
AcDbEntity
  8
Ptos_reactivos
100
AcDbCircle
 10
5.43763038121341
 20
18.698647353494053
 30
0.0
 40
0.05
  0
CIRCLE
  5
62B
330
17
100
AcDbEntity
  8
Ptos_reactivos
100
AcDbCircle
 10
50.571617031574085
 20
16.82654186299047
 30
0.0
 40
0.05
  0
CIRCLE
  5
62C
330
17
100
AcDbEntity
  8
Ptos_reactivos
100
AcDbCircle
 10
69.87734154826641
 20
72.65729409607792
 30
0.0
 40
0.05
  0
CIRCLE
  5
62D
330
17
100
AcDbEntity
  8
Ptos_reactivos
100
AcDbCircle
 10
61.6298259574176
 20
34.67155358760091
 30
0.0
 40
0.05
  0
CIRCLE
  5
62E
330
17
100
AcDbEntity
  8
Ptos_reactivos
100
AcDbCircle
 10
53.880359082648596
 20
59.53118231027549
 30
0.0
 40
0.05
  0
CIRCLE
  5
62F
330
17
100
AcDbEntity
  8
Ptos_reactivos
100
AcDbCircle
 10
42.38905591833448
 20
32.8174557722977
 30
0.0
 40
0.05
  0
CIRCLE
  5
630
330
17
100
AcDbEntity
  8
Ptos_reactivos
100
AcDbCircle
 10
50.280543524732764
 20
56.29381347268012
 30
0.0
 40
0.05
  0
CIRCLE
  5
631
330
17
100
AcDbEntity
  8
Ptos_reactivos
100
AcDbCircle
 10
7.190319487378235
 20
54.63313998947492
 30
0.0
 40
0.05
  0
CIRCLE
  5
632
330
17
100
AcDbEntity
  8
Ptos_reactivos
100
AcDbCircle
 10
68.06611710125497
 20
56.512981217643606
 30
0.0
 40
0.05
  0
CIRCLE
  5
633
330
17
100
AcDbEntity
  8
Ptos_reactivos
100
AcDbCircle
 10
37.359478389392805
 20
51.89199488252184
 30
0.0
 40
0.05
  0
CIRCLE
  5
634
330
17
100
AcDbEntity
  8
Ptos_reactivos
100
AcDbCircle
 10
40.3402018739188
 20
51.99996703058504
 30
0.0
 40
0.05
  0
CIRCLE
  5
635
330
17
100
AcDbEntity
  8
Ptos_reactivos
100
AcDbCircle
 10
48.36273334705941
 20
41.43485194476105
 30
0.0
 40
0.05
  0
CIRCLE
  5
636
330
17
100
AcDbEntity
  8
Ptos_reactivos
100
AcDbCircle
 10
56.06022331249946
 20
17.514042221444885
 30
0.0
 40
0.05
  0
CIRCLE
  5
637
330
17
100
AcDbEntity
  8
Ptos_reactivos
100
AcDbCircle
 10
21.73371196077267
 20
8.0902155530718
 30
0.0
 40
0.05
  0
CIRCLE
  5
638
330
17
100
AcDbEntity
  8
Ptos_reactivos
100
AcDbCircle
 10
69.74443390586224
 20
12.07392416894766
 30
0.0
 40
0.05
  0
CIRCLE
  5
639
330
17
100
AcDbEntity
  8
Ptos_reactivos
100
AcDbCircle
 10
39.13081821449234
 20
13.505270581788661
 30
0.0
 40
0.05
  0
CIRCLE
  5
63A
330
17
100
AcDbEntity
  8
Ptos_reactivos
100
AcDbCircle
 10
73.660605362747
 20
3.2523557570905997
 30
0.0
 40
0.05
  0
CIRCLE
  5
63B
330
17
100
AcDbEntity
  8
Ptos_reactivos
100
AcDbCircle
 10
36.139544323858246
 20
45.014167123428926
 30
0.0
 40
0.05
  0
CIRCLE
  5
63C
330
17
100
AcDbEntity
  8
Ptos_reactivos
100
AcDbCircle
 10
62.05360206550489
 20
6.236452951424446
 30
0.0
 40
0.05
  0
CIRCLE
  5
63D
330
17
100
AcDbEntity
  8
Ptos_reactivos
100
AcDbCircle
 10
0.8142803626391082
 20
60.56567663768968
 30
0.0
 40
0.05
  0
CIRCLE
  5
63E
330
17
100
AcDbEntity
  8
Ptos_reactivos
100
AcDbCircle
 10
10.269780203424245
 20
2.688087543954426
 30
0.0
 40
0.05
  0
CIRCLE
  5
63F
330
17
100
AcDbEntity
  8
Ptos_reactivos
100
AcDbCircle
 10
7.269542300387713
 20
71.449873350185
 30
0.0
 40
0.05
  0
CIRCLE
  5
640
330
17
100
AcDbEntity
  8
Ptos_reactivos
100
AcDbCircle
 10
55.140058992735696
 20
53.656314109440174
 30
0.0
 40
0.05
  0
CIRCLE
  5
641
330
17
100
AcDbEntity
  8
Ptos_reactivos
100
AcDbCircle
 10
38.6443142844073
 20
44.72487551458257
 30
0.0
 40
0.05
  0
CIRCLE
  5
642
330
17
100
AcDbEntity
  8
Ptos_reactivos
100
AcDbCircle
 10
74.38395896978089
 20
73.42230144799119
 30
0.0
 40
0.05
  0
CIRCLE
  5
643
330
17
100
AcDbEntity
  8
Ptos_reactivos
100
AcDbCircle
 10
43.896661618244714
 20
46.18862834839969
 30
0.0
 40
0.05
  0
CIRCLE
  5
644
330
17
100
AcDbEntity
  8
Ptos_reactivos
100
AcDbCircle
 10
70.59634785629548
 20
48.83658880204697
 30
0.0
 40
0.05
  0
CIRCLE
  5
645
330
17
100
AcDbEntity
  8
Ptos_reactivos
100
AcDbCircle
 10
1.3694340972099373
 20
2.256760789388404
 30
0.0
 40
0.05
  0
CIRCLE
  5
646
330
17
100
AcDbEntity
  8
Ptos_reactivos
100
AcDbCircle
 10
29.302162219682945
 20
29.39804273625952
 30
0.0
 40
0.05
  0
CIRCLE
  5
647
330
17
100
AcDbEntity
  8
Ptos_reactivos
100
AcDbCircle
 10
45.46017023317938
 20
22.810774795610104
 30
0.0
 40
0.05
  0
CIRCLE
  5
648
330
17
100
AcDbEntity
  8
Ptos_reactivos
100
AcDbCircle
 10
8.385811626364909
 20
66.25531480150933
 30
0.0
 40
0.05
  0
CIRCLE
  5
649
330
17
100
AcDbEntity
  8
Ptos_reactivos
100
AcDbCircle
 10
18.866319891115882
 20
5.480007053024943
 30
0.0
 40
0.05
  0
CIRCLE
  5
64A
330
17
100
AcDbEntity
  8
Ptos_reactivos
100
AcDbCircle
 10
36.58178816006288
 20
9.044720276615289
 30
0.0
 40
0.05
  0
CIRCLE
  5
64B
330
17
100
AcDbEntity
  8
Ptos_reactivos
100
AcDbCircle
 10
62.00319962172639
 20
33.970688795335235
 30
0.0
 40
0.05
  0
CIRCLE
  5
64C
330
17
100
AcDbEntity
  8
Ptos_reactivos
100
AcDbCircle
 10
74.84533661833667
 20
46.92208840017995
 30
0.0
 40
0.05
  0
CIRCLE
  5
64D
330
17
100
AcDbEntity
  8
Ptos_reactivos
100
AcDbCircle
 10
18.363631638310984
 20
1.2855509527924887
 30
0.0
 40
0.05
  0
CIRCLE
  5
64E
330
17
100
AcDbEntity
  8
Ptos_reactivos
100
AcDbCircle
 10
63.499356003701074
 20
12.476776587016717
 30
0.0
 40
0.05
  0
CIRCLE
  5
64F
330
17
100
AcDbEntity
  8
Ptos_reactivos
100
AcDbCircle
 10
9.826883124995698
 20
39.01844680970786
 30
0.0
 40
0.05
  0
CIRCLE
  5
650
330
17
100
AcDbEntity
  8
Ptos_reactivos
100
AcDbCircle
 10
53.97383354458897
 20
32.61790488301933
 30
0.0
 40
0.05
  0
CIRCLE
  5
651
330
17
100
AcDbEntity
  8
Ptos_reactivos
100
AcDbCircle
 10
9.226523655056557
 20
23.013090440148545
 30
0.0
 40
0.05
  0
CIRCLE
  5
652
330
17
100
AcDbEntity
  8
Ptos_reactivos
100
AcDbCircle
 10
21.840040154303217
 20
69.00847538701285
 30
0.0
 40
0.05
  0
CIRCLE
  5
653
330
17
100
AcDbEntity
  8
Ptos_reactivos
100
AcDbCircle
 10
61.85798678460534
 20
11.1646504742828
 30
0.0
 40
0.05
  0
CIRCLE
  5
654
330
17
100
AcDbEntity
  8
Ptos_reactivos
100
AcDbCircle
 10
72.60891552212813
 20
11.53363011038585
 30
0.0
 40
0.05
  0
CIRCLE
  5
655
330
17
100
AcDbEntity
  8
Ptos_reactivos
100
AcDbCircle
 10
61.637588297426646
 20
0.12728254443872822
 30
0.0
 40
0.05
  0
CIRCLE
  5
656
330
17
100
AcDbEntity
  8
Ptos_reactivos
100
AcDbCircle
 10
68.84061144922596
 20
42.84318742841183
 30
0.0
 40
0.05
  0
CIRCLE
  5
657
330
17
100
AcDbEntity
  8
Ptos_reactivos
100
AcDbCircle
 10
41.306632253554966
 20
2.7276404852296987
 30
0.0
 40
0.05
  0
CIRCLE
  5
658
330
17
100
AcDbEntity
  8
Ptos_reactivos
100
AcDbCircle
 10
59.26504316336143
 20
44.231870324242124
 30
0.0
 40
0.05
  0
CIRCLE
  5
659
330
17
100
AcDbEntity
  8
Ptos_reactivos
100
AcDbCircle
 10
38.58823085009958
 20
29.57630908052447
 30
0.0
 40
0.05
  0
CIRCLE
  5
65A
330
17
100
AcDbEntity
  8
Ptos_reactivos
100
AcDbCircle
 10
74.69533753453679
 20
32.34963676509575
 30
0.0
 40
0.05
  0
CIRCLE
  5
65B
330
17
100
AcDbEntity
  8
Ptos_reactivos
100
AcDbCircle
 10
63.958824099003174
 20
47.79357148072553
 30
0.0
 40
0.05
  0
CIRCLE
  5
65C
330
17
100
AcDbEntity
  8
Ptos_reactivos
100
AcDbCircle
 10
7.855140104903671
 20
70.80271039075527
 30
0.0
 40
0.05
  0
CIRCLE
  5
65D
330
17
100
AcDbEntity
  8
Ptos_reactivos
100
AcDbCircle
 10
61.434220539599885
 20
72.24653281794068
 30
0.0
 40
0.05
  0
CIRCLE
  5
65E
330
17
100
AcDbEntity
  8
Ptos_reactivos
100
AcDbCircle
 10
6.642956960859661
 20
73.94161648539787
 30
0.0
 40
0.05
  0
CIRCLE
  5
65F
330
17
100
AcDbEntity
  8
Ptos_reactivos
100
AcDbCircle
 10
31.865171874569313
 20
6.500179294294586
 30
0.0
 40
0.05
  0
CIRCLE
  5
660
330
17
100
AcDbEntity
  8
Ptos_reactivos
100
AcDbCircle
 10
6.880259112559525
 20
74.1496234460016
 30
0.0
 40
0.05
  0
CIRCLE
  5
661
330
17
100
AcDbEntity
  8
Ptos_reactivos
100
AcDbCircle
 10
16.397764304480145
 20
67.25920323306566
 30
0.0
 40
0.05
  0
CIRCLE
  5
662
330
17
100
AcDbEntity
  8
Ptos_reactivos
100
AcDbCircle
 10
70.73644152872426
 20
28.59793809554853
 30
0.0
 40
0.05
  0
CIRCLE
  5
663
330
17
100
AcDbEntity
  8
Ptos_reactivos
100
AcDbCircle
 10
0.5851750721048737
 20
3.818437819522527
 30
0.0
 40
0.05
  0
CIRCLE
  5
664
330
17
100
AcDbEntity
  8
Ptos_reactivos
100
AcDbCircle
 10
36.22845373753288
 20
74.55251264962533
 30
0.0
 40
0.05
  0
CIRCLE
  5
665
330
17
100
AcDbEntity
  8
Ptos_reactivos
100
AcDbCircle
 10
48.13531565265553
 20
3.237079020129696
 30
0.0
 40
0.05
  0
CIRCLE
  5
666
330
17
100
AcDbEntity
  8
Ptos_reactivos
100
AcDbCircle
 10
2.1835138661813858
 20
39.1887445121398
 30
0.0
 40
0.05
  0
CIRCLE
  5
667
330
17
100
AcDbEntity
  8
Ptos_reactivos
100
AcDbCircle
 10
42.48770832626967
 20
44.57503919137104
 30
0.0
 40
0.05
  0
CIRCLE
  5
668
330
17
100
AcDbEntity
  8
Ptos_reactivos
100
AcDbCircle
 10
66.11026510703579
 20
21.84141327451511
 30
0.0
 40
0.05
  0
CIRCLE
  5
669
330
17
100
AcDbEntity
  8
Ptos_reactivos
100
AcDbCircle
 10
48.90082707133659
 20
38.23473880676829
 30
0.0
 40
0.05
  0
CIRCLE
  5
66A
330
17
100
AcDbEntity
  8
Ptos_reactivos
100
AcDbCircle
 10
21.281625432441913
 20
0.654157147679757
 30
0.0
 40
0.05
  0
CIRCLE
  5
66B
330
17
100
AcDbEntity
  8
Ptos_reactivos
100
AcDbCircle
 10
16.367692386954612
 20
34.32381891479022
 30
0.0
 40
0.05
  0
CIRCLE
  5
66C
330
17
100
AcDbEntity
  8
Ptos_reactivos
100
AcDbCircle
 10
59.78913604100923
 20
63.766894613833344
 30
0.0
 40
0.05
  0
CIRCLE
  5
66D
330
17
100
AcDbEntity
  8
Ptos_reactivos
100
AcDbCircle
 10
71.5634502916022
 20
5.4993210163652275
 30
0.0
 40
0.05
  0
CIRCLE
  5
66E
330
17
100
AcDbEntity
  8
Ptos_reactivos
100
AcDbCircle
 10
72.30981510852644
 20
1.1253186645657691
 30
0.0
 40
0.05
  0
CIRCLE
  5
66F
330
17
100
AcDbEntity
  8
Ptos_reactivos
100
AcDbCircle
 10
40.88248996665095
 20
74.75750647274886
 30
0.0
 40
0.05
  0
CIRCLE
  5
670
330
17
100
AcDbEntity
  8
Ptos_reactivos
100
AcDbCircle
 10
40.02413389180086
 20
34.08563778685835
 30
0.0
 40
0.05
  0
CIRCLE
  5
671
330
17
100
AcDbEntity
  8
Ptos_reactivos
100
AcDbCircle
 10
24.877671282283238
 20
46.964361985565084
 30
0.0
 40
0.05
  0
CIRCLE
  5
672
330
17
100
AcDbEntity
  8
Ptos_reactivos
100
AcDbCircle
 10
25.139062934770724
 20
63.8956759331577
 30
0.0
 40
0.05
  0
CIRCLE
  5
673
330
17
100
AcDbEntity
  8
Ptos_reactivos
100
AcDbCircle
 10
63.695149228140934
 20
48.2862922054564
 30
0.0
 40
0.05
  0
CIRCLE
  5
674
330
17
100
AcDbEntity
  8
Ptos_reactivos
100
AcDbCircle
 10
36.552269025326865
 20
61.47076919226403
 30
0.0
 40
0.05
  0
CIRCLE
  5
675
330
17
100
AcDbEntity
  8
Ptos_reactivos
100
AcDbCircle
 10
7.426433701216645
 20
67.45653026772445
 30
0.0
 40
0.05
  0
CIRCLE
  5
676
330
17
100
AcDbEntity
  8
Ptos_reactivos
100
AcDbCircle
 10
5.623234906220251
 20
74.89919866712272
 30
0.0
 40
0.05
  0
CIRCLE
  5
677
330
17
100
AcDbEntity
  8
Ptos_reactivos
100
AcDbCircle
 10
68.76484681942598
 20
11.66846053084625
 30
0.0
 40
0.05
  0
CIRCLE
  5
678
330
17
100
AcDbEntity
  8
Ptos_reactivos
100
AcDbCircle
 10
31.341471099800838
 20
73.863204060273
 30
0.0
 40
0.05
  0
CIRCLE
  5
679
330
17
100
AcDbEntity
  8
Ptos_reactivos
100
AcDbCircle
 10
71.37858287810953
 20
29.64724995238038
 30
0.0
 40
0.05
  0
CIRCLE
  5
67A
330
17
100
AcDbEntity
  8
Ptos_reactivos
100
AcDbCircle
 10
3.3333750530827433
 20
41.55903894445994
 30
0.0
 40
0.05
  0
CIRCLE
  5
67B
330
17
100
AcDbEntity
  8
Ptos_reactivos
100
AcDbCircle
 10
0.4867140234997208
 20
26.51691616533359
 30
0.0
 40
0.05
  0
CIRCLE
  5
67C
330
17
100
AcDbEntity
  8
Ptos_reactivos
100
AcDbCircle
 10
28.892179120998662
 20
3.291171850321417
 30
0.0
 40
0.05
  0
CIRCLE
  5
67D
330
17
100
AcDbEntity
  8
Ptos_reactivos
100
AcDbCircle
 10
0.1760315536888324
 20
36.588830713255376
 30
0.0
 40
0.05
  0
CIRCLE
  5
67E
330
17
100
AcDbEntity
  8
Ptos_reactivos
100
AcDbCircle
 10
25.776723908016706
 20
58.54043540116218
 30
0.0
 40
0.05
  0
CIRCLE
  5
67F
330
17
100
AcDbEntity
  8
Ptos_reactivos
100
AcDbCircle
 10
26.69255187995149
 20
47.705112620078914
 30
0.0
 40
0.05
  0
CIRCLE
  5
680
330
17
100
AcDbEntity
  8
Ptos_reactivos
100
AcDbCircle
 10
26.767189360284664
 20
48.58943170124023
 30
0.0
 40
0.05
  0
CIRCLE
  5
681
330
17
100
AcDbEntity
  8
Ptos_reactivos
100
AcDbCircle
 10
54.65671828151063
 20
20.542927292881423
 30
0.0
 40
0.05
  0
CIRCLE
  5
682
330
17
100
AcDbEntity
  8
Ptos_reactivos
100
AcDbCircle
 10
4.073215781083498
 20
58.14180205404711
 30
0.0
 40
0.05
  0
CIRCLE
  5
683
330
17
100
AcDbEntity
  8
Ptos_reactivos
100
AcDbCircle
 10
43.64140924232237
 20
2.904840809048559
 30
0.0
 40
0.05
  0
CIRCLE
  5
684
330
17
100
AcDbEntity
  8
Ptos_reactivos
100
AcDbCircle
 10
1.3631873778149173
 20
64.83938976470394
 30
0.0
 40
0.05
  0
CIRCLE
  5
685
330
17
100
AcDbEntity
  8
Ptos_reactivos
100
AcDbCircle
 10
74.69523799023851
 20
23.961739162448723
 30
0.0
 40
0.05
  0
CIRCLE
  5
686
330
17
100
AcDbEntity
  8
Ptos_reactivos
100
AcDbCircle
 10
40.49354214071741
 20
3.5438607004355194
 30
0.0
 40
0.05
  0
CIRCLE
  5
687
330
17
100
AcDbEntity
  8
Ptos_reactivos
100
AcDbCircle
 10
57.48667984777772
 20
22.076562415685565
 30
0.0
 40
0.05
  0
CIRCLE
  5
688
330
17
100
AcDbEntity
  8
Ptos_reactivos
100
AcDbCircle
 10
24.797270813881433
 20
23.50433448435384
 30
0.0
 40
0.05
  0
CIRCLE
  5
689
330
17
100
AcDbEntity
  8
Ptos_reactivos
100
AcDbCircle
 10
43.256621954252125
 20
60.363061348599516
 30
0.0
 40
0.05
  0
CIRCLE
  5
68A
330
17
100
AcDbEntity
  8
Ptos_reactivos
100
AcDbCircle
 10
13.103531425823656
 20
34.82548746058928
 30
0.0
 40
0.05
  0
CIRCLE
  5
68B
330
17
100
AcDbEntity
  8
Ptos_reactivos
100
AcDbCircle
 10
24.231887450016394
 20
36.162388493869436
 30
0.0
 40
0.05
  0
CIRCLE
  5
68C
330
17
100
AcDbEntity
  8
Ptos_reactivos
100
AcDbCircle
 10
44.05506823678845
 20
70.73513158049141
 30
0.0
 40
0.05
  0
CIRCLE
  5
68D
330
17
100
AcDbEntity
  8
Ptos_reactivos
100
AcDbCircle
 10
57.48452216082165
 20
42.19639522368924
 30
0.0
 40
0.05
  0
CIRCLE
  5
68E
330
17
100
AcDbEntity
  8
Ptos_reactivos
100
AcDbCircle
 10
63.28367048322607
 20
8.356323083835212
 30
0.0
 40
0.05
  0
CIRCLE
  5
68F
330
17
100
AcDbEntity
  8
Ptos_reactivos
100
AcDbCircle
 10
10.078982059503193
 20
4.298419008439508
 30
0.0
 40
0.05
  0
CIRCLE
  5
690
330
17
100
AcDbEntity
  8
Ptos_reactivos
100
AcDbCircle
 10
52.6348037837054
 20
63.1791871551307
 30
0.0
 40
0.05
  0
CIRCLE
  5
691
330
17
100
AcDbEntity
  8
Ptos_reactivos
100
AcDbCircle
 10
48.739627693679736
 20
1.8683688384433932
 30
0.0
 40
0.05
  0
CIRCLE
  5
692
330
17
100
AcDbEntity
  8
Ptos_reactivos
100
AcDbCircle
 10
49.66203723769095
 20
12.055116757061748
 30
0.0
 40
0.05
  0
CIRCLE
  5
693
330
17
100
AcDbEntity
  8
Ptos_reactivos
100
AcDbCircle
 10
43.538756238743346
 20
70.12628092636851
 30
0.0
 40
0.05
  0
CIRCLE
  5
694
330
17
100
AcDbEntity
  8
Ptos_reactivos
100
AcDbCircle
 10
5.711962809459803
 20
74.05749173334658
 30
0.0
 40
0.05
  0
CIRCLE
  5
695
330
17
100
AcDbEntity
  8
Ptos_reactivos
100
AcDbCircle
 10
16.164359205467
 20
17.36147071678335
 30
0.0
 40
0.05
  0
CIRCLE
  5
696
330
17
100
AcDbEntity
  8
Ptos_reactivos
100
AcDbCircle
 10
42.86474127437088
 20
40.61497740034696
 30
0.0
 40
0.05
  0
CIRCLE
  5
697
330
17
100
AcDbEntity
  8
Ptos_reactivos
100
AcDbCircle
 10
2.282395396002018
 20
46.86253912917678
 30
0.0
 40
0.05
  0
CIRCLE
  5
698
330
17
100
AcDbEntity
  8
Ptos_reactivos
100
AcDbCircle
 10
2.3153120880887004
 20
20.326124856392518
 30
0.0
 40
0.05
  0
CIRCLE
  5
699
330
17
100
AcDbEntity
  8
Ptos_reactivos
100
AcDbCircle
 10
59.81456172329828
 20
50.43092688973344
 30
0.0
 40
0.05
  0
CIRCLE
  5
69A
330
17
100
AcDbEntity
  8
Ptos_reactivos
100
AcDbCircle
 10
48.91969224380682
 20
35.425616939260934
 30
0.0
 40
0.05
  0
CIRCLE
  5
69B
330
17
100
AcDbEntity
  8
Ptos_reactivos
100
AcDbCircle
 10
45.49503683965308
 20
8.158655601888956
 30
0.0
 40
0.05
  0
CIRCLE
  5
69C
330
17
100
AcDbEntity
  8
Ptos_reactivos
100
AcDbCircle
 10
57.06906475227635
 20
74.93244050373416
 30
0.0
 40
0.05
  0
CIRCLE
  5
69D
330
17
100
AcDbEntity
  8
Ptos_reactivos
100
AcDbCircle
 10
1.1963968883558302
 20
18.81922813076843
 30
0.0
 40
0.05
  0
CIRCLE
  5
69E
330
17
100
AcDbEntity
  8
Ptos_reactivos
100
AcDbCircle
 10
55.88457925403917
 20
28.84329400718086
 30
0.0
 40
0.05
  0
CIRCLE
  5
69F
330
17
100
AcDbEntity
  8
Ptos_reactivos
100
AcDbCircle
 10
27.89568076588448
 20
50.73350624885858
 30
0.0
 40
0.05
  0
CIRCLE
  5
6A0
330
17
100
AcDbEntity
  8
Ptos_reactivos
100
AcDbCircle
 10
38.23392921194193
 20
48.587287054630856
 30
0.0
 40
0.05
  0
CIRCLE
  5
6A1
330
17
100
AcDbEntity
  8
Ptos_reactivos
100
AcDbCircle
 10
68.10888702447268
 20
33.22904314513639
 30
0.0
 40
0.05
  0
CIRCLE
  5
6A2
330
17
100
AcDbEntity
  8
Ptos_reactivos
100
AcDbCircle
 10
14.697358689413365
 20
15.721905158049761
 30
0.0
 40
0.05
  0
CIRCLE
  5
6A3
330
17
100
AcDbEntity
  8
Ptos_reactivos
100
AcDbCircle
 10
34.73334584922769
 20
0.5447842162316946
 30
0.0
 40
0.05
  0
CIRCLE
  5
6A4
330
17
100
AcDbEntity
  8
Ptos_reactivos
100
AcDbCircle
 10
63.53390198752633
 20
70.7460076441121
 30
0.0
 40
0.05
  0
CIRCLE
  5
6A5
330
17
100
AcDbEntity
  8
Ptos_reactivos
100
AcDbCircle
 10
69.55702946534277
 20
28.250353074521747
 30
0.0
 40
0.05
  0
CIRCLE
  5
6A6
330
17
100
AcDbEntity
  8
Ptos_reactivos
100
AcDbCircle
 10
53.87908537479876
 20
66.06396641570575
 30
0.0
 40
0.05
  0
CIRCLE
  5
6A7
330
17
100
AcDbEntity
  8
Ptos_reactivos
100
AcDbCircle
 10
42.73672425173744
 20
48.41733318416439
 30
0.0
 40
0.05
  0
CIRCLE
  5
6A8
330
17
100
AcDbEntity
  8
Ptos_reactivos
100
AcDbCircle
 10
30.02026654905442
 20
65.68055167128536
 30
0.0
 40
0.05
  0
CIRCLE
  5
6A9
330
17
100
AcDbEntity
  8
Ptos_reactivos
100
AcDbCircle
 10
57.29321525372167
 20
66.4654257503669
 30
0.0
 40
0.05
  0
CIRCLE
  5
6AA
330
17
100
AcDbEntity
  8
Ptos_reactivos
100
AcDbCircle
 10
17.83966154993004
 20
33.72675844272584
 30
0.0
 40
0.05
  0
CIRCLE
  5
6AB
330
17
100
AcDbEntity
  8
Ptos_reactivos
100
AcDbCircle
 10
74.24402075929926
 20
60.494748701487
 30
0.0
 40
0.05
  0
CIRCLE
  5
6AC
330
17
100
AcDbEntity
  8
Ptos_reactivos
100
AcDbCircle
 10
32.39654593355223
 20
66.11731065228967
 30
0.0
 40
0.05
  0
CIRCLE
  5
6AD
330
17
100
AcDbEntity
  8
Ptos_reactivos
100
AcDbCircle
 10
5.14117905530489
 20
9.577166203491577
 30
0.0
 40
0.05
  0
CIRCLE
  5
6AE
330
17
100
AcDbEntity
  8
Ptos_reactivos
100
AcDbCircle
 10
2.1723344635985242
 20
7.327104571006926
 30
0.0
 40
0.05
  0
CIRCLE
  5
6AF
330
17
100
AcDbEntity
  8
Ptos_reactivos
100
AcDbCircle
 10
7.655791129419173
 20
14.72795019242738
 30
0.0
 40
0.05
  0
CIRCLE
  5
6B0
330
17
100
AcDbEntity
  8
Ptos_reactivos
100
AcDbCircle
 10
29.31986567197563
 20
7.228439619575133
 30
0.0
 40
0.05
  0
CIRCLE
  5
6B1
330
17
100
AcDbEntity
  8
Ptos_reactivos
100
AcDbCircle
 10
48.05130249614887
 20
2.8491491509912787
 30
0.0
 40
0.05
  0
CIRCLE
  5
6B2
330
17
100
AcDbEntity
  8
Ptos_reactivos
100
AcDbCircle
 10
2.5451647005738653
 20
58.41184942201164
 30
0.0
 40
0.05
  0
CIRCLE
  5
6B3
330
17
100
AcDbEntity
  8
Ptos_reactivos
100
AcDbCircle
 10
39.870484487126646
 20
34.414508955825866
 30
0.0
 40
0.05
  0
CIRCLE
  5
6B4
330
17
100
AcDbEntity
  8
Ptos_reactivos
100
AcDbCircle
 10
53.41897122180779
 20
68.81217544718905
 30
0.0
 40
0.05
  0
CIRCLE
  5
6B5
330
17
100
AcDbEntity
  8
Ptos_reactivos
100
AcDbCircle
 10
41.69155073385698
 20
40.673468533631805
 30
0.0
 40
0.05
  0
CIRCLE
  5
6B6
330
17
100
AcDbEntity
  8
Ptos_reactivos
100
AcDbCircle
 10
60.70896355212956
 20
2.225198674515644
 30
0.0
 40
0.05
  0
CIRCLE
  5
6B7
330
17
100
AcDbEntity
  8
Ptos_reactivos
100
AcDbCircle
 10
0.23704330313851218
 20
16.038699181418856
 30
0.0
 40
0.05
  0
CIRCLE
  5
6B8
330
17
100
AcDbEntity
  8
Ptos_reactivos
100
AcDbCircle
 10
18.800505182904246
 20
19.379975298120115
 30
0.0
 40
0.05
  0
CIRCLE
  5
6B9
330
17
100
AcDbEntity
  8
Ptos_reactivos
100
AcDbCircle
 10
1.5585233338804627
 20
55.38310548478041
 30
0.0
 40
0.05
  0
CIRCLE
  5
6BA
330
17
100
AcDbEntity
  8
Ptos_reactivos
100
AcDbCircle
 10
3.443539445240176
 20
41.19060707039002
 30
0.0
 40
0.05
  0
CIRCLE
  5
6BB
330
17
100
AcDbEntity
  8
Ptos_reactivos
100
AcDbCircle
 10
57.34752844814182
 20
22.9648131500483
 30
0.0
 40
0.05
  0
CIRCLE
  5
6BC
330
17
100
AcDbEntity
  8
Ptos_reactivos
100
AcDbCircle
 10
21.969207019659137
 20
68.2352484273159
 30
0.0
 40
0.05
  0
CIRCLE
  5
6BD
330
17
100
AcDbEntity
  8
Ptos_reactivos
100
AcDbCircle
 10
28.492408048152782
 20
25.927896746934657
 30
0.0
 40
0.05
  0
CIRCLE
  5
6BE
330
17
100
AcDbEntity
  8
Ptos_reactivos
100
AcDbCircle
 10
73.54006743396008
 20
25.104670205483064
 30
0.0
 40
0.05
  0
CIRCLE
  5
6BF
330
17
100
AcDbEntity
  8
Ptos_reactivos
100
AcDbCircle
 10
53.29411558347767
 20
64.68136648300847
 30
0.0
 40
0.05
  0
CIRCLE
  5
6C0
330
17
100
AcDbEntity
  8
Ptos_reactivos
100
AcDbCircle
 10
24.2116722435869
 20
67.55478314706163
 30
0.0
 40
0.05
  0
CIRCLE
  5
6C1
330
17
100
AcDbEntity
  8
Ptos_reactivos
100
AcDbCircle
 10
61.05081748325428
 20
66.25603051399929
 30
0.0
 40
0.05
  0
CIRCLE
  5
6C2
330
17
100
AcDbEntity
  8
Ptos_reactivos
100
AcDbCircle
 10
24.745473537512648
 20
22.341374960676287
 30
0.0
 40
0.05
  0
CIRCLE
  5
6C3
330
17
100
AcDbEntity
  8
Ptos_reactivos
100
AcDbCircle
 10
1.4795938814936709
 20
7.351840650735186
 30
0.0
 40
0.05
  0
CIRCLE
  5
6C4
330
17
100
AcDbEntity
  8
Ptos_reactivos
100
AcDbCircle
 10
30.08238362598084
 20
10.788196334587944
 30
0.0
 40
0.05
  0
CIRCLE
  5
6C5
330
17
100
AcDbEntity
  8
Ptos_reactivos
100
AcDbCircle
 10
14.619164711280922
 20
72.98955189716943
 30
0.0
 40
0.05
  0
CIRCLE
  5
6C6
330
17
100
AcDbEntity
  8
Ptos_reactivos
100
AcDbCircle
 10
27.396603757173693
 20
31.160834389988494
 30
0.0
 40
0.05
  0
CIRCLE
  5
6C7
330
17
100
AcDbEntity
  8
Ptos_reactivos
100
AcDbCircle
 10
74.3724112239765
 20
53.4407035925712
 30
0.0
 40
0.05
  0
CIRCLE
  5
6C8
330
17
100
AcDbEntity
  8
Ptos_reactivos
100
AcDbCircle
 10
2.9043625218154068
 20
43.58307529247056
 30
0.0
 40
0.05
  0
CIRCLE
  5
6C9
330
17
100
AcDbEntity
  8
Ptos_reactivos
100
AcDbCircle
 10
1.057182953569316
 20
63.655338710448255
 30
0.0
 40
0.05
  0
CIRCLE
  5
6CA
330
17
100
AcDbEntity
  8
Ptos_reactivos
100
AcDbCircle
 10
31.321202765448128
 20
37.86429207863463
 30
0.0
 40
0.05
  0
CIRCLE
  5
6CB
330
17
100
AcDbEntity
  8
Ptos_reactivos
100
AcDbCircle
 10
0.587562824125587
 20
15.214216862106955
 30
0.0
 40
0.05
  0
CIRCLE
  5
6CC
330
17
100
AcDbEntity
  8
Ptos_reactivos
100
AcDbCircle
 10
60.768107467205795
 20
43.44971983329321
 30
0.0
 40
0.05
  0
CIRCLE
  5
6CD
330
17
100
AcDbEntity
  8
Ptos_reactivos
100
AcDbCircle
 10
37.6078765826091
 20
29.62025078549888
 30
0.0
 40
0.05
  0
CIRCLE
  5
6CE
330
17
100
AcDbEntity
  8
Ptos_reactivos
100
AcDbCircle
 10
69.13438992101831
 20
22.071855573329433
 30
0.0
 40
0.05
  0
CIRCLE
  5
6CF
330
17
100
AcDbEntity
  8
Ptos_reactivos
100
AcDbCircle
 10
35.8722015761308
 20
42.429289970603264
 30
0.0
 40
0.05
  0
CIRCLE
  5
6D0
330
17
100
AcDbEntity
  8
Ptos_reactivos
100
AcDbCircle
 10
32.85778069944326
 20
37.23134383600798
 30
0.0
 40
0.05
  0
CIRCLE
  5
6D1
330
17
100
AcDbEntity
  8
Ptos_reactivos
100
AcDbCircle
 10
29.9207972451526
 20
62.87162789680637
 30
0.0
 40
0.05
  0
CIRCLE
  5
6D2
330
17
100
AcDbEntity
  8
Ptos_reactivos
100
AcDbCircle
 10
42.59568060038693
 20
74.30367550293792
 30
0.0
 40
0.05
  0
CIRCLE
  5
6D3
330
17
100
AcDbEntity
  8
Ptos_reactivos
100
AcDbCircle
 10
51.12837051543737
 20
0.5810139538907272
 30
0.0
 40
0.05
  0
CIRCLE
  5
6D4
330
17
100
AcDbEntity
  8
Ptos_reactivos
100
AcDbCircle
 10
25.87334909156443
 20
37.22933788341891
 30
0.0
 40
0.05
  0
CIRCLE
  5
6D5
330
17
100
AcDbEntity
  8
Ptos_reactivos
100
AcDbCircle
 10
10.583879066016683
 20
56.993428279819845
 30
0.0
 40
0.05
  0
CIRCLE
  5
6D6
330
17
100
AcDbEntity
  8
Ptos_reactivos
100
AcDbCircle
 10
7.974602057139449
 20
61.87650081834841
 30
0.0
 40
0.05
  0
CIRCLE
  5
6D7
330
17
100
AcDbEntity
  8
Ptos_reactivos
100
AcDbCircle
 10
23.03615528339834
 20
66.31329523162988
 30
0.0
 40
0.05
  0
CIRCLE
  5
6D8
330
17
100
AcDbEntity
  8
Ptos_reactivos
100
AcDbCircle
 10
3.785522665387603
 20
73.65198040774757
 30
0.0
 40
0.05
  0
CIRCLE
  5
6D9
330
17
100
AcDbEntity
  8
Ptos_reactivos
100
AcDbCircle
 10
61.725868706973586
 20
71.53922567021534
 30
0.0
 40
0.05
  0
CIRCLE
  5
6DA
330
17
100
AcDbEntity
  8
Ptos_reactivos
100
AcDbCircle
 10
43.204520135667316
 20
64.99751946919416
 30
0.0
 40
0.05
  0
CIRCLE
  5
6DB
330
17
100
AcDbEntity
  8
Ptos_reactivos
100
AcDbCircle
 10
23.121105446304853
 20
68.05031766715766
 30
0.0
 40
0.05
  0
CIRCLE
  5
6DC
330
17
100
AcDbEntity
  8
Ptos_reactivos
100
AcDbCircle
 10
65.12097307873424
 20
10.37372202805015
 30
0.0
 40
0.05
  0
CIRCLE
  5
6DD
330
17
100
AcDbEntity
  8
Ptos_reactivos
100
AcDbCircle
 10
32.38769086433232
 20
44.939072873684
 30
0.0
 40
0.05
  0
CIRCLE
  5
6DE
330
17
100
AcDbEntity
  8
Ptos_reactivos
100
AcDbCircle
 10
44.46601443492922
 20
22.878196832676597
 30
0.0
 40
0.05
  0
CIRCLE
  5
6DF
330
17
100
AcDbEntity
  8
Ptos_reactivos
100
AcDbCircle
 10
11.52169087332834
 20
29.757067721105972
 30
0.0
 40
0.05
  0
CIRCLE
  5
6E0
330
17
100
AcDbEntity
  8
Ptos_reactivos
100
AcDbCircle
 10
29.37027604658303
 20
61.88149724128451
 30
0.0
 40
0.05
  0
CIRCLE
  5
6E1
330
17
100
AcDbEntity
  8
Ptos_reactivos
100
AcDbCircle
 10
49.45951993166882
 20
72.65939602043673
 30
0.0
 40
0.05
  0
CIRCLE
  5
6E2
330
17
100
AcDbEntity
  8
Ptos_reactivos
100
AcDbCircle
 10
43.98067721463593
 20
32.50845271787612
 30
0.0
 40
0.05
  0
CIRCLE
  5
6E3
330
17
100
AcDbEntity
  8
Ptos_reactivos
100
AcDbCircle
 10
58.29337360309921
 20
73.00820482272
 30
0.0
 40
0.05
  0
CIRCLE
  5
6E4
330
17
100
AcDbEntity
  8
Ptos_reactivos
100
AcDbCircle
 10
40.78733856943261
 20
16.94887988867868
 30
0.0
 40
0.05
  0
CIRCLE
  5
6E5
330
17
100
AcDbEntity
  8
Ptos_reactivos
100
AcDbCircle
 10
41.00910669642375
 20
48.187046081421066
 30
0.0
 40
0.05
  0
CIRCLE
  5
6E6
330
17
100
AcDbEntity
  8
Ptos_reactivos
100
AcDbCircle
 10
53.49865192584542
 20
2.4415630791272873
 30
0.0
 40
0.05
  0
CIRCLE
  5
6E7
330
17
100
AcDbEntity
  8
Ptos_reactivos
100
AcDbCircle
 10
8.03381903060722
 20
43.15379771468133
 30
0.0
 40
0.05
  0
CIRCLE
  5
6E8
330
17
100
AcDbEntity
  8
Ptos_reactivos
100
AcDbCircle
 10
2.856881366614758
 20
28.214072213071304
 30
0.0
 40
0.05
  0
CIRCLE
  5
6E9
330
17
100
AcDbEntity
  8
Ptos_reactivos
100
AcDbCircle
 10
3.134201462482744
 20
39.872874099358974
 30
0.0
 40
0.05
  0
CIRCLE
  5
6EA
330
17
100
AcDbEntity
  8
Ptos_reactivos
100
AcDbCircle
 10
55.309198436860555
 20
27.33343356594819
 30
0.0
 40
0.05
  0
CIRCLE
  5
6EB
330
17
100
AcDbEntity
  8
Ptos_reactivos
100
AcDbCircle
 10
1.7592760240990186
 20
29.030570699093193
 30
0.0
 40
0.05
  0
CIRCLE
  5
6EC
330
17
100
AcDbEntity
  8
Ptos_reactivos
100
AcDbCircle
 10
56.36778991081867
 20
42.10487111270753
 30
0.0
 40
0.05
  0
CIRCLE
  5
6ED
330
17
100
AcDbEntity
  8
Ptos_reactivos
100
AcDbCircle
 10
50.64776938946062
 20
22.06577747425669
 30
0.0
 40
0.05
  0
CIRCLE
  5
6EE
330
17
100
AcDbEntity
  8
Ptos_reactivos
100
AcDbCircle
 10
48.37548287542759
 20
35.42892163521224
 30
0.0
 40
0.05
  0
CIRCLE
  5
6EF
330
17
100
AcDbEntity
  8
Ptos_reactivos
100
AcDbCircle
 10
54.45465666684967
 20
31.375547317853638
 30
0.0
 40
0.05
  0
CIRCLE
  5
6F0
330
17
100
AcDbEntity
  8
Ptos_reactivos
100
AcDbCircle
 10
33.615840408614
 20
1.3065154292071863
 30
0.0
 40
0.05
  0
CIRCLE
  5
6F1
330
17
100
AcDbEntity
  8
Ptos_reactivos
100
AcDbCircle
 10
1.30615903309578
 20
12.777906924503975
 30
0.0
 40
0.05
  0
CIRCLE
  5
6F2
330
17
100
AcDbEntity
  8
Ptos_reactivos
100
AcDbCircle
 10
68.26877245039103
 20
50.90579506241279
 30
0.0
 40
0.05
  0
CIRCLE
  5
6F3
330
17
100
AcDbEntity
  8
Ptos_reactivos
100
AcDbCircle
 10
27.44375839095429
 20
21.884678709590027
 30
0.0
 40
0.05
  0
CIRCLE
  5
6F4
330
17
100
AcDbEntity
  8
Ptos_reactivos
100
AcDbCircle
 10
3.4218122903071135
 20
59.734742650986405
 30
0.0
 40
0.05
  0
CIRCLE
  5
6F5
330
17
100
AcDbEntity
  8
Ptos_reactivos
100
AcDbCircle
 10
42.82436215554814
 20
31.83638346637699
 30
0.0
 40
0.05
  0
CIRCLE
  5
6F6
330
17
100
AcDbEntity
  8
Ptos_reactivos
100
AcDbCircle
 10
58.55611909117251
 20
9.672601398420369
 30
0.0
 40
0.05
  0
CIRCLE
  5
6F7
330
17
100
AcDbEntity
  8
Ptos_reactivos
100
AcDbCircle
 10
12.409621893835638
 20
34.59551137703014
 30
0.0
 40
0.05
  0
CIRCLE
  5
6F8
330
17
100
AcDbEntity
  8
Ptos_reactivos
100
AcDbCircle
 10
32.63869156830757
 20
60.090928319282675
 30
0.0
 40
0.05
  0
CIRCLE
  5
6F9
330
17
100
AcDbEntity
  8
Ptos_reactivos
100
AcDbCircle
 10
25.359599261264293
 20
65.89740727849826
 30
0.0
 40
0.05
  0
CIRCLE
  5
6FA
330
17
100
AcDbEntity
  8
Ptos_reactivos
100
AcDbCircle
 10
43.95158299339104
 20
7.2367861017944515
 30
0.0
 40
0.05
  0
CIRCLE
  5
6FB
330
17
100
AcDbEntity
  8
Ptos_reactivos
100
AcDbCircle
 10
35.06879660581947
 20
31.64759175128094
 30
0.0
 40
0.05
  0
CIRCLE
  5
6FC
330
17
100
AcDbEntity
  8
Ptos_reactivos
100
AcDbCircle
 10
62.53179224407738
 20
19.382284793284416
 30
0.0
 40
0.05
  0
CIRCLE
  5
6FD
330
17
100
AcDbEntity
  8
Ptos_reactivos
100
AcDbCircle
 10
10.731258239560509
 20
4.323014709831321
 30
0.0
 40
0.05
  0
CIRCLE
  5
6FE
330
17
100
AcDbEntity
  8
Ptos_reactivos
100
AcDbCircle
 10
60.95566061802309
 20
71.69264176063668
 30
0.0
 40
0.05
  0
CIRCLE
  5
6FF
330
17
100
AcDbEntity
  8
Ptos_reactivos
100
AcDbCircle
 10
44.5097877499921
 20
47.731610335829494
 30
0.0
 40
0.05
  0
CIRCLE
  5
700
330
17
100
AcDbEntity
  8
Ptos_reactivos
100
AcDbCircle
 10
20.76618413150819
 20
73.44781214238843
 30
0.0
 40
0.05
  0
CIRCLE
  5
701
330
17
100
AcDbEntity
  8
Ptos_reactivos
100
AcDbCircle
 10
31.26057188553659
 20
26.857854420107245
 30
0.0
 40
0.05
  0
CIRCLE
  5
702
330
17
100
AcDbEntity
  8
Ptos_reactivos
100
AcDbCircle
 10
62.19411084392458
 20
33.01417481941557
 30
0.0
 40
0.05
  0
CIRCLE
  5
703
330
17
100
AcDbEntity
  8
Ptos_reactivos
100
AcDbCircle
 10
65.36696529854987
 20
32.37612827612762
 30
0.0
 40
0.05
  0
CIRCLE
  5
704
330
17
100
AcDbEntity
  8
Ptos_reactivos
100
AcDbCircle
 10
46.025775817164806
 20
22.56284486269752
 30
0.0
 40
0.05
  0
CIRCLE
  5
705
330
17
100
AcDbEntity
  8
Ptos_reactivos
100
AcDbCircle
 10
23.33837442563477
 20
69.94177783202153
 30
0.0
 40
0.05
  0
CIRCLE
  5
706
330
17
100
AcDbEntity
  8
Ptos_reactivos
100
AcDbCircle
 10
69.73449937873774
 20
38.61285495164864
 30
0.0
 40
0.05
  0
CIRCLE
  5
707
330
17
100
AcDbEntity
  8
Ptos_reactivos
100
AcDbCircle
 10
22.58849891571921
 20
73.31961973616347
 30
0.0
 40
0.05
  0
CIRCLE
  5
708
330
17
100
AcDbEntity
  8
Ptos_reactivos
100
AcDbCircle
 10
33.20259865839864
 20
34.1766482150349
 30
0.0
 40
0.05
  0
CIRCLE
  5
709
330
17
100
AcDbEntity
  8
Ptos_reactivos
100
AcDbCircle
 10
21.201936705141282
 20
44.6726812981474
 30
0.0
 40
0.05
  0
CIRCLE
  5
70A
330
17
100
AcDbEntity
  8
Ptos_reactivos
100
AcDbCircle
 10
25.099425566016777
 20
58.8297816129672
 30
0.0
 40
0.05
  0
CIRCLE
  5
70B
330
17
100
AcDbEntity
  8
Ptos_reactivos
100
AcDbCircle
 10
36.140644311149664
 20
8.593936120026651
 30
0.0
 40
0.05
  0
CIRCLE
  5
70C
330
17
100
AcDbEntity
  8
Ptos_reactivos
100
AcDbCircle
 10
71.13604742027938
 20
56.98738791053726
 30
0.0
 40
0.05
  0
CIRCLE
  5
70D
330
17
100
AcDbEntity
  8
Ptos_reactivos
100
AcDbCircle
 10
61.048627370018046
 20
20.720670156289405
 30
0.0
 40
0.05
  0
CIRCLE
  5
70E
330
17
100
AcDbEntity
  8
Ptos_reactivos
100
AcDbCircle
 10
12.066986074181019
 20
25.131908919351527
 30
0.0
 40
0.05
  0
CIRCLE
  5
70F
330
17
100
AcDbEntity
  8
Ptos_reactivos
100
AcDbCircle
 10
70.70084496652764
 20
15.521413467657483
 30
0.0
 40
0.05
  0
CIRCLE
  5
710
330
17
100
AcDbEntity
  8
Ptos_reactivos
100
AcDbCircle
 10
53.16447889799893
 20
67.40124315203661
 30
0.0
 40
0.05
  0
CIRCLE
  5
711
330
17
100
AcDbEntity
  8
Ptos_reactivos
100
AcDbCircle
 10
22.54028487495131
 20
61.95463737124149
 30
0.0
 40
0.05
  0
CIRCLE
  5
712
330
17
100
AcDbEntity
  8
Ptos_reactivos
100
AcDbCircle
 10
40.47483289949177
 20
73.61037784690151
 30
0.0
 40
0.05
  0
CIRCLE
  5
713
330
17
100
AcDbEntity
  8
Ptos_reactivos
100
AcDbCircle
 10
13.20914345608857
 20
36.03504038880702
 30
0.0
 40
0.05
  0
CIRCLE
  5
714
330
17
100
AcDbEntity
  8
Ptos_reactivos
100
AcDbCircle
 10
52.59089420220804
 20
0.8191311108455751
 30
0.0
 40
0.05
  0
CIRCLE
  5
715
330
17
100
AcDbEntity
  8
Ptos_reactivos
100
AcDbCircle
 10
45.877922440545774
 20
7.313400557076388
 30
0.0
 40
0.05
  0
CIRCLE
  5
716
330
17
100
AcDbEntity
  8
Ptos_reactivos
100
AcDbCircle
 10
33.04647386257755
 20
68.05333449506217
 30
0.0
 40
0.05
  0
CIRCLE
  5
717
330
17
100
AcDbEntity
  8
Ptos_reactivos
100
AcDbCircle
 10
21.441567029406247
 20
73.44711250386567
 30
0.0
 40
0.05
  0
CIRCLE
  5
718
330
17
100
AcDbEntity
  8
Ptos_reactivos
100
AcDbCircle
 10
52.39595496324407
 20
69.3061882176785
 30
0.0
 40
0.05
  0
CIRCLE
  5
719
330
17
100
AcDbEntity
  8
Ptos_reactivos
100
AcDbCircle
 10
60.29050889771943
 20
67.62489700565551
 30
0.0
 40
0.05
  0
CIRCLE
  5
71A
330
17
100
AcDbEntity
  8
Ptos_reactivos
100
AcDbCircle
 10
74.03294041694896
 20
57.21862126119465
 30
0.0
 40
0.05
  0
CIRCLE
  5
71B
330
17
100
AcDbEntity
  8
Ptos_reactivos
100
AcDbCircle
 10
51.03204067745555
 20
50.113824368320635
 30
0.0
 40
0.05
  0
CIRCLE
  5
71C
330
17
100
AcDbEntity
  8
Ptos_reactivos
100
AcDbCircle
 10
14.52457354920906
 20
13.82099185311341
 30
0.0
 40
0.05
  0
CIRCLE
  5
71D
330
17
100
AcDbEntity
  8
Ptos_reactivos
100
AcDbCircle
 10
49.91057275730542
 20
65.23575818116926
 30
0.0
 40
0.05
  0
CIRCLE
  5
71E
330
17
100
AcDbEntity
  8
Ptos_reactivos
100
AcDbCircle
 10
21.956203998990727
 20
35.347292053536044
 30
0.0
 40
0.05
  0
CIRCLE
  5
71F
330
17
100
AcDbEntity
  8
Ptos_reactivos
100
AcDbCircle
 10
65.35115030157529
 20
35.818364158907315
 30
0.0
 40
0.05
  0
CIRCLE
  5
720
330
17
100
AcDbEntity
  8
Ptos_reactivos
100
AcDbCircle
 10
53.75823993989465
 20
12.007165489766214
 30
0.0
 40
0.05
  0
CIRCLE
  5
721
330
17
100
AcDbEntity
  8
Ptos_reactivos
100
AcDbCircle
 10
67.5381603484531
 20
10.898406320889228
 30
0.0
 40
0.05
  0
CIRCLE
  5
722
330
17
100
AcDbEntity
  8
Ptos_reactivos
100
AcDbCircle
 10
50.501828820754824
 20
50.292153951151
 30
0.0
 40
0.05
  0
CIRCLE
  5
723
330
17
100
AcDbEntity
  8
Ptos_reactivos
100
AcDbCircle
 10
57.374922350177144
 20
64.52835527634538
 30
0.0
 40
0.05
  0
CIRCLE
  5
724
330
17
100
AcDbEntity
  8
Ptos_reactivos
100
AcDbCircle
 10
66.44543751782498
 20
37.11037095465397
 30
0.0
 40
0.05
  0
CIRCLE
  5
725
330
17
100
AcDbEntity
  8
Ptos_reactivos
100
AcDbCircle
 10
24.07175173892088
 20
72.46218155190854
 30
0.0
 40
0.05
  0
CIRCLE
  5
726
330
17
100
AcDbEntity
  8
Ptos_reactivos
100
AcDbCircle
 10
64.83533628237171
 20
23.34620666875214
 30
0.0
 40
0.05
  0
CIRCLE
  5
727
330
17
100
AcDbEntity
  8
Ptos_reactivos
100
AcDbCircle
 10
60.78871326495238
 20
65.91813095311197
 30
0.0
 40
0.05
  0
CIRCLE
  5
728
330
17
100
AcDbEntity
  8
Ptos_reactivos
100
AcDbCircle
 10
52.95115145816381
 20
32.92906012549424
 30
0.0
 40
0.05
  0
CIRCLE
  5
729
330
17
100
AcDbEntity
  8
Ptos_reactivos
100
AcDbCircle
 10
61.142808251072054
 20
23.305763434588094
 30
0.0
 40
0.05
  0
CIRCLE
  5
72A
330
17
100
AcDbEntity
  8
Ptos_reactivos
100
AcDbCircle
 10
56.28920428517269
 20
73.95923794894799
 30
0.0
 40
0.05
  0
CIRCLE
  5
72B
330
17
100
AcDbEntity
  8
Ptos_reactivos
100
AcDbCircle
 10
74.61882115215862
 20
34.86171335596859
 30
0.0
 40
0.05
  0
CIRCLE
  5
72C
330
17
100
AcDbEntity
  8
Ptos_reactivos
100
AcDbCircle
 10
20.814323209214358
 20
46.55010463754477
 30
0.0
 40
0.05
  0
CIRCLE
  5
72D
330
17
100
AcDbEntity
  8
Ptos_reactivos
100
AcDbCircle
 10
40.658536469940294
 20
60.26803142706986
 30
0.0
 40
0.05
  0
CIRCLE
  5
72E
330
17
100
AcDbEntity
  8
Ptos_reactivos
100
AcDbCircle
 10
54.1367513815213
 20
22.131495140822384
 30
0.0
 40
0.05
  0
CIRCLE
  5
72F
330
17
100
AcDbEntity
  8
Ptos_reactivos
100
AcDbCircle
 10
59.35294639126406
 20
50.290649653236464
 30
0.0
 40
0.05
  0
CIRCLE
  5
730
330
17
100
AcDbEntity
  8
Ptos_reactivos
100
AcDbCircle
 10
41.559349007980614
 20
68.96580265954111
 30
0.0
 40
0.05
  0
CIRCLE
  5
731
330
17
100
AcDbEntity
  8
Ptos_reactivos
100
AcDbCircle
 10
60.893183918030836
 20
2.88690320795181
 30
0.0
 40
0.05
  0
CIRCLE
  5
732
330
17
100
AcDbEntity
  8
Ptos_reactivos
100
AcDbCircle
 10
16.922519213491533
 20
33.56968848119189
 30
0.0
 40
0.05
  0
CIRCLE
  5
733
330
17
100
AcDbEntity
  8
Ptos_reactivos
100
AcDbCircle
 10
60.74050559391093
 20
53.250732847096565
 30
0.0
 40
0.05
  0
CIRCLE
  5
734
330
17
100
AcDbEntity
  8
Ptos_reactivos
100
AcDbCircle
 10
62.456507948936476
 20
62.49411710194856
 30
0.0
 40
0.05
  0
CIRCLE
  5
735
330
17
100
AcDbEntity
  8
Ptos_reactivos
100
AcDbCircle
 10
40.611534776949696
 20
19.95643872816045
 30
0.0
 40
0.05
  0
CIRCLE
  5
736
330
17
100
AcDbEntity
  8
Ptos_reactivos
100
AcDbCircle
 10
27.755734400437262
 20
24.476894107091375
 30
0.0
 40
0.05
  0
CIRCLE
  5
737
330
17
100
AcDbEntity
  8
Ptos_reactivos
100
AcDbCircle
 10
24.409524582437317
 20
49.97992492023978
 30
0.0
 40
0.05
  0
CIRCLE
  5
738
330
17
100
AcDbEntity
  8
Ptos_reactivos
100
AcDbCircle
 10
1.4546965730524137
 20
17.61308429195588
 30
0.0
 40
0.05
  0
CIRCLE
  5
739
330
17
100
AcDbEntity
  8
Ptos_reactivos
100
AcDbCircle
 10
13.252364635252395
 20
4.442873840447908
 30
0.0
 40
0.05
  0
CIRCLE
  5
73A
330
17
100
AcDbEntity
  8
Ptos_reactivos
100
AcDbCircle
 10
19.192441143503068
 20
67.97061823894163
 30
0.0
 40
0.05
  0
CIRCLE
  5
73B
330
17
100
AcDbEntity
  8
Ptos_reactivos
100
AcDbCircle
 10
61.9833565284666
 20
1.129456961569511
 30
0.0
 40
0.05
  0
CIRCLE
  5
73C
330
17
100
AcDbEntity
  8
Ptos_reactivos
100
AcDbCircle
 10
42.68182797111805
 20
13.770471631038273
 30
0.0
 40
0.05
  0
CIRCLE
  5
73D
330
17
100
AcDbEntity
  8
Ptos_reactivos
100
AcDbCircle
 10
57.10256862142312
 20
29.231522458749183
 30
0.0
 40
0.05
  0
CIRCLE
  5
73E
330
17
100
AcDbEntity
  8
Ptos_reactivos
100
AcDbCircle
 10
9.654683249482279
 20
20.08667570295451
 30
0.0
 40
0.05
  0
CIRCLE
  5
73F
330
17
100
AcDbEntity
  8
Ptos_reactivos
100
AcDbCircle
 10
20.102429444796297
 20
74.81592433683348
 30
0.0
 40
0.05
  0
CIRCLE
  5
740
330
17
100
AcDbEntity
  8
Ptos_reactivos
100
AcDbCircle
 10
40.054434924258885
 20
18.680762519259233
 30
0.0
 40
0.05
  0
CIRCLE
  5
741
330
17
100
AcDbEntity
  8
Ptos_reactivos
100
AcDbCircle
 10
56.849530071851454
 20
21.12567119805012
 30
0.0
 40
0.05
  0
CIRCLE
  5
742
330
17
100
AcDbEntity
  8
Ptos_reactivos
100
AcDbCircle
 10
68.42363250338056
 20
34.658812403484895
 30
0.0
 40
0.05
  0
CIRCLE
  5
743
330
17
100
AcDbEntity
  8
Ptos_reactivos
100
AcDbCircle
 10
5.993542053723974
 20
42.59228588153732
 30
0.0
 40
0.05
  0
CIRCLE
  5
744
330
17
100
AcDbEntity
  8
Ptos_reactivos
100
AcDbCircle
 10
70.59067575742638
 20
0.6514182690810055
 30
0.0
 40
0.05
  0
CIRCLE
  5
745
330
17
100
AcDbEntity
  8
Ptos_reactivos
100
AcDbCircle
 10
60.74086904408321
 20
60.961283066413955
 30
0.0
 40
0.05
  0
CIRCLE
  5
746
330
17
100
AcDbEntity
  8
Ptos_reactivos
100
AcDbCircle
 10
61.67048822625539
 20
8.192038838079322
 30
0.0
 40
0.05
  0
CIRCLE
  5
747
330
17
100
AcDbEntity
  8
Ptos_reactivos
100
AcDbCircle
 10
54.69704770728815
 20
27.50002048396586
 30
0.0
 40
0.05
  0
CIRCLE
  5
748
330
17
100
AcDbEntity
  8
Ptos_reactivos
100
AcDbCircle
 10
65.57030185806111
 20
63.500147406804075
 30
0.0
 40
0.05
  0
CIRCLE
  5
749
330
17
100
AcDbEntity
  8
Ptos_reactivos
100
AcDbCircle
 10
45.88760543423604
 20
8.47699446887801
 30
0.0
 40
0.05
  0
CIRCLE
  5
74A
330
17
100
AcDbEntity
  8
Ptos_reactivos
100
AcDbCircle
 10
71.34166980538112
 20
39.167667650639956
 30
0.0
 40
0.05
  0
CIRCLE
  5
74B
330
17
100
AcDbEntity
  8
Ptos_reactivos
100
AcDbCircle
 10
54.19459316804124
 20
20.333953213518203
 30
0.0
 40
0.05
  0
CIRCLE
  5
74C
330
17
100
AcDbEntity
  8
Ptos_reactivos
100
AcDbCircle
 10
24.27357056642883
 20
37.55783408781586
 30
0.0
 40
0.05
  0
CIRCLE
  5
74D
330
17
100
AcDbEntity
  8
Ptos_reactivos
100
AcDbCircle
 10
45.424121000012974
 20
18.6681709832098
 30
0.0
 40
0.05
  0
CIRCLE
  5
74E
330
17
100
AcDbEntity
  8
Ptos_reactivos
100
AcDbCircle
 10
44.39150563343533
 20
64.98186575138828
 30
0.0
 40
0.05
  0
CIRCLE
  5
74F
330
17
100
AcDbEntity
  8
Ptos_reactivos
100
AcDbCircle
 10
36.35581995442139
 20
59.18446652054884
 30
0.0
 40
0.05
  0
CIRCLE
  5
750
330
17
100
AcDbEntity
  8
Ptos_reactivos
100
AcDbCircle
 10
35.51983095848041
 20
74.82102929078349
 30
0.0
 40
0.05
  0
CIRCLE
  5
751
330
17
100
AcDbEntity
  8
Ptos_reactivos
100
AcDbCircle
 10
1.1519751996028005
 20
4.976686149684362
 30
0.0
 40
0.05
  0
CIRCLE
  5
752
330
17
100
AcDbEntity
  8
Ptos_reactivos
100
AcDbCircle
 10
24.042509430154915
 20
74.78548301528997
 30
0.0
 40
0.05
  0
CIRCLE
  5
753
330
17
100
AcDbEntity
  8
Ptos_reactivos
100
AcDbCircle
 10
53.452667662512766
 20
20.833664652581987
 30
0.0
 40
0.05
  0
CIRCLE
  5
754
330
17
100
AcDbEntity
  8
Ptos_reactivos
100
AcDbCircle
 10
61.62541829860143
 20
66.15336842803707
 30
0.0
 40
0.05
  0
CIRCLE
  5
755
330
17
100
AcDbEntity
  8
Ptos_reactivos
100
AcDbCircle
 10
31.57307063561129
 20
67.48797840522363
 30
0.0
 40
0.05
  0
CIRCLE
  5
756
330
17
100
AcDbEntity
  8
Ptos_reactivos
100
AcDbCircle
 10
12.575710616607022
 20
47.774343893172386
 30
0.0
 40
0.05
  0
CIRCLE
  5
757
330
17
100
AcDbEntity
  8
Ptos_reactivos
100
AcDbCircle
 10
63.469646159733045
 20
9.489902207261098
 30
0.0
 40
0.05
  0
CIRCLE
  5
758
330
17
100
AcDbEntity
  8
Ptos_reactivos
100
AcDbCircle
 10
18.536049331850553
 20
72.6887439808835
 30
0.0
 40
0.05
  0
CIRCLE
  5
759
330
17
100
AcDbEntity
  8
Ptos_reactivos
100
AcDbCircle
 10
61.11013031107293
 20
19.551844110533175
 30
0.0
 40
0.05
  0
CIRCLE
  5
75A
330
17
100
AcDbEntity
  8
Ptos_reactivos
100
AcDbCircle
 10
31.638622851052933
 20
61.901177216137604
 30
0.0
 40
0.05
  0
CIRCLE
  5
75B
330
17
100
AcDbEntity
  8
Ptos_reactivos
100
AcDbCircle
 10
2.031776995990114
 20
72.78099633443188
 30
0.0
 40
0.05
  0
CIRCLE
  5
75C
330
17
100
AcDbEntity
  8
Ptos_reactivos
100
AcDbCircle
 10
20.365430350831033
 20
45.506357357537055
 30
0.0
 40
0.05
  0
CIRCLE
  5
75D
330
17
100
AcDbEntity
  8
Ptos_reactivos
100
AcDbCircle
 10
60.43122676838283
 20
71.89816935278427
 30
0.0
 40
0.05
  0
CIRCLE
  5
75E
330
17
100
AcDbEntity
  8
Ptos_reactivos
100
AcDbCircle
 10
45.626322354822044
 20
9.317297387178503
 30
0.0
 40
0.05
  0
CIRCLE
  5
75F
330
17
100
AcDbEntity
  8
Ptos_reactivos
100
AcDbCircle
 10
26.862986311986294
 20
64.06211304857547
 30
0.0
 40
0.05
  0
CIRCLE
  5
760
330
17
100
AcDbEntity
  8
Ptos_reactivos
100
AcDbCircle
 10
67.46213173232039
 20
28.964914076347956
 30
0.0
 40
0.05
  0
CIRCLE
  5
761
330
17
100
AcDbEntity
  8
Ptos_reactivos
100
AcDbCircle
 10
69.91712796531685
 20
30.29107925470389
 30
0.0
 40
0.05
  0
CIRCLE
  5
762
330
17
100
AcDbEntity
  8
Ptos_reactivos
100
AcDbCircle
 10
65.70537087987026
 20
10.32053684543551
 30
0.0
 40
0.05
  0
CIRCLE
  5
763
330
17
100
AcDbEntity
  8
Ptos_reactivos
100
AcDbCircle
 10
67.78067358845394
 20
49.70346808545532
 30
0.0
 40
0.05
  0
CIRCLE
  5
764
330
17
100
AcDbEntity
  8
Ptos_reactivos
100
AcDbCircle
 10
26.26342960607623
 20
31.07154184653019
 30
0.0
 40
0.05
  0
CIRCLE
  5
765
330
17
100
AcDbEntity
  8
Ptos_reactivos
100
AcDbCircle
 10
0.6959969870284327
 20
67.31675785613655
 30
0.0
 40
0.05
  0
CIRCLE
  5
766
330
17
100
AcDbEntity
  8
Ptos_reactivos
100
AcDbCircle
 10
19.44603532218206
 20
57.71734069558305
 30
0.0
 40
0.05
  0
CIRCLE
  5
767
330
17
100
AcDbEntity
  8
Ptos_reactivos
100
AcDbCircle
 10
40.0594680796939
 20
12.960307174703154
 30
0.0
 40
0.05
  0
CIRCLE
  5
768
330
17
100
AcDbEntity
  8
Ptos_reactivos
100
AcDbCircle
 10
41.359842714516226
 20
31.846355002283225
 30
0.0
 40
0.05
  0
CIRCLE
  5
769
330
17
100
AcDbEntity
  8
Ptos_reactivos
100
AcDbCircle
 10
18.512996835810185
 20
58.96000498884377
 30
0.0
 40
0.05
  0
CIRCLE
  5
76A
330
17
100
AcDbEntity
  8
Ptos_reactivos
100
AcDbCircle
 10
65.25473705597692
 20
73.4063363053391
 30
0.0
 40
0.05
  0
CIRCLE
  5
76B
330
17
100
AcDbEntity
  8
Ptos_reactivos
100
AcDbCircle
 10
69.13143858460722
 20
42.74657929763531
 30
0.0
 40
0.05
  0
CIRCLE
  5
76C
330
17
100
AcDbEntity
  8
Ptos_reactivos
100
AcDbCircle
 10
74.351527506828
 20
48.783019159757714
 30
0.0
 40
0.05
  0
CIRCLE
  5
76D
330
17
100
AcDbEntity
  8
Ptos_reactivos
100
AcDbCircle
 10
35.107726749239276
 20
47.040922711597595
 30
0.0
 40
0.05
  0
CIRCLE
  5
76E
330
17
100
AcDbEntity
  8
Ptos_reactivos
100
AcDbCircle
 10
74.55529468501882
 20
33.72166814287023
 30
0.0
 40
0.05
  0
CIRCLE
  5
76F
330
17
100
AcDbEntity
  8
Ptos_reactivos
100
AcDbCircle
 10
38.99852372094244
 20
28.407706593187317
 30
0.0
 40
0.05
  0
CIRCLE
  5
770
330
17
100
AcDbEntity
  8
Ptos_reactivos
100
AcDbCircle
 10
58.27810000818904
 20
0.19331717847599073
 30
0.0
 40
0.05
  0
CIRCLE
  5
771
330
17
100
AcDbEntity
  8
Ptos_reactivos
100
AcDbCircle
 10
26.763356345592612
 20
6.6989639815963535
 30
0.0
 40
0.05
  0
CIRCLE
  5
772
330
17
100
AcDbEntity
  8
Ptos_reactivos
100
AcDbCircle
 10
12.182182444162057
 20
35.056425841889336
 30
0.0
 40
0.05
  0
CIRCLE
  5
773
330
17
100
AcDbEntity
  8
Ptos_reactivos
100
AcDbCircle
 10
47.52077187698992
 20
21.165722710310657
 30
0.0
 40
0.05
  0
CIRCLE
  5
774
330
17
100
AcDbEntity
  8
Ptos_reactivos
100
AcDbCircle
 10
67.45409747624849
 20
32.882009593397555
 30
0.0
 40
0.05
  0
CIRCLE
  5
775
330
17
100
AcDbEntity
  8
Ptos_reactivos
100
AcDbCircle
 10
34.31218489266114
 20
61.050030988590905
 30
0.0
 40
0.05
  0
CIRCLE
  5
776
330
17
100
AcDbEntity
  8
Ptos_reactivos
100
AcDbCircle
 10
27.64492659729046
 20
74.75594199567125
 30
0.0
 40
0.05
  0
CIRCLE
  5
777
330
17
100
AcDbEntity
  8
Ptos_reactivos
100
AcDbCircle
 10
0.4313635043131009
 20
35.93121233866622
 30
0.0
 40
0.05
  0
CIRCLE
  5
778
330
17
100
AcDbEntity
  8
Ptos_reactivos
100
AcDbCircle
 10
60.39516558284859
 20
20.409628919707814
 30
0.0
 40
0.05
  0
CIRCLE
  5
779
330
17
100
AcDbEntity
  8
Ptos_reactivos
100
AcDbCircle
 10
21.9718429374498
 20
1.0433020816989687
 30
0.0
 40
0.05
  0
CIRCLE
  5
77A
330
17
100
AcDbEntity
  8
Ptos_reactivos
100
AcDbCircle
 10
19.21569733312749
 20
58.13499629738858
 30
0.0
 40
0.05
  0
CIRCLE
  5
77B
330
17
100
AcDbEntity
  8
Ptos_reactivos
100
AcDbCircle
 10
27.354348509766517
 20
17.353098292781148
 30
0.0
 40
0.05
  0
CIRCLE
  5
77C
330
17
100
AcDbEntity
  8
Ptos_reactivos
100
AcDbCircle
 10
29.238162165207875
 20
54.14239853511624
 30
0.0
 40
0.05
  0
CIRCLE
  5
77D
330
17
100
AcDbEntity
  8
Ptos_reactivos
100
AcDbCircle
 10
64.94871711009485
 20
11.83380753949981
 30
0.0
 40
0.05
  0
CIRCLE
  5
77E
330
17
100
AcDbEntity
  8
Ptos_reactivos
100
AcDbCircle
 10
55.515535519617195
 20
54.37842674047635
 30
0.0
 40
0.05
  0
CIRCLE
  5
77F
330
17
100
AcDbEntity
  8
Ptos_reactivos
100
AcDbCircle
 10
39.306984717850355
 20
68.55324821813983
 30
0.0
 40
0.05
  0
CIRCLE
  5
780
330
17
100
AcDbEntity
  8
Ptos_reactivos
100
AcDbCircle
 10
69.69819714838003
 20
11.688752541558426
 30
0.0
 40
0.05
  0
CIRCLE
  5
781
330
17
100
AcDbEntity
  8
Ptos_reactivos
100
AcDbCircle
 10
39.32284931583912
 20
15.905932107982462
 30
0.0
 40
0.05
  0
CIRCLE
  5
782
330
17
100
AcDbEntity
  8
Ptos_reactivos
100
AcDbCircle
 10
29.1285401391784
 20
52.12102026424643
 30
0.0
 40
0.05
  0
CIRCLE
  5
783
330
17
100
AcDbEntity
  8
Ptos_reactivos
100
AcDbCircle
 10
18.496638103721182
 20
68.37395319369419
 30
0.0
 40
0.05
  0
CIRCLE
  5
784
330
17
100
AcDbEntity
  8
Ptos_reactivos
100
AcDbCircle
 10
26.76402392280184
 20
61.59669250403908
 30
0.0
 40
0.05
  0
CIRCLE
  5
785
330
17
100
AcDbEntity
  8
Ptos_reactivos
100
AcDbCircle
 10
68.39136813520224
 20
36.364513330767
 30
0.0
 40
0.05
  0
CIRCLE
  5
786
330
17
100
AcDbEntity
  8
Ptos_reactivos
100
AcDbCircle
 10
29.77357532529136
 20
0.8012983721974593
 30
0.0
 40
0.05
  0
CIRCLE
  5
787
330
17
100
AcDbEntity
  8
Ptos_reactivos
100
AcDbCircle
 10
74.33436229328692
 20
40.029689985252034
 30
0.0
 40
0.05
  0
CIRCLE
  5
788
330
17
100
AcDbEntity
  8
Ptos_reactivos
100
AcDbCircle
 10
8.860160478813627
 20
1.8218472073071978
 30
0.0
 40
0.05
  0
CIRCLE
  5
789
330
17
100
AcDbEntity
  8
Ptos_reactivos
100
AcDbCircle
 10
58.87586419749005
 20
54.035094556302276
 30
0.0
 40
0.05
  0
CIRCLE
  5
78A
330
17
100
AcDbEntity
  8
Ptos_reactivos
100
AcDbCircle
 10
31.400721429967795
 20
74.68562594022613
 30
0.0
 40
0.05
  0
CIRCLE
  5
78B
330
17
100
AcDbEntity
  8
Ptos_reactivos
100
AcDbCircle
 10
42.762293994242306
 20
5.677916915850559
 30
0.0
 40
0.05
  0
CIRCLE
  5
78C
330
17
100
AcDbEntity
  8
Ptos_reactivos
100
AcDbCircle
 10
5.753124214836319
 20
20.776328990414978
 30
0.0
 40
0.05
  0
CIRCLE
  5
78D
330
17
100
AcDbEntity
  8
Ptos_reactivos
100
AcDbCircle
 10
57.35089766507202
 20
35.328516139540895
 30
0.0
 40
0.05
  0
CIRCLE
  5
78E
330
17
100
AcDbEntity
  8
Ptos_reactivos
100
AcDbCircle
 10
55.52018188756905
 20
74.85659477443326
 30
0.0
 40
0.05
  0
CIRCLE
  5
78F
330
17
100
AcDbEntity
  8
Ptos_reactivos
100
AcDbCircle
 10
0.8595435561549097
 20
60.41819388684426
 30
0.0
 40
0.05
  0
CIRCLE
  5
790
330
17
100
AcDbEntity
  8
Ptos_reactivos
100
AcDbCircle
 10
62.58067315018595
 20
50.99602416490851
 30
0.0
 40
0.05
  0
CIRCLE
  5
791
330
17
100
AcDbEntity
  8
Ptos_reactivos
100
AcDbCircle
 10
5.0899915365700075
 20
27.826245003888893
 30
0.0
 40
0.05
  0
CIRCLE
  5
792
330
17
100
AcDbEntity
  8
Ptos_reactivos
100
AcDbCircle
 10
70.49320274667211
 20
3.401612359987949
 30
0.0
 40
0.05
  0
CIRCLE
  5
793
330
17
100
AcDbEntity
  8
Ptos_reactivos
100
AcDbCircle
 10
70.2995095039636
 20
23.181970735624443
 30
0.0
 40
0.05
  0
CIRCLE
  5
794
330
17
100
AcDbEntity
  8
Ptos_reactivos
100
AcDbCircle
 10
44.41822286667863
 20
8.931158116799102
 30
0.0
 40
0.05
  0
CIRCLE
  5
795
330
17
100
AcDbEntity
  8
Ptos_reactivos
100
AcDbCircle
 10
31.24158704585619
 20
49.100313790345005
 30
0.0
 40
0.05
  0
CIRCLE
  5
796
330
17
100
AcDbEntity
  8
Ptos_reactivos
100
AcDbCircle
 10
44.26305881913986
 20
23.860406469806993
 30
0.0
 40
0.05
  0
CIRCLE
  5
797
330
17
100
AcDbEntity
  8
Ptos_reactivos
100
AcDbCircle
 10
57.90362029948287
 20
20.09500042816229
 30
0.0
 40
0.05
  0
CIRCLE
  5
798
330
17
100
AcDbEntity
  8
Ptos_reactivos
100
AcDbCircle
 10
20.39003925356547
 20
58.85155062346928
 30
0.0
 40
0.05
  0
CIRCLE
  5
799
330
17
100
AcDbEntity
  8
Ptos_reactivos
100
AcDbCircle
 10
74.14962334098209
 20
10.501844336939357
 30
0.0
 40
0.05
  0
CIRCLE
  5
79A
330
17
100
AcDbEntity
  8
Ptos_reactivos
100
AcDbCircle
 10
45.99129734274773
 20
59.536894322704505
 30
0.0
 40
0.05
  0
CIRCLE
  5
79B
330
17
100
AcDbEntity
  8
Ptos_reactivos
100
AcDbCircle
 10
8.555315256018197
 20
6.678417360762076
 30
0.0
 40
0.05
  0
CIRCLE
  5
79C
330
17
100
AcDbEntity
  8
Ptos_reactivos
100
AcDbCircle
 10
69.91771503436692
 20
40.706048106082605
 30
0.0
 40
0.05
  0
CIRCLE
  5
79D
330
17
100
AcDbEntity
  8
Ptos_reactivos
100
AcDbCircle
 10
44.99477068270487
 20
9.098372039042491
 30
0.0
 40
0.05
  0
CIRCLE
  5
79E
330
17
100
AcDbEntity
  8
Ptos_reactivos
100
AcDbCircle
 10
58.8253892064415
 20
45.538569717987414
 30
0.0
 40
0.05
  0
CIRCLE
  5
79F
330
17
100
AcDbEntity
  8
Ptos_reactivos
100
AcDbCircle
 10
12.616568251096844
 20
34.55851865483371
 30
0.0
 40
0.05
  0
CIRCLE
  5
7A0
330
17
100
AcDbEntity
  8
Ptos_reactivos
100
AcDbCircle
 10
56.773476625407405
 20
10.70703924144899
 30
0.0
 40
0.05
  0
CIRCLE
  5
7A1
330
17
100
AcDbEntity
  8
Ptos_reactivos
100
AcDbCircle
 10
56.003002811872214
 20
9.593423878457088
 30
0.0
 40
0.05
  0
CIRCLE
  5
7A2
330
17
100
AcDbEntity
  8
Ptos_reactivos
100
AcDbCircle
 10
55.43085182674838
 20
66.74822413210896
 30
0.0
 40
0.05
  0
CIRCLE
  5
7A3
330
17
100
AcDbEntity
  8
Ptos_reactivos
100
AcDbCircle
 10
8.13399757158358
 20
72.05647645779133
 30
0.0
 40
0.05
  0
CIRCLE
  5
7A4
330
17
100
AcDbEntity
  8
Ptos_reactivos
100
AcDbCircle
 10
3.1586566991914227
 20
74.34645828950173
 30
0.0
 40
0.05
  0
CIRCLE
  5
7A5
330
17
100
AcDbEntity
  8
Ptos_reactivos
100
AcDbCircle
 10
30.309796548303044
 20
63.50008340263133
 30
0.0
 40
0.05
  0
CIRCLE
  5
7A6
330
17
100
AcDbEntity
  8
Ptos_reactivos
100
AcDbCircle
 10
60.73033137034736
 20
73.60268512574434
 30
0.0
 40
0.05
  0
CIRCLE
  5
7A7
330
17
100
AcDbEntity
  8
Ptos_reactivos
100
AcDbCircle
 10
40.264860688441296
 20
74.83773906870275
 30
0.0
 40
0.05
  0
CIRCLE
  5
7A8
330
17
100
AcDbEntity
  8
Ptos_reactivos
100
AcDbCircle
 10
24.090343427570733
 20
20.642718587313066
 30
0.0
 40
0.05
  0
CIRCLE
  5
7A9
330
17
100
AcDbEntity
  8
Ptos_reactivos
100
AcDbCircle
 10
51.790327602282765
 20
23.33041987454472
 30
0.0
 40
0.05
  0
CIRCLE
  5
7AA
330
17
100
AcDbEntity
  8
Ptos_reactivos
100
AcDbCircle
 10
59.717475862824706
 20
61.863588196812884
 30
0.0
 40
0.05
  0
CIRCLE
  5
7AB
330
17
100
AcDbEntity
  8
Ptos_reactivos
100
AcDbCircle
 10
57.624427947580365
 20
24.710387482697854
 30
0.0
 40
0.05
  0
CIRCLE
  5
7AC
330
17
100
AcDbEntity
  8
Ptos_reactivos
100
AcDbCircle
 10
13.487569081253406
 20
61.33082468332763
 30
0.0
 40
0.05
  0
CIRCLE
  5
7AD
330
17
100
AcDbEntity
  8
Ptos_reactivos
100
AcDbCircle
 10
71.78606118021935
 20
63.71569596315787
 30
0.0
 40
0.05
  0
CIRCLE
  5
7AE
330
17
100
AcDbEntity
  8
Ptos_reactivos
100
AcDbCircle
 10
41.86298812383674
 20
62.77722860784338
 30
0.0
 40
0.05
  0
CIRCLE
  5
7AF
330
17
100
AcDbEntity
  8
Ptos_reactivos
100
AcDbCircle
 10
59.37688205183014
 20
73.2766488748695
 30
0.0
 40
0.05
  0
CIRCLE
  5
7B0
330
17
100
AcDbEntity
  8
Ptos_reactivos
100
AcDbCircle
 10
1.8024805900869412
 20
33.523889091091576
 30
0.0
 40
0.05
  0
CIRCLE
  5
7B1
330
17
100
AcDbEntity
  8
Ptos_reactivos
100
AcDbCircle
 10
29.591926913473703
 20
15.760771304376922
 30
0.0
 40
0.05
  0
CIRCLE
  5
7B2
330
17
100
AcDbEntity
  8
Ptos_reactivos
100
AcDbCircle
 10
29.375939363812307
 20
16.2114075065624
 30
0.0
 40
0.05
  0
CIRCLE
  5
7B3
330
17
100
AcDbEntity
  8
Ptos_reactivos
100
AcDbCircle
 10
17.85168692696002
 20
47.025933819987536
 30
0.0
 40
0.05
  0
CIRCLE
  5
7B4
330
17
100
AcDbEntity
  8
Ptos_reactivos
100
AcDbCircle
 10
17.064771936341295
 20
20.623491399897954
 30
0.0
 40
0.05
  0
CIRCLE
  5
7B5
330
17
100
AcDbEntity
  8
Ptos_reactivos
100
AcDbCircle
 10
46.56085115764542
 20
25.777682537385324
 30
0.0
 40
0.05
  0
CIRCLE
  5
7B6
330
17
100
AcDbEntity
  8
Ptos_reactivos
100
AcDbCircle
 10
55.712385371062986
 20
25.609521178403398
 30
0.0
 40
0.05
  0
CIRCLE
  5
7B7
330
17
100
AcDbEntity
  8
Ptos_reactivos
100
AcDbCircle
 10
21.2070070730041
 20
69.71288413275418
 30
0.0
 40
0.05
  0
CIRCLE
  5
7B8
330
17
100
AcDbEntity
  8
Ptos_reactivos
100
AcDbCircle
 10
31.340480740845237
 20
27.175999952832193
 30
0.0
 40
0.05
  0
CIRCLE
  5
7B9
330
17
100
AcDbEntity
  8
Ptos_reactivos
100
AcDbCircle
 10
59.55098397288616
 20
18.653306492211165
 30
0.0
 40
0.05
  0
CIRCLE
  5
7BA
330
17
100
AcDbEntity
  8
Ptos_reactivos
100
AcDbCircle
 10
2.3770719002883993
 20
9.82990595429849
 30
0.0
 40
0.05
  0
CIRCLE
  5
7BB
330
17
100
AcDbEntity
  8
Ptos_reactivos
100
AcDbCircle
 10
6.463245106230262
 20
39.95773574660684
 30
0.0
 40
0.05
  0
CIRCLE
  5
7BC
330
17
100
AcDbEntity
  8
Ptos_reactivos
100
AcDbCircle
 10
24.809184650968266
 20
48.56860442080914
 30
0.0
 40
0.05
  0
CIRCLE
  5
7BD
330
17
100
AcDbEntity
  8
Ptos_reactivos
100
AcDbCircle
 10
1.305578564815804
 20
11.010080847985693
 30
0.0
 40
0.05
  0
CIRCLE
  5
7BE
330
17
100
AcDbEntity
  8
Ptos_reactivos
100
AcDbCircle
 10
42.68262930192585
 20
30.585919716769972
 30
0.0
 40
0.05
  0
CIRCLE
  5
7BF
330
17
100
AcDbEntity
  8
Ptos_reactivos
100
AcDbCircle
 10
17.691848701147432
 20
17.878342351670753
 30
0.0
 40
0.05
  0
CIRCLE
  5
7C0
330
17
100
AcDbEntity
  8
Ptos_reactivos
100
AcDbCircle
 10
1.0009832225685522
 20
60.151104998511435
 30
0.0
 40
0.05
  0
CIRCLE
  5
7C1
330
17
100
AcDbEntity
  8
Ptos_reactivos
100
AcDbCircle
 10
46.19096581184108
 20
12.334749374639342
 30
0.0
 40
0.05
  0
CIRCLE
  5
7C2
330
17
100
AcDbEntity
  8
Ptos_reactivos
100
AcDbCircle
 10
32.71056230637246
 20
3.506377737063382
 30
0.0
 40
0.05
  0
CIRCLE
  5
7C3
330
17
100
AcDbEntity
  8
Ptos_reactivos
100
AcDbCircle
 10
40.50170576125517
 20
1.274542151265909
 30
0.0
 40
0.05
  0
CIRCLE
  5
7C4
330
17
100
AcDbEntity
  8
Ptos_reactivos
100
AcDbCircle
 10
3.113832403853106
 20
15.78580220207606
 30
0.0
 40
0.05
  0
CIRCLE
  5
7C5
330
17
100
AcDbEntity
  8
Ptos_reactivos
100
AcDbCircle
 10
41.11178834490027
 20
4.08574807058163
 30
0.0
 40
0.05
  0
CIRCLE
  5
7C6
330
17
100
AcDbEntity
  8
Ptos_reactivos
100
AcDbCircle
 10
21.16178085381197
 20
36.291741979932375
 30
0.0
 40
0.05
  0
CIRCLE
  5
7C7
330
17
100
AcDbEntity
  8
Ptos_reactivos
100
AcDbCircle
 10
18.936078758247127
 20
32.79935810381735
 30
0.0
 40
0.05
  0
CIRCLE
  5
7C8
330
17
100
AcDbEntity
  8
Ptos_reactivos
100
AcDbCircle
 10
0.06304418402832412
 20
73.58189398265516
 30
0.0
 40
0.05
  0
CIRCLE
  5
7C9
330
17
100
AcDbEntity
  8
Ptos_reactivos
100
AcDbCircle
 10
52.64120741487961
 20
70.40202677700665
 30
0.0
 40
0.05
  0
CIRCLE
  5
7CA
330
17
100
AcDbEntity
  8
Ptos_reactivos
100
AcDbCircle
 10
67.57171294750117
 20
62.89251431658014
 30
0.0
 40
0.05
  0
CIRCLE
  5
7CB
330
17
100
AcDbEntity
  8
Ptos_reactivos
100
AcDbCircle
 10
19.061415372227852
 20
73.95626628230885
 30
0.0
 40
0.05
  0
CIRCLE
  5
7CC
330
17
100
AcDbEntity
  8
Ptos_reactivos
100
AcDbCircle
 10
37.35236361922679
 20
16.99683096375334
 30
0.0
 40
0.05
  0
CIRCLE
  5
7CD
330
17
100
AcDbEntity
  8
Ptos_reactivos
100
AcDbCircle
 10
36.05361919306061
 20
59.99712492404694
 30
0.0
 40
0.05
  0
CIRCLE
  5
7CE
330
17
100
AcDbEntity
  8
Ptos_reactivos
100
AcDbCircle
 10
55.03583082657131
 20
19.640028451611652
 30
0.0
 40
0.05
  0
CIRCLE
  5
7CF
330
17
100
AcDbEntity
  8
Ptos_reactivos
100
AcDbCircle
 10
32.24701909282915
 20
74.63025559474502
 30
0.0
 40
0.05
  0
CIRCLE
  5
7D0
330
17
100
AcDbEntity
  8
Ptos_reactivos
100
AcDbCircle
 10
30.97568906225794
 20
55.191851144370005
 30
0.0
 40
0.05
  0
CIRCLE
  5
7D1
330
17
100
AcDbEntity
  8
Ptos_reactivos
100
AcDbCircle
 10
45.66466521018474
 20
9.587526453395567
 30
0.0
 40
0.05
  0
CIRCLE
  5
7D2
330
17
100
AcDbEntity
  8
Ptos_reactivos
100
AcDbCircle
 10
17.593722544588335
 20
33.44365115757489
 30
0.0
 40
0.05
  0
CIRCLE
  5
7D3
330
17
100
AcDbEntity
  8
Ptos_reactivos
100
AcDbCircle
 10
8.314649853707115
 20
15.026237480239523
 30
0.0
 40
0.05
  0
CIRCLE
  5
7D4
330
17
100
AcDbEntity
  8
Ptos_reactivos
100
AcDbCircle
 10
14.208999027048975
 20
60.60631809372633
 30
0.0
 40
0.05
  0
CIRCLE
  5
7D5
330
17
100
AcDbEntity
  8
Ptos_reactivos
100
AcDbCircle
 10
34.1063609323877
 20
74.2899753066617
 30
0.0
 40
0.05
  0
CIRCLE
  5
7D6
330
17
100
AcDbEntity
  8
Ptos_reactivos
100
AcDbCircle
 10
39.45435016377861
 20
59.66716747411836
 30
0.0
 40
0.05
  0
CIRCLE
  5
7D7
330
17
100
AcDbEntity
  8
Ptos_reactivos
100
AcDbCircle
 10
74.21957639601028
 20
22.306828435090825
 30
0.0
 40
0.05
  0
CIRCLE
  5
7D8
330
17
100
AcDbEntity
  8
Ptos_reactivos
100
AcDbCircle
 10
1.1277097653799084
 20
54.63263259863793
 30
0.0
 40
0.05
  0
CIRCLE
  5
7D9
330
17
100
AcDbEntity
  8
Ptos_reactivos
100
AcDbCircle
 10
25.17127400422825
 20
19.47503469373015
 30
0.0
 40
0.05
  0
CIRCLE
  5
7DA
330
17
100
AcDbEntity
  8
Ptos_reactivos
100
AcDbCircle
 10
11.344084287399303
 20
39.426293046635614
 30
0.0
 40
0.05
  0
CIRCLE
  5
7DB
330
17
100
AcDbEntity
  8
Ptos_reactivos
100
AcDbCircle
 10
62.03044449718876
 20
63.33240431740431
 30
0.0
 40
0.05
  0
CIRCLE
  5
7DC
330
17
100
AcDbEntity
  8
Ptos_reactivos
100
AcDbCircle
 10
7.786455788945526
 20
0.15566389598927477
 30
0.0
 40
0.05
  0
CIRCLE
  5
7DD
330
17
100
AcDbEntity
  8
Ptos_reactivos
100
AcDbCircle
 10
26.50923446922454
 20
47.53116993489651
 30
0.0
 40
0.05
  0
CIRCLE
  5
7DE
330
17
100
AcDbEntity
  8
Ptos_reactivos
100
AcDbCircle
 10
20.892878710497833
 20
5.907139552275706
 30
0.0
 40
0.05
  0
CIRCLE
  5
7DF
330
17
100
AcDbEntity
  8
Ptos_reactivos
100
AcDbCircle
 10
69.19542279472391
 20
37.58261254839507
 30
0.0
 40
0.05
  0
CIRCLE
  5
7E0
330
17
100
AcDbEntity
  8
Ptos_reactivos
100
AcDbCircle
 10
46.058268311293915
 20
12.537224742958317
 30
0.0
 40
0.05
  0
CIRCLE
  5
7E1
330
17
100
AcDbEntity
  8
Ptos_reactivos
100
AcDbCircle
 10
60.48331913182484
 20
59.96399903928721
 30
0.0
 40
0.05
  0
CIRCLE
  5
7E2
330
17
100
AcDbEntity
  8
Ptos_reactivos
100
AcDbCircle
 10
52.955402722795725
 20
70.761293798268
 30
0.0
 40
0.05
  0
CIRCLE
  5
7E3
330
17
100
AcDbEntity
  8
Ptos_reactivos
100
AcDbCircle
 10
55.20072434697879
 20
26.568436944812174
 30
0.0
 40
0.05
  0
CIRCLE
  5
7E4
330
17
100
AcDbEntity
  8
Ptos_reactivos
100
AcDbCircle
 10
66.00310322174418
 20
43.895997563689896
 30
0.0
 40
0.05
  0
CIRCLE
  5
7E5
330
17
100
AcDbEntity
  8
Ptos_reactivos
100
AcDbCircle
 10
15.890247396999701
 20
1.4099595753748473
 30
0.0
 40
0.05
  0
CIRCLE
  5
7E6
330
17
100
AcDbEntity
  8
Ptos_reactivos
100
AcDbCircle
 10
55.74637890788914
 20
30.09470950977083
 30
0.0
 40
0.05
  0
CIRCLE
  5
7E7
330
17
100
AcDbEntity
  8
Ptos_reactivos
100
AcDbCircle
 10
60.37120939569958
 20
22.51340622851141
 30
0.0
 40
0.05
  0
CIRCLE
  5
7E8
330
17
100
AcDbEntity
  8
Ptos_reactivos
100
AcDbCircle
 10
31.47634373944657
 20
73.25558739833916
 30
0.0
 40
0.05
  0
CIRCLE
  5
7E9
330
17
100
AcDbEntity
  8
Ptos_reactivos
100
AcDbCircle
 10
55.69156151213255
 20
73.84984548150238
 30
0.0
 40
0.05
  0
CIRCLE
  5
7EA
330
17
100
AcDbEntity
  8
Ptos_reactivos
100
AcDbCircle
 10
70.04457637297311
 20
61.16397437781557
 30
0.0
 40
0.05
  0
CIRCLE
  5
7EB
330
17
100
AcDbEntity
  8
Ptos_reactivos
100
AcDbCircle
 10
45.330291029669915
 20
60.008027801524044
 30
0.0
 40
0.05
  0
CIRCLE
  5
7EC
330
17
100
AcDbEntity
  8
Ptos_reactivos
100
AcDbCircle
 10
72.3154727628059
 20
40.074582711306036
 30
0.0
 40
0.05
  0
CIRCLE
  5
7ED
330
17
100
AcDbEntity
  8
Ptos_reactivos
100
AcDbCircle
 10
63.94722853672093
 20
5.6258490569870725
 30
0.0
 40
0.05
  0
CIRCLE
  5
7EE
330
17
100
AcDbEntity
  8
Ptos_reactivos
100
AcDbCircle
 10
13.053574923706057
 20
51.11174089454378
 30
0.0
 40
0.05
  0
CIRCLE
  5
7EF
330
17
100
AcDbEntity
  8
Ptos_reactivos
100
AcDbCircle
 10
2.367760378720707
 20
41.9045383678727
 30
0.0
 40
0.05
  0
CIRCLE
  5
7F0
330
17
100
AcDbEntity
  8
Ptos_reactivos
100
AcDbCircle
 10
50.53190730454668
 20
66.43891782499948
 30
0.0
 40
0.05
  0
CIRCLE
  5
7F1
330
17
100
AcDbEntity
  8
Ptos_reactivos
100
AcDbCircle
 10
71.78255592371895
 20
39.0122804461642
 30
0.0
 40
0.05
  0
CIRCLE
  5
7F2
330
17
100
AcDbEntity
  8
Ptos_reactivos
100
AcDbCircle
 10
23.306712612659236
 20
7.515379294139252
 30
0.0
 40
0.05
  0
CIRCLE
  5
7F3
330
17
100
AcDbEntity
  8
Ptos_reactivos
100
AcDbCircle
 10
0.08511192384050292
 20
13.595401931590628
 30
0.0
 40
0.05
  0
CIRCLE
  5
7F4
330
17
100
AcDbEntity
  8
Ptos_reactivos
100
AcDbCircle
 10
34.91925358704967
 20
16.6551825101047
 30
0.0
 40
0.05
  0
CIRCLE
  5
7F5
330
17
100
AcDbEntity
  8
Ptos_reactivos
100
AcDbCircle
 10
30.017072059469697
 20
6.769137325393229
 30
0.0
 40
0.05
  0
CIRCLE
  5
7F6
330
17
100
AcDbEntity
  8
Ptos_reactivos
100
AcDbCircle
 10
30.489630356727048
 20
38.43132128356296
 30
0.0
 40
0.05
  0
CIRCLE
  5
7F7
330
17
100
AcDbEntity
  8
Ptos_reactivos
100
AcDbCircle
 10
43.19565690299457
 20
24.819904221196467
 30
0.0
 40
0.05
  0
CIRCLE
  5
7F8
330
17
100
AcDbEntity
  8
Ptos_reactivos
100
AcDbCircle
 10
1.9870895683964607
 20
46.2700663449501
 30
0.0
 40
0.05
  0
CIRCLE
  5
7F9
330
17
100
AcDbEntity
  8
Ptos_reactivos
100
AcDbCircle
 10
1.659826240669851
 20
36.592364256334584
 30
0.0
 40
0.05
  0
CIRCLE
  5
7FA
330
17
100
AcDbEntity
  8
Ptos_reactivos
100
AcDbCircle
 10
72.44752277799162
 20
30.025017278902393
 30
0.0
 40
0.05
  0
CIRCLE
  5
7FB
330
17
100
AcDbEntity
  8
Ptos_reactivos
100
AcDbCircle
 10
7.650324980967094
 20
7.6579059485388985
 30
0.0
 40
0.05
  0
CIRCLE
  5
7FC
330
17
100
AcDbEntity
  8
Ptos_reactivos
100
AcDbCircle
 10
74.79813304268514
 20
66.53256709366491
 30
0.0
 40
0.05
  0
CIRCLE
  5
7FD
330
17
100
AcDbEntity
  8
Ptos_reactivos
100
AcDbCircle
 10
21.918428529297135
 20
63.62649579040748
 30
0.0
 40
0.05
  0
CIRCLE
  5
7FE
330
17
100
AcDbEntity
  8
Ptos_reactivos
100
AcDbCircle
 10
39.12326884247058
 20
4.273663878765809
 30
0.0
 40
0.05
  0
CIRCLE
  5
7FF
330
17
100
AcDbEntity
  8
Ptos_reactivos
100
AcDbCircle
 10
3.2252980140231617
 20
0.6718047107986541
 30
0.0
 40
0.05
  0
CIRCLE
  5
800
330
17
100
AcDbEntity
  8
Ptos_reactivos
100
AcDbCircle
 10
40.939880143241176
 20
41.98305934072332
 30
0.0
 40
0.05
  0
CIRCLE
  5
801
330
17
100
AcDbEntity
  8
Ptos_reactivos
100
AcDbCircle
 10
73.35997310544568
 20
24.116702256713353
 30
0.0
 40
0.05
  0
CIRCLE
  5
802
330
17
100
AcDbEntity
  8
Ptos_reactivos
100
AcDbCircle
 10
8.689594080725874
 20
7.444055482337481
 30
0.0
 40
0.05
  0
CIRCLE
  5
803
330
17
100
AcDbEntity
  8
Ptos_reactivos
100
AcDbCircle
 10
47.1530458093565
 20
5.887270958285323
 30
0.0
 40
0.05
  0
CIRCLE
  5
804
330
17
100
AcDbEntity
  8
Ptos_reactivos
100
AcDbCircle
 10
14.676870326645307
 20
73.36193481120144
 30
0.0
 40
0.05
  0
CIRCLE
  5
805
330
17
100
AcDbEntity
  8
Ptos_reactivos
100
AcDbCircle
 10
31.472382836715855
 20
53.635967067438955
 30
0.0
 40
0.05
  0
CIRCLE
  5
806
330
17
100
AcDbEntity
  8
Ptos_reactivos
100
AcDbCircle
 10
52.16335884321114
 20
66.36230175899259
 30
0.0
 40
0.05
  0
CIRCLE
  5
807
330
17
100
AcDbEntity
  8
Ptos_reactivos
100
AcDbCircle
 10
67.44445071064266
 20
0.6726269800846146
 30
0.0
 40
0.05
  0
CIRCLE
  5
808
330
17
100
AcDbEntity
  8
Ptos_reactivos
100
AcDbCircle
 10
69.77064159361147
 20
46.97588633174375
 30
0.0
 40
0.05
  0
CIRCLE
  5
809
330
17
100
AcDbEntity
  8
Ptos_reactivos
100
AcDbCircle
 10
69.25080662522751
 20
2.2866267229848134
 30
0.0
 40
0.05
  0
CIRCLE
  5
80A
330
17
100
AcDbEntity
  8
Ptos_reactivos
100
AcDbCircle
 10
37.55121512567443
 20
67.76655834157549
 30
0.0
 40
0.05
  0
CIRCLE
  5
80B
330
17
100
AcDbEntity
  8
Ptos_reactivos
100
AcDbCircle
 10
57.86874844074421
 20
67.81999430490364
 30
0.0
 40
0.05
  0
CIRCLE
  5
80C
330
17
100
AcDbEntity
  8
Ptos_reactivos
100
AcDbCircle
 10
70.75805307187791
 20
30.36669281991175
 30
0.0
 40
0.05
  0
CIRCLE
  5
80D
330
17
100
AcDbEntity
  8
Ptos_reactivos
100
AcDbCircle
 10
44.91155354178916
 20
3.9474582763528443
 30
0.0
 40
0.05
  0
CIRCLE
  5
80E
330
17
100
AcDbEntity
  8
Ptos_reactivos
100
AcDbCircle
 10
3.8776900438941526
 20
17.318467275890416
 30
0.0
 40
0.05
  0
CIRCLE
  5
80F
330
17
100
AcDbEntity
  8
Ptos_reactivos
100
AcDbCircle
 10
67.11756034486758
 20
24.640958042789226
 30
0.0
 40
0.05
  0
CIRCLE
  5
810
330
17
100
AcDbEntity
  8
Ptos_reactivos
100
AcDbCircle
 10
65.2708275293561
 20
11.931979434239478
 30
0.0
 40
0.05
  0
CIRCLE
  5
811
330
17
100
AcDbEntity
  8
Ptos_reactivos
100
AcDbCircle
 10
40.19336225398987
 20
3.665104980619527
 30
0.0
 40
0.05
  0
CIRCLE
  5
812
330
17
100
AcDbEntity
  8
Ptos_reactivos
100
AcDbCircle
 10
12.670918532267716
 20
44.39042769606349
 30
0.0
 40
0.05
  0
CIRCLE
  5
813
330
17
100
AcDbEntity
  8
Ptos_reactivos
100
AcDbCircle
 10
30.432964669692286
 20
21.028827639987206
 30
0.0
 40
0.05
  0
CIRCLE
  5
814
330
17
100
AcDbEntity
  8
Ptos_reactivos
100
AcDbCircle
 10
41.07104355857601
 20
19.896464097713906
 30
0.0
 40
0.05
  0
CIRCLE
  5
815
330
17
100
AcDbEntity
  8
Ptos_reactivos
100
AcDbCircle
 10
13.337234159921262
 20
44.35344105112503
 30
0.0
 40
0.05
  0
CIRCLE
  5
816
330
17
100
AcDbEntity
  8
Ptos_reactivos
100
AcDbCircle
 10
17.948242337619945
 20
54.96446651140576
 30
0.0
 40
0.05
  0
CIRCLE
  5
817
330
17
100
AcDbEntity
  8
Ptos_reactivos
100
AcDbCircle
 10
74.54801206743535
 20
34.75960862797412
 30
0.0
 40
0.05
  0
CIRCLE
  5
818
330
17
100
AcDbEntity
  8
Ptos_reactivos
100
AcDbCircle
 10
32.418934885260065
 20
64.77838999540069
 30
0.0
 40
0.05
  0
CIRCLE
  5
819
330
17
100
AcDbEntity
  8
Ptos_reactivos
100
AcDbCircle
 10
39.09845837768065
 20
68.50153648491451
 30
0.0
 40
0.05
  0
CIRCLE
  5
81A
330
17
100
AcDbEntity
  8
Ptos_reactivos
100
AcDbCircle
 10
68.90400251336587
 20
11.773944746845086
 30
0.0
 40
0.05
  0
CIRCLE
  5
81B
330
17
100
AcDbEntity
  8
Ptos_reactivos
100
AcDbCircle
 10
27.350073397619425
 20
6.2576900120167895
 30
0.0
 40
0.05
  0
CIRCLE
  5
81C
330
17
100
AcDbEntity
  8
Ptos_reactivos
100
AcDbCircle
 10
71.99494612183018
 20
38.74049567022673
 30
0.0
 40
0.05
  0
CIRCLE
  5
81D
330
17
100
AcDbEntity
  8
Ptos_reactivos
100
AcDbCircle
 10
5.2274162952847645
 20
25.42190953938976
 30
0.0
 40
0.05
  0
CIRCLE
  5
81E
330
17
100
AcDbEntity
  8
Ptos_reactivos
100
AcDbCircle
 10
10.964106460438217
 20
42.32110700973128
 30
0.0
 40
0.05
  0
CIRCLE
  5
81F
330
17
100
AcDbEntity
  8
Ptos_reactivos
100
AcDbCircle
 10
51.16672853905392
 20
60.64717470566876
 30
0.0
 40
0.05
  0
CIRCLE
  5
820
330
17
100
AcDbEntity
  8
Ptos_reactivos
100
AcDbCircle
 10
74.94085617163721
 20
44.04228326920338
 30
0.0
 40
0.05
  0
CIRCLE
  5
821
330
17
100
AcDbEntity
  8
Ptos_reactivos
100
AcDbCircle
 10
57.994255129729645
 20
28.819541544001034
 30
0.0
 40
0.05
  0
CIRCLE
  5
822
330
17
100
AcDbEntity
  8
Ptos_reactivos
100
AcDbCircle
 10
1.0412405541453702
 20
54.36707656494425
 30
0.0
 40
0.05
  0
CIRCLE
  5
823
330
17
100
AcDbEntity
  8
Ptos_reactivos
100
AcDbCircle
 10
20.55864883668853
 20
68.88835045785721
 30
0.0
 40
0.05
  0
CIRCLE
  5
824
330
17
100
AcDbEntity
  8
Ptos_reactivos
100
AcDbCircle
 10
57.50243024045528
 20
46.78735941388389
 30
0.0
 40
0.05
  0
CIRCLE
  5
825
330
17
100
AcDbEntity
  8
Ptos_reactivos
100
AcDbCircle
 10
35.578554468480185
 20
0.4213159814756867
 30
0.0
 40
0.05
  0
CIRCLE
  5
826
330
17
100
AcDbEntity
  8
Ptos_reactivos
100
AcDbCircle
 10
68.44478880624402
 20
28.34215414887488
 30
0.0
 40
0.05
  0
CIRCLE
  5
827
330
17
100
AcDbEntity
  8
Ptos_reactivos
100
AcDbCircle
 10
42.86348730620505
 20
29.932305472724547
 30
0.0
 40
0.05
  0
CIRCLE
  5
828
330
17
100
AcDbEntity
  8
Ptos_reactivos
100
AcDbCircle
 10
7.548327135948677
 20
39.799674550899525
 30
0.0
 40
0.05
  0
CIRCLE
  5
829
330
17
100
AcDbEntity
  8
Ptos_reactivos
100
AcDbCircle
 10
15.407773916480307
 20
12.835769711055702
 30
0.0
 40
0.05
  0
CIRCLE
  5
82A
330
17
100
AcDbEntity
  8
Ptos_reactivos
100
AcDbCircle
 10
49.0966822235576
 20
35.3576035800448
 30
0.0
 40
0.05
  0
CIRCLE
  5
82B
330
17
100
AcDbEntity
  8
Ptos_reactivos
100
AcDbCircle
 10
8.976315472217625
 20
16.14115822372266
 30
0.0
 40
0.05
  0
CIRCLE
  5
82C
330
17
100
AcDbEntity
  8
Ptos_reactivos
100
AcDbCircle
 10
47.053692961927474
 20
21.898975322363896
 30
0.0
 40
0.05
  0
CIRCLE
  5
82D
330
17
100
AcDbEntity
  8
Ptos_reactivos
100
AcDbCircle
 10
64.89741923945745
 20
8.130107943909332
 30
0.0
 40
0.05
  0
CIRCLE
  5
82E
330
17
100
AcDbEntity
  8
Ptos_reactivos
100
AcDbCircle
 10
41.61274708023107
 20
45.4257789972607
 30
0.0
 40
0.05
  0
CIRCLE
  5
82F
330
17
100
AcDbEntity
  8
Ptos_reactivos
100
AcDbCircle
 10
36.260255331411635
 20
11.902478647351597
 30
0.0
 40
0.05
  0
CIRCLE
  5
830
330
17
100
AcDbEntity
  8
Ptos_reactivos
100
AcDbCircle
 10
66.48989129122646
 20
21.59551165810463
 30
0.0
 40
0.05
  0
CIRCLE
  5
831
330
17
100
AcDbEntity
  8
Ptos_reactivos
100
AcDbCircle
 10
70.9906332543828
 20
11.3264803242478
 30
0.0
 40
0.05
  0
CIRCLE
  5
832
330
17
100
AcDbEntity
  8
Ptos_reactivos
100
AcDbCircle
 10
8.425293147797284
 20
57.50492360353212
 30
0.0
 40
0.05
  0
CIRCLE
  5
833
330
17
100
AcDbEntity
  8
Ptos_reactivos
100
AcDbCircle
 10
62.7371815996069
 20
73.42695744558065
 30
0.0
 40
0.05
  0
CIRCLE
  5
834
330
17
100
AcDbEntity
  8
Ptos_reactivos
100
AcDbCircle
 10
67.41386459552368
 20
20.947541314531154
 30
0.0
 40
0.05
  0
CIRCLE
  5
835
330
17
100
AcDbEntity
  8
Ptos_reactivos
100
AcDbCircle
 10
13.083670266281697
 20
50.406016516399454
 30
0.0
 40
0.05
  0
CIRCLE
  5
836
330
17
100
AcDbEntity
  8
Ptos_reactivos
100
AcDbCircle
 10
36.83231281005027
 20
44.13978678853639
 30
0.0
 40
0.05
  0
CIRCLE
  5
837
330
17
100
AcDbEntity
  8
Ptos_reactivos
100
AcDbCircle
 10
73.33816820867929
 20
48.458085777523834
 30
0.0
 40
0.05
  0
CIRCLE
  5
838
330
17
100
AcDbEntity
  8
Ptos_reactivos
100
AcDbCircle
 10
37.51237538987007
 20
67.38218177670717
 30
0.0
 40
0.05
  0
CIRCLE
  5
839
330
17
100
AcDbEntity
  8
Ptos_reactivos
100
AcDbCircle
 10
29.811934450692263
 20
53.65743481855265
 30
0.0
 40
0.05
  0
CIRCLE
  5
83A
330
17
100
AcDbEntity
  8
Ptos_reactivos
100
AcDbCircle
 10
67.60289093888728
 20
25.579249805394703
 30
0.0
 40
0.05
  0
CIRCLE
  5
83B
330
17
100
AcDbEntity
  8
Ptos_reactivos
100
AcDbCircle
 10
48.11930872830452
 20
33.54490203973706
 30
0.0
 40
0.05
  0
CIRCLE
  5
83C
330
17
100
AcDbEntity
  8
Ptos_reactivos
100
AcDbCircle
 10
33.116564153137645
 20
60.474024068777666
 30
0.0
 40
0.05
  0
CIRCLE
  5
83D
330
17
100
AcDbEntity
  8
Ptos_reactivos
100
AcDbCircle
 10
55.05950781835624
 20
54.891698722999976
 30
0.0
 40
0.05
  0
CIRCLE
  5
83E
330
17
100
AcDbEntity
  8
Ptos_reactivos
100
AcDbCircle
 10
51.165480991530224
 20
2.277657188657481
 30
0.0
 40
0.05
  0
CIRCLE
  5
83F
330
17
100
AcDbEntity
  8
Ptos_reactivos
100
AcDbCircle
 10
63.618868560537734
 20
70.54549088743863
 30
0.0
 40
0.05
  0
CIRCLE
  5
840
330
17
100
AcDbEntity
  8
Ptos_reactivos
100
AcDbCircle
 10
39.119697377405885
 20
2.010189980562918
 30
0.0
 40
0.05
  0
CIRCLE
  5
841
330
17
100
AcDbEntity
  8
Ptos_reactivos
100
AcDbCircle
 10
25.8831362362466
 20
74.32776613252817
 30
0.0
 40
0.05
  0
CIRCLE
  5
842
330
17
100
AcDbEntity
  8
Ptos_reactivos
100
AcDbCircle
 10
16.88189015890365
 20
47.882261142387115
 30
0.0
 40
0.05
  0
CIRCLE
  5
843
330
17
100
AcDbEntity
  8
Ptos_reactivos
100
AcDbCircle
 10
28.380358462458922
 20
22.031125951945302
 30
0.0
 40
0.05
  0
CIRCLE
  5
844
330
17
100
AcDbEntity
  8
Ptos_reactivos
100
AcDbCircle
 10
29.447919419438925
 20
10.430911493095568
 30
0.0
 40
0.05
  0
CIRCLE
  5
845
330
17
100
AcDbEntity
  8
Ptos_reactivos
100
AcDbCircle
 10
5.08094244426327
 20
42.17203285901742
 30
0.0
 40
0.05
  0
CIRCLE
  5
846
330
17
100
AcDbEntity
  8
Ptos_reactivos
100
AcDbCircle
 10
37.616464445091395
 20
7.66102503550459
 30
0.0
 40
0.05
  0
CIRCLE
  5
847
330
17
100
AcDbEntity
  8
Ptos_reactivos
100
AcDbCircle
 10
1.701879319861452
 20
43.96075904703377
 30
0.0
 40
0.05
  0
CIRCLE
  5
848
330
17
100
AcDbEntity
  8
Ptos_reactivos
100
AcDbCircle
 10
71.85021119701008
 20
12.37896704982644
 30
0.0
 40
0.05
  0
CIRCLE
  5
849
330
17
100
AcDbEntity
  8
Ptos_reactivos
100
AcDbCircle
 10
53.728896956595314
 20
71.86760469911381
 30
0.0
 40
0.05
  0
CIRCLE
  5
84A
330
17
100
AcDbEntity
  8
Ptos_reactivos
100
AcDbCircle
 10
14.689850914591796
 20
21.547391543069313
 30
0.0
 40
0.05
  0
CIRCLE
  5
84B
330
17
100
AcDbEntity
  8
Ptos_reactivos
100
AcDbCircle
 10
31.560518858282162
 20
28.686648070760036
 30
0.0
 40
0.05
  0
CIRCLE
  5
84C
330
17
100
AcDbEntity
  8
Ptos_reactivos
100
AcDbCircle
 10
15.07986569019774
 20
36.274382447067744
 30
0.0
 40
0.05
  0
CIRCLE
  5
84D
330
17
100
AcDbEntity
  8
Ptos_reactivos
100
AcDbCircle
 10
74.7658955810916
 20
16.656345922204594
 30
0.0
 40
0.05
  0
CIRCLE
  5
84E
330
17
100
AcDbEntity
  8
Ptos_reactivos
100
AcDbCircle
 10
19.871440989413326
 20
1.3030255314115529
 30
0.0
 40
0.05
  0
CIRCLE
  5
84F
330
17
100
AcDbEntity
  8
Ptos_reactivos
100
AcDbCircle
 10
40.5757532892206
 20
32.8991903996838
 30
0.0
 40
0.05
  0
CIRCLE
  5
850
330
17
100
AcDbEntity
  8
Ptos_reactivos
100
AcDbCircle
 10
55.05455772404252
 20
65.6960911111034
 30
0.0
 40
0.05
  0
CIRCLE
  5
851
330
17
100
AcDbEntity
  8
Ptos_reactivos
100
AcDbCircle
 10
35.71817960322807
 20
73.9096232941234
 30
0.0
 40
0.05
  0
CIRCLE
  5
852
330
17
100
AcDbEntity
  8
Ptos_reactivos
100
AcDbCircle
 10
28.141169492684277
 20
60.22473719404088
 30
0.0
 40
0.05
  0
CIRCLE
  5
853
330
17
100
AcDbEntity
  8
Ptos_reactivos
100
AcDbCircle
 10
30.84163509047732
 20
37.59092009081598
 30
0.0
 40
0.05
  0
CIRCLE
  5
854
330
17
100
AcDbEntity
  8
Ptos_reactivos
100
AcDbCircle
 10
51.84104517052357
 20
60.86324924533036
 30
0.0
 40
0.05
  0
CIRCLE
  5
855
330
17
100
AcDbEntity
  8
Ptos_reactivos
100
AcDbCircle
 10
41.01482848007882
 20
71.29596826718907
 30
0.0
 40
0.05
  0
CIRCLE
  5
856
330
17
100
AcDbEntity
  8
Ptos_reactivos
100
AcDbCircle
 10
50.224525330293616
 20
22.892033923254488
 30
0.0
 40
0.05
  0
CIRCLE
  5
857
330
17
100
AcDbEntity
  8
Ptos_reactivos
100
AcDbCircle
 10
23.671587965883177
 20
64.29072556589534
 30
0.0
 40
0.05
  0
CIRCLE
  5
858
330
17
100
AcDbEntity
  8
Ptos_reactivos
100
AcDbCircle
 10
15.807090070645463
 20
46.31989954473131
 30
0.0
 40
0.05
  0
CIRCLE
  5
859
330
17
100
AcDbEntity
  8
Ptos_reactivos
100
AcDbCircle
 10
19.672589516651456
 20
6.001253668631712
 30
0.0
 40
0.05
  0
CIRCLE
  5
85A
330
17
100
AcDbEntity
  8
Ptos_reactivos
100
AcDbCircle
 10
8.115504527377082
 20
23.486174606319647
 30
0.0
 40
0.05
  0
CIRCLE
  5
85B
330
17
100
AcDbEntity
  8
Ptos_reactivos
100
AcDbCircle
 10
1.0048270189949193
 20
1.5857479190009072
 30
0.0
 40
0.05
  0
CIRCLE
  5
85C
330
17
100
AcDbEntity
  8
Ptos_reactivos
100
AcDbCircle
 10
45.912963791495564
 20
12.879650098684317
 30
0.0
 40
0.05
  0
CIRCLE
  5
85D
330
17
100
AcDbEntity
  8
Ptos_reactivos
100
AcDbCircle
 10
73.84246932528107
 20
62.557487640601934
 30
0.0
 40
0.05
  0
CIRCLE
  5
85E
330
17
100
AcDbEntity
  8
Ptos_reactivos
100
AcDbCircle
 10
49.22514437908862
 20
23.127044152665505
 30
0.0
 40
0.05
  0
CIRCLE
  5
85F
330
17
100
AcDbEntity
  8
Ptos_reactivos
100
AcDbCircle
 10
23.734639506784173
 20
70.90845828151839
 30
0.0
 40
0.05
  0
CIRCLE
  5
860
330
17
100
AcDbEntity
  8
Ptos_reactivos
100
AcDbCircle
 10
31.786957759466347
 20
0.5701353607648674
 30
0.0
 40
0.05
  0
CIRCLE
  5
861
330
17
100
AcDbEntity
  8
Ptos_reactivos
100
AcDbCircle
 10
16.155290067290824
 20
0.36275211023706344
 30
0.0
 40
0.05
  0
CIRCLE
  5
862
330
17
100
AcDbEntity
  8
Ptos_reactivos
100
AcDbCircle
 10
61.25552562897906
 20
65.59279988326817
 30
0.0
 40
0.05
  0
CIRCLE
  5
863
330
17
100
AcDbEntity
  8
Ptos_reactivos
100
AcDbCircle
 10
20.52756794784955
 20
47.83849177892601
 30
0.0
 40
0.05
  0
CIRCLE
  5
864
330
17
100
AcDbEntity
  8
Ptos_reactivos
100
AcDbCircle
 10
52.22230909350074
 20
1.3801579580096701
 30
0.0
 40
0.05
  0
CIRCLE
  5
865
330
17
100
AcDbEntity
  8
Ptos_reactivos
100
AcDbCircle
 10
18.6864771652521
 20
57.219042832486075
 30
0.0
 40
0.05
  0
CIRCLE
  5
866
330
17
100
AcDbEntity
  8
Ptos_reactivos
100
AcDbCircle
 10
36.60432376763517
 20
1.4269569265491584
 30
0.0
 40
0.05
  0
CIRCLE
  5
867
330
17
100
AcDbEntity
  8
Ptos_reactivos
100
AcDbCircle
 10
49.592151771057594
 20
11.08171735400923
 30
0.0
 40
0.05
  0
CIRCLE
  5
868
330
17
100
AcDbEntity
  8
Ptos_reactivos
100
AcDbCircle
 10
37.92888580618312
 20
3.6186676966660114
 30
0.0
 40
0.05
  0
CIRCLE
  5
869
330
17
100
AcDbEntity
  8
Ptos_reactivos
100
AcDbCircle
 10
33.78860159180993
 20
66.00132825581693
 30
0.0
 40
0.05
  0
CIRCLE
  5
86A
330
17
100
AcDbEntity
  8
Ptos_reactivos
100
AcDbCircle
 10
71.29007361157412
 20
54.82339291518308
 30
0.0
 40
0.05
  0
CIRCLE
  5
86B
330
17
100
AcDbEntity
  8
Ptos_reactivos
100
AcDbCircle
 10
63.36631026147254
 20
49.17186335075029
 30
0.0
 40
0.05
  0
CIRCLE
  5
86C
330
17
100
AcDbEntity
  8
Ptos_reactivos
100
AcDbCircle
 10
67.13111997412729
 20
3.512766091797259
 30
0.0
 40
0.05
  0
CIRCLE
  5
86D
330
17
100
AcDbEntity
  8
Ptos_reactivos
100
AcDbCircle
 10
54.50256386203097
 20
20.346527300206596
 30
0.0
 40
0.05
  0
CIRCLE
  5
86E
330
17
100
AcDbEntity
  8
Ptos_reactivos
100
AcDbCircle
 10
57.958502969969345
 20
51.48829147306685
 30
0.0
 40
0.05
  0
CIRCLE
  5
86F
330
17
100
AcDbEntity
  8
Ptos_reactivos
100
AcDbCircle
 10
23.470837692099316
 20
20.134531064709666
 30
0.0
 40
0.05
  0
CIRCLE
  5
870
330
17
100
AcDbEntity
  8
Ptos_reactivos
100
AcDbCircle
 10
31.837370916610695
 20
71.57795461702473
 30
0.0
 40
0.05
  0
CIRCLE
  5
871
330
17
100
AcDbEntity
  8
Ptos_reactivos
100
AcDbCircle
 10
31.204562091029267
 20
51.54106038962351
 30
0.0
 40
0.05
  0
CIRCLE
  5
872
330
17
100
AcDbEntity
  8
Ptos_reactivos
100
AcDbCircle
 10
2.0231743830537026
 20
56.85832145663965
 30
0.0
 40
0.05
  0
CIRCLE
  5
873
330
17
100
AcDbEntity
  8
Ptos_reactivos
100
AcDbCircle
 10
31.260900183851106
 20
64.14178040477144
 30
0.0
 40
0.05
  0
CIRCLE
  5
874
330
17
100
AcDbEntity
  8
Ptos_reactivos
100
AcDbCircle
 10
13.501120306153991
 20
27.68528658133786
 30
0.0
 40
0.05
  0
CIRCLE
  5
875
330
17
100
AcDbEntity
  8
Ptos_reactivos
100
AcDbCircle
 10
5.232427691667368
 20
9.964662182818781
 30
0.0
 40
0.05
  0
CIRCLE
  5
876
330
17
100
AcDbEntity
  8
Ptos_reactivos
100
AcDbCircle
 10
48.3477661815197
 20
0.8163830335158384
 30
0.0
 40
0.05
  0
CIRCLE
  5
877
330
17
100
AcDbEntity
  8
Ptos_reactivos
100
AcDbCircle
 10
13.154589222733215
 20
44.23045229435098
 30
0.0
 40
0.05
  0
CIRCLE
  5
878
330
17
100
AcDbEntity
  8
Ptos_reactivos
100
AcDbCircle
 10
70.35109339101697
 20
44.98208248138587
 30
0.0
 40
0.05
  0
CIRCLE
  5
879
330
17
100
AcDbEntity
  8
Ptos_reactivos
100
AcDbCircle
 10
34.16325906170587
 20
1.0451366193145546
 30
0.0
 40
0.05
  0
CIRCLE
  5
87A
330
17
100
AcDbEntity
  8
Ptos_reactivos
100
AcDbCircle
 10
62.44235827110967
 20
66.09962207560358
 30
0.0
 40
0.05
  0
CIRCLE
  5
87B
330
17
100
AcDbEntity
  8
Ptos_reactivos
100
AcDbCircle
 10
34.92455027420234
 20
60.93026116281268
 30
0.0
 40
0.05
  0
CIRCLE
  5
87C
330
17
100
AcDbEntity
  8
Ptos_reactivos
100
AcDbCircle
 10
8.537373479925117
 20
59.49544695755613
 30
0.0
 40
0.05
  0
CIRCLE
  5
87D
330
17
100
AcDbEntity
  8
Ptos_reactivos
100
AcDbCircle
 10
38.54622515435346
 20
13.680148362149158
 30
0.0
 40
0.05
  0
CIRCLE
  5
87E
330
17
100
AcDbEntity
  8
Ptos_reactivos
100
AcDbCircle
 10
30.4462157585513
 20
64.42559977921026
 30
0.0
 40
0.05
  0
CIRCLE
  5
87F
330
17
100
AcDbEntity
  8
Ptos_reactivos
100
AcDbCircle
 10
33.87004400541942
 20
32.97213671133241
 30
0.0
 40
0.05
  0
CIRCLE
  5
880
330
17
100
AcDbEntity
  8
Ptos_reactivos
100
AcDbCircle
 10
22.011857540827254
 20
42.553809246683905
 30
0.0
 40
0.05
  0
CIRCLE
  5
881
330
17
100
AcDbEntity
  8
Ptos_reactivos
100
AcDbCircle
 10
68.92043009065576
 20
11.234310111674702
 30
0.0
 40
0.05
  0
CIRCLE
  5
882
330
17
100
AcDbEntity
  8
Ptos_reactivos
100
AcDbCircle
 10
74.35934686021517
 20
26.573114233125107
 30
0.0
 40
0.05
  0
CIRCLE
  5
883
330
17
100
AcDbEntity
  8
Ptos_reactivos
100
AcDbCircle
 10
31.571277940315447
 20
48.22367766815564
 30
0.0
 40
0.05
  0
CIRCLE
  5
884
330
17
100
AcDbEntity
  8
Ptos_reactivos
100
AcDbCircle
 10
12.795499284848763
 20
46.627911938116334
 30
0.0
 40
0.05
  0
CIRCLE
  5
885
330
17
100
AcDbEntity
  8
Ptos_reactivos
100
AcDbCircle
 10
4.663290454978458
 20
40.98393064053767
 30
0.0
 40
0.05
  0
CIRCLE
  5
886
330
17
100
AcDbEntity
  8
Ptos_reactivos
100
AcDbCircle
 10
59.900194687463
 20
51.57158186712476
 30
0.0
 40
0.05
  0
CIRCLE
  5
887
330
17
100
AcDbEntity
  8
Ptos_reactivos
100
AcDbCircle
 10
28.350472832524083
 20
47.24206771447937
 30
0.0
 40
0.05
  0
CIRCLE
  5
888
330
17
100
AcDbEntity
  8
Ptos_reactivos
100
AcDbCircle
 10
69.99871336709724
 20
43.79323936499676
 30
0.0
 40
0.05
  0
CIRCLE
  5
889
330
17
100
AcDbEntity
  8
Ptos_reactivos
100
AcDbCircle
 10
14.45145248831618
 20
5.493762092682525
 30
0.0
 40
0.05
  0
CIRCLE
  5
88A
330
17
100
AcDbEntity
  8
Ptos_reactivos
100
AcDbCircle
 10
29.818646184928607
 20
9.709803651439561
 30
0.0
 40
0.05
  0
CIRCLE
  5
88B
330
17
100
AcDbEntity
  8
Ptos_reactivos
100
AcDbCircle
 10
23.8573875248636
 20
23.74571087487773
 30
0.0
 40
0.05
  0
CIRCLE
  5
88C
330
17
100
AcDbEntity
  8
Ptos_reactivos
100
AcDbCircle
 10
19.47195503222915
 20
31.987092825562257
 30
0.0
 40
0.05
  0
CIRCLE
  5
88D
330
17
100
AcDbEntity
  8
Ptos_reactivos
100
AcDbCircle
 10
12.288426406483154
 20
28.46947039958684
 30
0.0
 40
0.05
  0
CIRCLE
  5
88E
330
17
100
AcDbEntity
  8
Ptos_reactivos
100
AcDbCircle
 10
2.8994157299152667
 20
16.5759114834893
 30
0.0
 40
0.05
  0
CIRCLE
  5
88F
330
17
100
AcDbEntity
  8
Ptos_reactivos
100
AcDbCircle
 10
51.75518569624243
 20
66.85682486892635
 30
0.0
 40
0.05
  0
CIRCLE
  5
890
330
17
100
AcDbEntity
  8
Ptos_reactivos
100
AcDbCircle
 10
49.695030481109235
 20
0.5198328815572834
 30
0.0
 40
0.05
  0
CIRCLE
  5
891
330
17
100
AcDbEntity
  8
Ptos_reactivos
100
AcDbCircle
 10
40.06561920348275
 20
3.078611273463652
 30
0.0
 40
0.05
  0
CIRCLE
  5
892
330
17
100
AcDbEntity
  8
Ptos_reactivos
100
AcDbCircle
 10
72.74268568485358
 20
11.120467565584082
 30
0.0
 40
0.05
  0
CIRCLE
  5
893
330
17
100
AcDbEntity
  8
Ptos_reactivos
100
AcDbCircle
 10
0.8917302992475923
 20
72.8853308036594
 30
0.0
 40
0.05
  0
CIRCLE
  5
894
330
17
100
AcDbEntity
  8
Ptos_reactivos
100
AcDbCircle
 10
70.77329773717584
 20
36.68777973530626
 30
0.0
 40
0.05
  0
CIRCLE
  5
895
330
17
100
AcDbEntity
  8
Ptos_reactivos
100
AcDbCircle
 10
14.287463204536706
 20
34.52061918085441
 30
0.0
 40
0.05
  0
CIRCLE
  5
896
330
17
100
AcDbEntity
  8
Ptos_reactivos
100
AcDbCircle
 10
58.52791352469516
 20
0.8670927708143483
 30
0.0
 40
0.05
  0
CIRCLE
  5
897
330
17
100
AcDbEntity
  8
Ptos_reactivos
100
AcDbCircle
 10
50.25972728633402
 20
0.3405147532888897
 30
0.0
 40
0.05
  0
CIRCLE
  5
898
330
17
100
AcDbEntity
  8
Ptos_reactivos
100
AcDbCircle
 10
23.94747064594018
 20
35.308026106966224
 30
0.0
 40
0.05
  0
CIRCLE
  5
899
330
17
100
AcDbEntity
  8
Ptos_reactivos
100
AcDbCircle
 10
1.0805410689599337
 20
22.361770879416483
 30
0.0
 40
0.05
  0
CIRCLE
  5
89A
330
17
100
AcDbEntity
  8
Ptos_reactivos
100
AcDbCircle
 10
24.598952551201535
 20
22.275054643401972
 30
0.0
 40
0.05
  0
CIRCLE
  5
89B
330
17
100
AcDbEntity
  8
Ptos_reactivos
100
AcDbCircle
 10
21.151355960237954
 20
73.86049066631597
 30
0.0
 40
0.05
  0
CIRCLE
  5
89C
330
17
100
AcDbEntity
  8
Ptos_reactivos
100
AcDbCircle
 10
4.011321969440399
 20
58.337880510124876
 30
0.0
 40
0.05
  0
CIRCLE
  5
89D
330
17
100
AcDbEntity
  8
Ptos_reactivos
100
AcDbCircle
 10
8.945833912131887
 20
73.31922901777492
 30
0.0
 40
0.05
  0
CIRCLE
  5
89E
330
17
100
AcDbEntity
  8
Ptos_reactivos
100
AcDbCircle
 10
2.27908186243021
 20
9.412149005209255
 30
0.0
 40
0.05
  0
CIRCLE
  5
89F
330
17
100
AcDbEntity
  8
Ptos_reactivos
100
AcDbCircle
 10
11.125934505460688
 20
2.605930708970189
 30
0.0
 40
0.05
  0
CIRCLE
  5
8A0
330
17
100
AcDbEntity
  8
Ptos_reactivos
100
AcDbCircle
 10
65.3530374166684
 20
74.74908626871436
 30
0.0
 40
0.05
  0
CIRCLE
  5
8A1
330
17
100
AcDbEntity
  8
Ptos_reactivos
100
AcDbCircle
 10
39.37942545820105
 20
16.621757868759772
 30
0.0
 40
0.05
  0
CIRCLE
  5
8A2
330
17
100
AcDbEntity
  8
Ptos_reactivos
100
AcDbCircle
 10
51.10359873483686
 20
1.257184698681149
 30
0.0
 40
0.05
  0
CIRCLE
  5
8A3
330
17
100
AcDbEntity
  8
Ptos_reactivos
100
AcDbCircle
 10
1.433982801888467
 20
56.69163290508507
 30
0.0
 40
0.05
  0
CIRCLE
  5
8A4
330
17
100
AcDbEntity
  8
Ptos_reactivos
100
AcDbCircle
 10
28.60668169695403
 20
12.27901187338011
 30
0.0
 40
0.05
  0
CIRCLE
  5
8A5
330
17
100
AcDbEntity
  8
Ptos_reactivos
100
AcDbCircle
 10
30.679909152598515
 20
16.515386073579087
 30
0.0
 40
0.05
  0
CIRCLE
  5
8A6
330
17
100
AcDbEntity
  8
Ptos_reactivos
100
AcDbCircle
 10
44.60375706199473
 20
56.97290154990616
 30
0.0
 40
0.05
  0
CIRCLE
  5
8A7
330
17
100
AcDbEntity
  8
Ptos_reactivos
100
AcDbCircle
 10
70.89022683056622
 20
59.08937163729661
 30
0.0
 40
0.05
  0
CIRCLE
  5
8A8
330
17
100
AcDbEntity
  8
Ptos_reactivos
100
AcDbCircle
 10
24.227995054969057
 20
48.22569295149887
 30
0.0
 40
0.05
  0
CIRCLE
  5
8A9
330
17
100
AcDbEntity
  8
Ptos_reactivos
100
AcDbCircle
 10
8.019374318886197
 20
58.9119082167772
 30
0.0
 40
0.05
  0
CIRCLE
  5
8AA
330
17
100
AcDbEntity
  8
Ptos_reactivos
100
AcDbCircle
 10
61.49299984003593
 20
64.11325438215411
 30
0.0
 40
0.05
  0
CIRCLE
  5
8AB
330
17
100
AcDbEntity
  8
Ptos_reactivos
100
AcDbCircle
 10
18.414356366242913
 20
59.05983700861541
 30
0.0
 40
0.05
  0
CIRCLE
  5
8AC
330
17
100
AcDbEntity
  8
Ptos_reactivos
100
AcDbCircle
 10
58.54000006844722
 20
53.80986338980465
 30
0.0
 40
0.05
  0
CIRCLE
  5
8AD
330
17
100
AcDbEntity
  8
Ptos_reactivos
100
AcDbCircle
 10
65.50344889405926
 20
43.322128250388815
 30
0.0
 40
0.05
  0
CIRCLE
  5
8AE
330
17
100
AcDbEntity
  8
Ptos_reactivos
100
AcDbCircle
 10
6.68942617256198
 20
58.779321021488705
 30
0.0
 40
0.05
  0
CIRCLE
  5
8AF
330
17
100
AcDbEntity
  8
Ptos_reactivos
100
AcDbCircle
 10
36.23142212853173
 20
17.21488167077114
 30
0.0
 40
0.05
  0
CIRCLE
  5
8B0
330
17
100
AcDbEntity
  8
Ptos_reactivos
100
AcDbCircle
 10
40.42282628873254
 20
71.36931995125934
 30
0.0
 40
0.05
  0
CIRCLE
  5
8B1
330
17
100
AcDbEntity
  8
Ptos_reactivos
100
AcDbCircle
 10
42.300597211457635
 20
68.35856848313611
 30
0.0
 40
0.05
  0
CIRCLE
  5
8B2
330
17
100
AcDbEntity
  8
Ptos_reactivos
100
AcDbCircle
 10
61.29666388166076
 20
19.97354132066278
 30
0.0
 40
0.05
  0
CIRCLE
  5
8B3
330
17
100
AcDbEntity
  8
Ptos_reactivos
100
AcDbCircle
 10
8.629126336057825
 20
23.142759274424503
 30
0.0
 40
0.05
  0
CIRCLE
  5
8B4
330
17
100
AcDbEntity
  8
Ptos_reactivos
100
AcDbCircle
 10
16.73335618508949
 20
10.389843208579125
 30
0.0
 40
0.05
  0
CIRCLE
  5
8B5
330
17
100
AcDbEntity
  8
Ptos_reactivos
100
AcDbCircle
 10
30.697103713333036
 20
74.34811237552277
 30
0.0
 40
0.05
  0
CIRCLE
  5
8B6
330
17
100
AcDbEntity
  8
Ptos_reactivos
100
AcDbCircle
 10
10.137501039681448
 20
22.973130933113072
 30
0.0
 40
0.05
  0
CIRCLE
  5
8B7
330
17
100
AcDbEntity
  8
Ptos_reactivos
100
AcDbCircle
 10
23.692026522218455
 20
70.47552287056547
 30
0.0
 40
0.05
  0
CIRCLE
  5
8B8
330
17
100
AcDbEntity
  8
Ptos_reactivos
100
AcDbCircle
 10
53.221754104338565
 20
21.18793623259139
 30
0.0
 40
0.05
  0
CIRCLE
  5
8B9
330
17
100
AcDbEntity
  8
Ptos_reactivos
100
AcDbCircle
 10
54.77203318667948
 20
72.9642550822323
 30
0.0
 40
0.05
  0
CIRCLE
  5
8BA
330
17
100
AcDbEntity
  8
Ptos_reactivos
100
AcDbCircle
 10
44.289047258542034
 20
23.690418464694627
 30
0.0
 40
0.05
  0
CIRCLE
  5
8BB
330
17
100
AcDbEntity
  8
Ptos_reactivos
100
AcDbCircle
 10
62.712082778429654
 20
66.08773107256131
 30
0.0
 40
0.05
  0
CIRCLE
  5
8BC
330
17
100
AcDbEntity
  8
Ptos_reactivos
100
AcDbCircle
 10
65.77715499632605
 20
22.961899669336447
 30
0.0
 40
0.05
  0
CIRCLE
  5
8BD
330
17
100
AcDbEntity
  8
Ptos_reactivos
100
AcDbCircle
 10
38.94648651979081
 20
71.55080413595272
 30
0.0
 40
0.05
  0
CIRCLE
  5
8BE
330
17
100
AcDbEntity
  8
Ptos_reactivos
100
AcDbCircle
 10
8.382358398589378
 20
40.44892852110845
 30
0.0
 40
0.05
  0
CIRCLE
  5
8BF
330
17
100
AcDbEntity
  8
Ptos_reactivos
100
AcDbCircle
 10
32.597203074171205
 20
59.088959629717564
 30
0.0
 40
0.05
  0
CIRCLE
  5
8C0
330
17
100
AcDbEntity
  8
Ptos_reactivos
100
AcDbCircle
 10
9.876563367213665
 20
59.48932770108811
 30
0.0
 40
0.05
  0
CIRCLE
  5
8C1
330
17
100
AcDbEntity
  8
Ptos_reactivos
100
AcDbCircle
 10
15.839092252804543
 20
4.328896225337845
 30
0.0
 40
0.05
  0
CIRCLE
  5
8C2
330
17
100
AcDbEntity
  8
Ptos_reactivos
100
AcDbCircle
 10
65.08157098378122
 20
73.22882864454651
 30
0.0
 40
0.05
  0
CIRCLE
  5
8C3
330
17
100
AcDbEntity
  8
Ptos_reactivos
100
AcDbCircle
 10
17.383939468661836
 20
54.86797211209894
 30
0.0
 40
0.05
  0
CIRCLE
  5
8C4
330
17
100
AcDbEntity
  8
Ptos_reactivos
100
AcDbCircle
 10
44.76628124271379
 20
29.760406808001587
 30
0.0
 40
0.05
  0
CIRCLE
  5
8C5
330
17
100
AcDbEntity
  8
Ptos_reactivos
100
AcDbCircle
 10
35.22272370268157
 20
29.817826828715553
 30
0.0
 40
0.05
  0
CIRCLE
  5
8C6
330
17
100
AcDbEntity
  8
Ptos_reactivos
100
AcDbCircle
 10
53.81201575087298
 20
24.97882220455733
 30
0.0
 40
0.05
  0
CIRCLE
  5
8C7
330
17
100
AcDbEntity
  8
Ptos_reactivos
100
AcDbCircle
 10
1.7918706313430288
 20
19.89274385825189
 30
0.0
 40
0.05
  0
CIRCLE
  5
8C8
330
17
100
AcDbEntity
  8
Ptos_reactivos
100
AcDbCircle
 10
62.474358533000846
 20
6.318013545349982
 30
0.0
 40
0.05
  0
CIRCLE
  5
8C9
330
17
100
AcDbEntity
  8
Ptos_reactivos
100
AcDbCircle
 10
34.14023171013154
 20
1.672297265824327
 30
0.0
 40
0.05
  0
CIRCLE
  5
8CA
330
17
100
AcDbEntity
  8
Ptos_reactivos
100
AcDbCircle
 10
66.38640727168698
 20
20.570630509735288
 30
0.0
 40
0.05
  0
CIRCLE
  5
8CB
330
17
100
AcDbEntity
  8
Ptos_reactivos
100
AcDbCircle
 10
17.551408325671254
 20
54.55719788774151
 30
0.0
 40
0.05
  0
CIRCLE
  5
8CC
330
17
100
AcDbEntity
  8
Ptos_reactivos
100
AcDbCircle
 10
14.631868725649202
 20
35.43436430448665
 30
0.0
 40
0.05
  0
CIRCLE
  5
8CD
330
17
100
AcDbEntity
  8
Ptos_reactivos
100
AcDbCircle
 10
30.7558242229862
 20
0.2582748416302877
 30
0.0
 40
0.05
  0
CIRCLE
  5
8CE
330
17
100
AcDbEntity
  8
Ptos_reactivos
100
AcDbCircle
 10
21.21834055822785
 20
70.77998276428677
 30
0.0
 40
0.05
  0
CIRCLE
  5
8CF
330
17
100
AcDbEntity
  8
Ptos_reactivos
100
AcDbCircle
 10
56.188795168595036
 20
1.7242866691903225
 30
0.0
 40
0.05
  0
CIRCLE
  5
8D0
330
17
100
AcDbEntity
  8
Ptos_reactivos
100
AcDbCircle
 10
66.83180144493612
 20
43.36745588229325
 30
0.0
 40
0.05
  0
CIRCLE
  5
8D1
330
17
100
AcDbEntity
  8
Ptos_reactivos
100
AcDbCircle
 10
0.36018192405261606
 20
5.056787102251276
 30
0.0
 40
0.05
  0
CIRCLE
  5
8D2
330
17
100
AcDbEntity
  8
Ptos_reactivos
100
AcDbCircle
 10
14.629445032830452
 20
20.594303458155977
 30
0.0
 40
0.05
  0
CIRCLE
  5
8D3
330
17
100
AcDbEntity
  8
Ptos_reactivos
100
AcDbCircle
 10
26.19302846545238
 20
26.526082811182043
 30
0.0
 40
0.05
  0
CIRCLE
  5
8D4
330
17
100
AcDbEntity
  8
Ptos_reactivos
100
AcDbCircle
 10
2.306587815458011
 20
7.767435360112918
 30
0.0
 40
0.05
  0
CIRCLE
  5
8D5
330
17
100
AcDbEntity
  8
Ptos_reactivos
100
AcDbCircle
 10
52.385647737700786
 20
68.60672490582807
 30
0.0
 40
0.05
  0
CIRCLE
  5
8D6
330
17
100
AcDbEntity
  8
Ptos_reactivos
100
AcDbCircle
 10
40.581596900807305
 20
39.473315128376335
 30
0.0
 40
0.05
  0
CIRCLE
  5
8D7
330
17
100
AcDbEntity
  8
Ptos_reactivos
100
AcDbCircle
 10
61.189115559730034
 20
5.79182257602811
 30
0.0
 40
0.05
  0
CIRCLE
  5
8D8
330
17
100
AcDbEntity
  8
Ptos_reactivos
100
AcDbCircle
 10
47.69935411980674
 20
24.4741999921441
 30
0.0
 40
0.05
  0
CIRCLE
  5
8D9
330
17
100
AcDbEntity
  8
Ptos_reactivos
100
AcDbCircle
 10
24.02815741029795
 20
37.17048585676586
 30
0.0
 40
0.05
  0
CIRCLE
  5
8DA
330
17
100
AcDbEntity
  8
Ptos_reactivos
100
AcDbCircle
 10
25.29825034308909
 20
37.105291206335316
 30
0.0
 40
0.05
  0
CIRCLE
  5
8DB
330
17
100
AcDbEntity
  8
Ptos_reactivos
100
AcDbCircle
 10
7.5534994623339795
 20
23.12264165594515
 30
0.0
 40
0.05
  0
CIRCLE
  5
8DC
330
17
100
AcDbEntity
  8
Ptos_reactivos
100
AcDbCircle
 10
19.625881338226627
 20
74.36903727744937
 30
0.0
 40
0.05
  0
CIRCLE
  5
8DD
330
17
100
AcDbEntity
  8
Ptos_reactivos
100
AcDbCircle
 10
30.961755788931082
 20
62.8901245967768
 30
0.0
 40
0.05
  0
CIRCLE
  5
8DE
330
17
100
AcDbEntity
  8
Ptos_reactivos
100
AcDbCircle
 10
0.3450228900580776
 20
51.82303489907835
 30
0.0
 40
0.05
  0
CIRCLE
  5
8DF
330
17
100
AcDbEntity
  8
Ptos_reactivos
100
AcDbCircle
 10
22.841240958170406
 20
7.973669590191118
 30
0.0
 40
0.05
  0
CIRCLE
  5
8E0
330
17
100
AcDbEntity
  8
Ptos_reactivos
100
AcDbCircle
 10
22.49484239864855
 20
68.49757309012661
 30
0.0
 40
0.05
  0
CIRCLE
  5
8E1
330
17
100
AcDbEntity
  8
Ptos_reactivos
100
AcDbCircle
 10
39.73891565702554
 20
60.96973626040521
 30
0.0
 40
0.05
  0
CIRCLE
  5
8E2
330
17
100
AcDbEntity
  8
Ptos_reactivos
100
AcDbCircle
 10
2.5754460550765494
 20
7.425002799948722
 30
0.0
 40
0.05
  0
CIRCLE
  5
8E3
330
17
100
AcDbEntity
  8
Ptos_reactivos
100
AcDbCircle
 10
0.21030811535336646
 20
29.288595538828776
 30
0.0
 40
0.05
  0
CIRCLE
  5
8E4
330
17
100
AcDbEntity
  8
Ptos_reactivos
100
AcDbCircle
 10
44.73393038013694
 20
10.512118759197698
 30
0.0
 40
0.05
  0
CIRCLE
  5
8E5
330
17
100
AcDbEntity
  8
Ptos_reactivos
100
AcDbCircle
 10
18.399717346983387
 20
55.86094807766478
 30
0.0
 40
0.05
  0
CIRCLE
  5
8E6
330
17
100
AcDbEntity
  8
Ptos_reactivos
100
AcDbCircle
 10
32.03285003588975
 20
69.5140534257203
 30
0.0
 40
0.05
  0
CIRCLE
  5
8E7
330
17
100
AcDbEntity
  8
Ptos_reactivos
100
AcDbCircle
 10
49.678658627240694
 20
74.04493626721623
 30
0.0
 40
0.05
  0
CIRCLE
  5
8E8
330
17
100
AcDbEntity
  8
Ptos_reactivos
100
AcDbCircle
 10
21.28649610321811
 20
67.4580117737839
 30
0.0
 40
0.05
  0
CIRCLE
  5
8E9
330
17
100
AcDbEntity
  8
Ptos_reactivos
100
AcDbCircle
 10
42.98578520165688
 20
29.357536335729904
 30
0.0
 40
0.05
  0
CIRCLE
  5
8EA
330
17
100
AcDbEntity
  8
Ptos_reactivos
100
AcDbCircle
 10
54.87350537884161
 20
29.30406765815276
 30
0.0
 40
0.05
  0
CIRCLE
  5
8EB
330
17
100
AcDbEntity
  8
Ptos_reactivos
100
AcDbCircle
 10
55.44107296279275
 20
9.43563739761291
 30
0.0
 40
0.05
  0
CIRCLE
  5
8EC
330
17
100
AcDbEntity
  8
Ptos_reactivos
100
AcDbCircle
 10
55.43537887099871
 20
32.88609112056251
 30
0.0
 40
0.05
  0
CIRCLE
  5
8ED
330
17
100
AcDbEntity
  8
Ptos_reactivos
100
AcDbCircle
 10
65.2753667156156
 20
48.68002843466055
 30
0.0
 40
0.05
  0
CIRCLE
  5
8EE
330
17
100
AcDbEntity
  8
Ptos_reactivos
100
AcDbCircle
 10
66.14346070477691
 20
33.77164286671379
 30
0.0
 40
0.05
  0
CIRCLE
  5
8EF
330
17
100
AcDbEntity
  8
Ptos_reactivos
100
AcDbCircle
 10
51.73255489465904
 20
74.81481130102114
 30
0.0
 40
0.05
  0
CIRCLE
  5
8F0
330
17
100
AcDbEntity
  8
Ptos_reactivos
100
AcDbCircle
 10
5.1427992208094295
 20
58.45289458213397
 30
0.0
 40
0.05
  0
CIRCLE
  5
8F1
330
17
100
AcDbEntity
  8
Ptos_reactivos
100
AcDbCircle
 10
16.52581309072419
 20
2.129843596984027
 30
0.0
 40
0.05
  0
CIRCLE
  5
8F2
330
17
100
AcDbEntity
  8
Ptos_reactivos
100
AcDbCircle
 10
14.628116570960092
 20
59.427273045025196
 30
0.0
 40
0.05
  0
CIRCLE
  5
8F3
330
17
100
AcDbEntity
  8
Ptos_reactivos
100
AcDbCircle
 10
27.331993496399303
 20
65.12820637336131
 30
0.0
 40
0.05
  0
CIRCLE
  5
8F4
330
17
100
AcDbEntity
  8
Ptos_reactivos
100
AcDbCircle
 10
43.82228312398085
 20
8.081455628065475
 30
0.0
 40
0.05
  0
CIRCLE
  5
8F5
330
17
100
AcDbEntity
  8
Ptos_reactivos
100
AcDbCircle
 10
33.8804197672651
 20
29.134424793011522
 30
0.0
 40
0.05
  0
CIRCLE
  5
8F6
330
17
100
AcDbEntity
  8
Ptos_reactivos
100
AcDbCircle
 10
44.47314017548261
 20
63.02742911256059
 30
0.0
 40
0.05
  0
CIRCLE
  5
8F7
330
17
100
AcDbEntity
  8
Ptos_reactivos
100
AcDbCircle
 10
72.5207014267898
 20
57.37789924537678
 30
0.0
 40
0.05
  0
CIRCLE
  5
8F8
330
17
100
AcDbEntity
  8
Ptos_reactivos
100
AcDbCircle
 10
15.76163267047268
 20
46.052737967898125
 30
0.0
 40
0.05
  0
CIRCLE
  5
8F9
330
17
100
AcDbEntity
  8
Ptos_reactivos
100
AcDbCircle
 10
54.70640517753469
 20
58.44876206840438
 30
0.0
 40
0.05
  0
CIRCLE
  5
8FA
330
17
100
AcDbEntity
  8
Ptos_reactivos
100
AcDbCircle
 10
56.68479322630999
 20
67.68613750803902
 30
0.0
 40
0.05
  0
CIRCLE
  5
8FB
330
17
100
AcDbEntity
  8
Ptos_reactivos
100
AcDbCircle
 10
60.35512566219289
 20
19.62696305400861
 30
0.0
 40
0.05
  0
CIRCLE
  5
8FC
330
17
100
AcDbEntity
  8
Ptos_reactivos
100
AcDbCircle
 10
36.13885112069666
 20
17.375627027571277
 30
0.0
 40
0.05
  0
CIRCLE
  5
8FD
330
17
100
AcDbEntity
  8
Ptos_reactivos
100
AcDbCircle
 10
45.2685969574791
 20
58.346826770556476
 30
0.0
 40
0.05
  0
CIRCLE
  5
8FE
330
17
100
AcDbEntity
  8
Ptos_reactivos
100
AcDbCircle
 10
73.48847254413026
 20
8.340506244207068
 30
0.0
 40
0.05
  0
CIRCLE
  5
8FF
330
17
100
AcDbEntity
  8
Ptos_reactivos
100
AcDbCircle
 10
61.98794571254354
 20
66.23160523382955
 30
0.0
 40
0.05
  0
CIRCLE
  5
900
330
17
100
AcDbEntity
  8
Ptos_reactivos
100
AcDbCircle
 10
45.97384347474652
 20
56.26662824102412
 30
0.0
 40
0.05
  0
CIRCLE
  5
901
330
17
100
AcDbEntity
  8
Ptos_reactivos
100
AcDbCircle
 10
69.39551456082754
 20
74.66306291408985
 30
0.0
 40
0.05
  0
CIRCLE
  5
902
330
17
100
AcDbEntity
  8
Ptos_reactivos
100
AcDbCircle
 10
46.810842441064864
 20
10.89252130630567
 30
0.0
 40
0.05
  0
CIRCLE
  5
903
330
17
100
AcDbEntity
  8
Ptos_reactivos
100
AcDbCircle
 10
2.3916081805793326
 20
15.132454243410281
 30
0.0
 40
0.05
  0
CIRCLE
  5
904
330
17
100
AcDbEntity
  8
Ptos_reactivos
100
AcDbCircle
 10
14.937139668616398
 20
18.582727468242993
 30
0.0
 40
0.05
  0
CIRCLE
  5
905
330
17
100
AcDbEntity
  8
Ptos_reactivos
100
AcDbCircle
 10
70.75330613015298
 20
37.46912033191882
 30
0.0
 40
0.05
  0
CIRCLE
  5
906
330
17
100
AcDbEntity
  8
Ptos_reactivos
100
AcDbCircle
 10
49.95098757714501
 20
66.18745771814052
 30
0.0
 40
0.05
  0
CIRCLE
  5
907
330
17
100
AcDbEntity
  8
Ptos_reactivos
100
AcDbCircle
 10
50.82039788119935
 20
21.98278340287167
 30
0.0
 40
0.05
  0
CIRCLE
  5
908
330
17
100
AcDbEntity
  8
Ptos_reactivos
100
AcDbCircle
 10
36.77991425689061
 20
11.199242070308674
 30
0.0
 40
0.05
  0
CIRCLE
  5
909
330
17
100
AcDbEntity
  8
Ptos_reactivos
100
AcDbCircle
 10
36.025073447932634
 20
42.52108614585373
 30
0.0
 40
0.05
  0
CIRCLE
  5
90A
330
17
100
AcDbEntity
  8
Ptos_reactivos
100
AcDbCircle
 10
28.058420925298993
 20
33.72037610945769
 30
0.0
 40
0.05
  0
CIRCLE
  5
90B
330
17
100
AcDbEntity
  8
Ptos_reactivos
100
AcDbCircle
 10
59.695299076749514
 20
50.228305187585775
 30
0.0
 40
0.05
  0
CIRCLE
  5
90C
330
17
100
AcDbEntity
  8
Ptos_reactivos
100
AcDbCircle
 10
26.57045561521616
 20
27.105479576723013
 30
0.0
 40
0.05
  0
CIRCLE
  5
90D
330
17
100
AcDbEntity
  8
Ptos_reactivos
100
AcDbCircle
 10
58.97790106434575
 20
2.981877605114608
 30
0.0
 40
0.05
  0
CIRCLE
  5
90E
330
17
100
AcDbEntity
  8
Ptos_reactivos
100
AcDbCircle
 10
28.314817773289093
 20
4.451842114248775
 30
0.0
 40
0.05
  0
CIRCLE
  5
90F
330
17
100
AcDbEntity
  8
Ptos_reactivos
100
AcDbCircle
 10
61.09335590921111
 20
63.58428358529317
 30
0.0
 40
0.05
  0
CIRCLE
  5
910
330
17
100
AcDbEntity
  8
Ptos_reactivos
100
AcDbCircle
 10
28.62260229716196
 20
25.350985005843345
 30
0.0
 40
0.05
  0
CIRCLE
  5
911
330
17
100
AcDbEntity
  8
Ptos_reactivos
100
AcDbCircle
 10
11.207523681290851
 20
61.150570959950194
 30
0.0
 40
0.05
  0
CIRCLE
  5
912
330
17
100
AcDbEntity
  8
Ptos_reactivos
100
AcDbCircle
 10
0.7963728154441102
 20
37.37970569772705
 30
0.0
 40
0.05
  0
CIRCLE
  5
913
330
17
100
AcDbEntity
  8
Ptos_reactivos
100
AcDbCircle
 10
29.393125556546224
 20
12.884068407064886
 30
0.0
 40
0.05
  0
CIRCLE
  5
914
330
17
100
AcDbEntity
  8
Ptos_reactivos
100
AcDbCircle
 10
72.20543870412325
 20
9.327197688283054
 30
0.0
 40
0.05
  0
CIRCLE
  5
915
330
17
100
AcDbEntity
  8
Ptos_reactivos
100
AcDbCircle
 10
47.618360114344064
 20
59.12164257835816
 30
0.0
 40
0.05
  0
CIRCLE
  5
916
330
17
100
AcDbEntity
  8
Ptos_reactivos
100
AcDbCircle
 10
61.96002433972921
 20
63.529306187096985
 30
0.0
 40
0.05
  0
CIRCLE
  5
917
330
17
100
AcDbEntity
  8
Ptos_reactivos
100
AcDbCircle
 10
26.835140916601947
 20
48.987788665511545
 30
0.0
 40
0.05
  0
CIRCLE
  5
918
330
17
100
AcDbEntity
  8
Ptos_reactivos
100
AcDbCircle
 10
19.23264390961895
 20
58.26241251918431
 30
0.0
 40
0.05
  0
CIRCLE
  5
919
330
17
100
AcDbEntity
  8
Ptos_reactivos
100
AcDbCircle
 10
18.87831783357255
 20
5.935079825245667
 30
0.0
 40
0.05
  0
CIRCLE
  5
91A
330
17
100
AcDbEntity
  8
Ptos_reactivos
100
AcDbCircle
 10
53.6211966720708
 20
24.34547058313098
 30
0.0
 40
0.05
  0
CIRCLE
  5
91B
330
17
100
AcDbEntity
  8
Ptos_reactivos
100
AcDbCircle
 10
36.19130708342318
 20
46.23769758043081
 30
0.0
 40
0.05
  0
CIRCLE
  5
91C
330
17
100
AcDbEntity
  8
Ptos_reactivos
100
AcDbCircle
 10
66.09858797356537
 20
21.640653746857456
 30
0.0
 40
0.05
  0
CIRCLE
  5
91D
330
17
100
AcDbEntity
  8
Ptos_reactivos
100
AcDbCircle
 10
43.41844421961962
 20
5.414094523344665
 30
0.0
 40
0.05
  0
CIRCLE
  5
91E
330
17
100
AcDbEntity
  8
Ptos_reactivos
100
AcDbCircle
 10
71.42918884872589
 20
47.75223233226811
 30
0.0
 40
0.05
  0
CIRCLE
  5
91F
330
17
100
AcDbEntity
  8
Ptos_reactivos
100
AcDbCircle
 10
29.76106896801237
 20
47.816407212227496
 30
0.0
 40
0.05
  0
CIRCLE
  5
920
330
17
100
AcDbEntity
  8
Ptos_reactivos
100
AcDbCircle
 10
28.51381202573398
 20
23.118910406692496
 30
0.0
 40
0.05
  0
CIRCLE
  5
921
330
17
100
AcDbEntity
  8
Ptos_reactivos
100
AcDbCircle
 10
10.086461871449531
 20
42.14414671154486
 30
0.0
 40
0.05
  0
CIRCLE
  5
922
330
17
100
AcDbEntity
  8
Ptos_reactivos
100
AcDbCircle
 10
46.81969081309137
 20
33.3742962596435
 30
0.0
 40
0.05
  0
CIRCLE
  5
923
330
17
100
AcDbEntity
  8
Ptos_reactivos
100
AcDbCircle
 10
31.060323370786474
 20
2.2993303268141
 30
0.0
 40
0.05
  0
CIRCLE
  5
924
330
17
100
AcDbEntity
  8
Ptos_reactivos
100
AcDbCircle
 10
73.93328511673207
 20
39.58873129412344
 30
0.0
 40
0.05
  0
CIRCLE
  5
925
330
17
100
AcDbEntity
  8
Ptos_reactivos
100
AcDbCircle
 10
11.295921872286705
 20
39.010950876445044
 30
0.0
 40
0.05
  0
CIRCLE
  5
926
330
17
100
AcDbEntity
  8
Ptos_reactivos
100
AcDbCircle
 10
4.207260210392749
 20
27.0323027285317
 30
0.0
 40
0.05
  0
CIRCLE
  5
927
330
17
100
AcDbEntity
  8
Ptos_reactivos
100
AcDbCircle
 10
40.945975129246946
 20
42.87777148653758
 30
0.0
 40
0.05
  0
CIRCLE
  5
928
330
17
100
AcDbEntity
  8
Ptos_reactivos
100
AcDbCircle
 10
28.385558374573666
 20
27.85355050226284
 30
0.0
 40
0.05
  0
CIRCLE
  5
929
330
17
100
AcDbEntity
  8
Ptos_reactivos
100
AcDbCircle
 10
33.750997376655086
 20
29.58918144479272
 30
0.0
 40
0.05
  0
CIRCLE
  5
92A
330
17
100
AcDbEntity
  8
Ptos_reactivos
100
AcDbCircle
 10
18.5369177228125
 20
30.155921647997296
 30
0.0
 40
0.05
  0
CIRCLE
  5
92B
330
17
100
AcDbEntity
  8
Ptos_reactivos
100
AcDbCircle
 10
73.43433846819163
 20
37.98879945830486
 30
0.0
 40
0.05
  0
CIRCLE
  5
92C
330
17
100
AcDbEntity
  8
Ptos_reactivos
100
AcDbCircle
 10
46.85215310620436
 20
49.553279913788025
 30
0.0
 40
0.05
  0
CIRCLE
  5
92D
330
17
100
AcDbEntity
  8
Ptos_reactivos
100
AcDbCircle
 10
59.12729566864446
 20
69.43529784033103
 30
0.0
 40
0.05
  0
CIRCLE
  5
92E
330
17
100
AcDbEntity
  8
Ptos_reactivos
100
AcDbCircle
 10
30.796596068850157
 20
53.706530974553786
 30
0.0
 40
0.05
  0
CIRCLE
  5
92F
330
17
100
AcDbEntity
  8
Ptos_reactivos
100
AcDbCircle
 10
28.102928566947458
 20
9.872458232642673
 30
0.0
 40
0.05
  0
CIRCLE
  5
930
330
17
100
AcDbEntity
  8
Ptos_reactivos
100
AcDbCircle
 10
36.2834542016707
 20
30.472082151892028
 30
0.0
 40
0.05
  0
CIRCLE
  5
931
330
17
100
AcDbEntity
  8
Ptos_reactivos
100
AcDbCircle
 10
32.89329621051961
 20
68.5276785599452
 30
0.0
 40
0.05
  0
CIRCLE
  5
932
330
17
100
AcDbEntity
  8
Ptos_reactivos
100
AcDbCircle
 10
15.426669221528233
 20
57.45115891283392
 30
0.0
 40
0.05
  0
CIRCLE
  5
933
330
17
100
AcDbEntity
  8
Ptos_reactivos
100
AcDbCircle
 10
22.585565615804896
 20
67.63243068411002
 30
0.0
 40
0.05
  0
CIRCLE
  5
934
330
17
100
AcDbEntity
  8
Ptos_reactivos
100
AcDbCircle
 10
52.89679562191832
 20
72.27220823655763
 30
0.0
 40
0.05
  0
CIRCLE
  5
935
330
17
100
AcDbEntity
  8
Ptos_reactivos
100
AcDbCircle
 10
32.60669164955985
 20
7.347367039642783
 30
0.0
 40
0.05
  0
CIRCLE
  5
936
330
17
100
AcDbEntity
  8
Ptos_reactivos
100
AcDbCircle
 10
70.77855378163517
 20
61.62190713657285
 30
0.0
 40
0.05
  0
CIRCLE
  5
937
330
17
100
AcDbEntity
  8
Ptos_reactivos
100
AcDbCircle
 10
60.08440165345916
 20
2.19684877451084
 30
0.0
 40
0.05
  0
CIRCLE
  5
938
330
17
100
AcDbEntity
  8
Ptos_reactivos
100
AcDbCircle
 10
40.101657233306675
 20
49.532906316021155
 30
0.0
 40
0.05
  0
CIRCLE
  5
939
330
17
100
AcDbEntity
  8
Ptos_reactivos
100
AcDbCircle
 10
42.68641915496237
 20
20.872362122218
 30
0.0
 40
0.05
  0
CIRCLE
  5
93A
330
17
100
AcDbEntity
  8
Ptos_reactivos
100
AcDbCircle
 10
64.89800238504344
 20
11.512423060912514
 30
0.0
 40
0.05
  0
CIRCLE
  5
93B
330
17
100
AcDbEntity
  8
Ptos_reactivos
100
AcDbCircle
 10
27.765947812743562
 20
30.900285683846764
 30
0.0
 40
0.05
  0
CIRCLE
  5
93C
330
17
100
AcDbEntity
  8
Ptos_reactivos
100
AcDbCircle
 10
43.74145649772877
 20
0.9012925981971287
 30
0.0
 40
0.05
  0
CIRCLE
  5
93D
330
17
100
AcDbEntity
  8
Ptos_reactivos
100
AcDbCircle
 10
38.9158908275251
 20
6.251082156261337
 30
0.0
 40
0.05
  0
CIRCLE
  5
93E
330
17
100
AcDbEntity
  8
Ptos_reactivos
100
AcDbCircle
 10
49.53482075450739
 20
65.08332445697367
 30
0.0
 40
0.05
  0
CIRCLE
  5
93F
330
17
100
AcDbEntity
  8
Ptos_reactivos
100
AcDbCircle
 10
0.14624561197444097
 20
42.622364490329275
 30
0.0
 40
0.05
  0
CIRCLE
  5
940
330
17
100
AcDbEntity
  8
Ptos_reactivos
100
AcDbCircle
 10
60.43731798749715
 20
1.0176028140579219
 30
0.0
 40
0.05
  0
CIRCLE
  5
941
330
17
100
AcDbEntity
  8
Ptos_reactivos
100
AcDbCircle
 10
18.247327924944777
 20
7.6626770619640965
 30
0.0
 40
0.05
  0
CIRCLE
  5
942
330
17
100
AcDbEntity
  8
Ptos_reactivos
100
AcDbCircle
 10
0.10606269652825573
 20
62.32471568718292
 30
0.0
 40
0.05
  0
CIRCLE
  5
943
330
17
100
AcDbEntity
  8
Ptos_reactivos
100
AcDbCircle
 10
29.06955740719976
 20
54.186693472505034
 30
0.0
 40
0.05
  0
CIRCLE
  5
944
330
17
100
AcDbEntity
  8
Ptos_reactivos
100
AcDbCircle
 10
14.243348265801673
 20
61.07276827633656
 30
0.0
 40
0.05
  0
CIRCLE
  5
945
330
17
100
AcDbEntity
  8
Ptos_reactivos
100
AcDbCircle
 10
32.16535503875641
 20
60.21081575885248
 30
0.0
 40
0.05
  0
CIRCLE
  5
946
330
17
100
AcDbEntity
  8
Ptos_reactivos
100
AcDbCircle
 10
37.69702878131348
 20
1.8818787109052133
 30
0.0
 40
0.05
  0
CIRCLE
  5
947
330
17
100
AcDbEntity
  8
Ptos_reactivos
100
AcDbCircle
 10
67.14320031504354
 20
43.396697065353045
 30
0.0
 40
0.05
  0
CIRCLE
  5
948
330
17
100
AcDbEntity
  8
Ptos_reactivos
100
AcDbCircle
 10
11.96325498550019
 20
21.22623398034983
 30
0.0
 40
0.05
  0
CIRCLE
  5
949
330
17
100
AcDbEntity
  8
Ptos_reactivos
100
AcDbCircle
 10
56.99895471957488
 20
40.46412831035095
 30
0.0
 40
0.05
  0
CIRCLE
  5
94A
330
17
100
AcDbEntity
  8
Ptos_reactivos
100
AcDbCircle
 10
2.5430163613724384
 20
17.374887858839553
 30
0.0
 40
0.05
  0
CIRCLE
  5
94B
330
17
100
AcDbEntity
  8
Ptos_reactivos
100
AcDbCircle
 10
18.907846819637907
 20
20.388578425990477
 30
0.0
 40
0.05
  0
CIRCLE
  5
94C
330
17
100
AcDbEntity
  8
Ptos_reactivos
100
AcDbCircle
 10
26.821950292851618
 20
23.357256195223457
 30
0.0
 40
0.05
  0
CIRCLE
  5
94D
330
17
100
AcDbEntity
  8
Ptos_reactivos
100
AcDbCircle
 10
29.9867238202048
 20
16.85384387310762
 30
0.0
 40
0.05
  0
CIRCLE
  5
94E
330
17
100
AcDbEntity
  8
Ptos_reactivos
100
AcDbCircle
 10
0.1442398650046861
 20
54.931329526594304
 30
0.0
 40
0.05
  0
CIRCLE
  5
94F
330
17
100
AcDbEntity
  8
Ptos_reactivos
100
AcDbCircle
 10
72.42047116450314
 20
61.6444194164601
 30
0.0
 40
0.05
  0
CIRCLE
  5
950
330
17
100
AcDbEntity
  8
Ptos_reactivos
100
AcDbCircle
 10
30.62219538590641
 20
74.50982013401193
 30
0.0
 40
0.05
  0
CIRCLE
  5
951
330
17
100
AcDbEntity
  8
Ptos_reactivos
100
AcDbCircle
 10
50.555342646181664
 20
12.18455278129209
 30
0.0
 40
0.05
  0
CIRCLE
  5
952
330
17
100
AcDbEntity
  8
Ptos_reactivos
100
AcDbCircle
 10
60.889959198946784
 20
66.56413691127722
 30
0.0
 40
0.05
  0
CIRCLE
  5
953
330
17
100
AcDbEntity
  8
Ptos_reactivos
100
AcDbCircle
 10
28.021370504795154
 20
60.98532983860519
 30
0.0
 40
0.05
  0
CIRCLE
  5
954
330
17
100
AcDbEntity
  8
Ptos_reactivos
100
AcDbCircle
 10
23.38187614068125
 20
60.82054411764467
 30
0.0
 40
0.05
  0
CIRCLE
  5
955
330
17
100
AcDbEntity
  8
Ptos_reactivos
100
AcDbCircle
 10
33.037129218654876
 20
58.92787470281479
 30
0.0
 40
0.05
  0
CIRCLE
  5
956
330
17
100
AcDbEntity
  8
Ptos_reactivos
100
AcDbCircle
 10
70.70535442455319
 20
54.21800214844263
 30
0.0
 40
0.05
  0
CIRCLE
  5
957
330
17
100
AcDbEntity
  8
Ptos_reactivos
100
AcDbCircle
 10
35.41833435751039
 20
17.323450881511544
 30
0.0
 40
0.05
  0
CIRCLE
  5
958
330
17
100
AcDbEntity
  8
Ptos_reactivos
100
AcDbCircle
 10
0.95692368487309
 20
53.780709985609136
 30
0.0
 40
0.05
  0
CIRCLE
  5
959
330
17
100
AcDbEntity
  8
Ptos_reactivos
100
AcDbCircle
 10
38.862152151844626
 20
61.31348245431474
 30
0.0
 40
0.05
  0
CIRCLE
  5
95A
330
17
100
AcDbEntity
  8
Ptos_reactivos
100
AcDbCircle
 10
31.02232980406781
 20
26.02354306957601
 30
0.0
 40
0.05
  0
CIRCLE
  5
95B
330
17
100
AcDbEntity
  8
Ptos_reactivos
100
AcDbCircle
 10
73.20571930247306
 20
0.9513241921154048
 30
0.0
 40
0.05
  0
CIRCLE
  5
95C
330
17
100
AcDbEntity
  8
Ptos_reactivos
100
AcDbCircle
 10
65.53628110211932
 20
5.336567085439825
 30
0.0
 40
0.05
  0
CIRCLE
  5
95D
330
17
100
AcDbEntity
  8
Ptos_reactivos
100
AcDbCircle
 10
36.973946014899504
 20
42.63730945481525
 30
0.0
 40
0.05
  0
CIRCLE
  5
95E
330
17
100
AcDbEntity
  8
Ptos_reactivos
100
AcDbCircle
 10
32.56608499531435
 20
37.75812477088571
 30
0.0
 40
0.05
  0
CIRCLE
  5
95F
330
17
100
AcDbEntity
  8
Ptos_reactivos
100
AcDbCircle
 10
68.27627946464808
 20
46.62481433639892
 30
0.0
 40
0.05
  0
CIRCLE
  5
960
330
17
100
AcDbEntity
  8
Ptos_reactivos
100
AcDbCircle
 10
5.788372747225543
 20
26.59462326609458
 30
0.0
 40
0.05
  0
CIRCLE
  5
961
330
17
100
AcDbEntity
  8
Ptos_reactivos
100
AcDbCircle
 10
12.934362722778065
 20
74.9015112773278
 30
0.0
 40
0.05
  0
CIRCLE
  5
962
330
17
100
AcDbEntity
  8
Ptos_reactivos
100
AcDbCircle
 10
19.780060208474335
 20
7.526476841311114
 30
0.0
 40
0.05
  0
CIRCLE
  5
963
330
17
100
AcDbEntity
  8
Ptos_reactivos
100
AcDbCircle
 10
62.47104396392987
 20
66.59101980120349
 30
0.0
 40
0.05
  0
CIRCLE
  5
964
330
17
100
AcDbEntity
  8
Ptos_reactivos
100
AcDbCircle
 10
10.01914606568566
 20
59.01387912552912
 30
0.0
 40
0.05
  0
CIRCLE
  5
965
330
17
100
AcDbEntity
  8
Ptos_reactivos
100
AcDbCircle
 10
56.95700026641239
 20
53.94027289041077
 30
0.0
 40
0.05
  0
CIRCLE
  5
966
330
17
100
AcDbEntity
  8
Ptos_reactivos
100
AcDbCircle
 10
20.649625688132804
 20
46.847980904457145
 30
0.0
 40
0.05
  0
CIRCLE
  5
967
330
17
100
AcDbEntity
  8
Ptos_reactivos
100
AcDbCircle
 10
69.9404260713063
 20
1.1328862270377271
 30
0.0
 40
0.05
  0
CIRCLE
  5
968
330
17
100
AcDbEntity
  8
Ptos_reactivos
100
AcDbCircle
 10
73.67449112839815
 20
39.06216028717473
 30
0.0
 40
0.05
  0
CIRCLE
  5
969
330
17
100
AcDbEntity
  8
Ptos_reactivos
100
AcDbCircle
 10
38.75786634092916
 20
44.70657264724284
 30
0.0
 40
0.05
  0
CIRCLE
  5
96A
330
17
100
AcDbEntity
  8
Ptos_reactivos
100
AcDbCircle
 10
5.2299428915538435
 20
22.738006223826552
 30
0.0
 40
0.05
  0
CIRCLE
  5
96B
330
17
100
AcDbEntity
  8
Ptos_reactivos
100
AcDbCircle
 10
30.777325736044617
 20
11.194262648621095
 30
0.0
 40
0.05
  0
CIRCLE
  5
96C
330
17
100
AcDbEntity
  8
Ptos_reactivos
100
AcDbCircle
 10
47.33590270297631
 20
10.097087621693776
 30
0.0
 40
0.05
  0
CIRCLE
  5
96D
330
17
100
AcDbEntity
  8
Ptos_reactivos
100
AcDbCircle
 10
1.3199832485516594
 20
25.4788594317349
 30
0.0
 40
0.05
  0
CIRCLE
  5
96E
330
17
100
AcDbEntity
  8
Ptos_reactivos
100
AcDbCircle
 10
47.41663491235414
 20
51.81607986324402
 30
0.0
 40
0.05
  0
CIRCLE
  5
96F
330
17
100
AcDbEntity
  8
Ptos_reactivos
100
AcDbCircle
 10
37.81625135760362
 20
0.8266062396750262
 30
0.0
 40
0.05
  0
CIRCLE
  5
970
330
17
100
AcDbEntity
  8
Ptos_reactivos
100
AcDbCircle
 10
32.15289048971963
 20
62.866795484587335
 30
0.0
 40
0.05
  0
CIRCLE
  5
971
330
17
100
AcDbEntity
  8
Ptos_reactivos
100
AcDbCircle
 10
21.51788597125341
 20
7.772120964639321
 30
0.0
 40
0.05
  0
CIRCLE
  5
972
330
17
100
AcDbEntity
  8
Ptos_reactivos
100
AcDbCircle
 10
26.123839412886475
 20
61.494868693048886
 30
0.0
 40
0.05
  0
CIRCLE
  5
973
330
17
100
AcDbEntity
  8
Ptos_reactivos
100
AcDbCircle
 10
57.23596198347682
 20
2.550775633474825
 30
0.0
 40
0.05
  0
CIRCLE
  5
974
330
17
100
AcDbEntity
  8
Ptos_reactivos
100
AcDbCircle
 10
17.26718157052979
 20
1.4512874524382409
 30
0.0
 40
0.05
  0
CIRCLE
  5
975
330
17
100
AcDbEntity
  8
Ptos_reactivos
100
AcDbCircle
 10
26.835025874065515
 20
63.488913516490925
 30
0.0
 40
0.05
  0
CIRCLE
  5
976
330
17
100
AcDbEntity
  8
Ptos_reactivos
100
AcDbCircle
 10
74.02315245424415
 20
4.142470325392364
 30
0.0
 40
0.05
  0
CIRCLE
  5
977
330
17
100
AcDbEntity
  8
Ptos_reactivos
100
AcDbCircle
 10
3.539437956671257
 20
24.82461529035405
 30
0.0
 40
0.05
  0
CIRCLE
  5
978
330
17
100
AcDbEntity
  8
Ptos_reactivos
100
AcDbCircle
 10
29.071679969377506
 20
61.68244509068922
 30
0.0
 40
0.05
  0
CIRCLE
  5
979
330
17
100
AcDbEntity
  8
Ptos_reactivos
100
AcDbCircle
 10
17.758332408542795
 20
2.6474746951672126
 30
0.0
 40
0.05
  0
CIRCLE
  5
97A
330
17
100
AcDbEntity
  8
Ptos_reactivos
100
AcDbCircle
 10
65.59829015886453
 20
32.21170032125287
 30
0.0
 40
0.05
  0
CIRCLE
  5
97B
330
17
100
AcDbEntity
  8
Ptos_reactivos
100
AcDbCircle
 10
46.12847788579684
 20
31.436119512813338
 30
0.0
 40
0.05
  0
CIRCLE
  5
97C
330
17
100
AcDbEntity
  8
Ptos_reactivos
100
AcDbCircle
 10
29.630082635973107
 20
61.244314618617544
 30
0.0
 40
0.05
  0
CIRCLE
  5
97D
330
17
100
AcDbEntity
  8
Ptos_reactivos
100
AcDbCircle
 10
8.924356041691672
 20
15.8490403829783
 30
0.0
 40
0.05
  0
CIRCLE
  5
97E
330
17
100
AcDbEntity
  8
Ptos_reactivos
100
AcDbCircle
 10
10.145410588385548
 20
23.81094933378355
 30
0.0
 40
0.05
  0
CIRCLE
  5
97F
330
17
100
AcDbEntity
  8
Ptos_reactivos
100
AcDbCircle
 10
39.06121080156984
 20
44.43625968736186
 30
0.0
 40
0.05
  0
CIRCLE
  5
980
330
17
100
AcDbEntity
  8
Ptos_reactivos
100
AcDbCircle
 10
12.483309830927992
 20
61.83831654916427
 30
0.0
 40
0.05
  0
CIRCLE
  5
981
330
17
100
AcDbEntity
  8
Ptos_reactivos
100
AcDbCircle
 10
34.24002333857694
 20
67.62283032931538
 30
0.0
 40
0.05
  0
CIRCLE
  5
982
330
17
100
AcDbEntity
  8
Ptos_reactivos
100
AcDbCircle
 10
21.347554905684238
 20
46.64538169068368
 30
0.0
 40
0.05
  0
CIRCLE
  5
983
330
17
100
AcDbEntity
  8
Ptos_reactivos
100
AcDbCircle
 10
2.1576071758028115
 20
16.31019074320187
 30
0.0
 40
0.05
  0
CIRCLE
  5
984
330
17
100
AcDbEntity
  8
Ptos_reactivos
100
AcDbCircle
 10
30.135383238111775
 20
17.017730222370574
 30
0.0
 40
0.05
  0
CIRCLE
  5
985
330
17
100
AcDbEntity
  8
Ptos_reactivos
100
AcDbCircle
 10
24.275139722106235
 20
59.786395854892795
 30
0.0
 40
0.05
  0
CIRCLE
  5
986
330
17
100
AcDbEntity
  8
Ptos_reactivos
100
AcDbCircle
 10
37.5098421745131
 20
43.77805290211193
 30
0.0
 40
0.05
  0
CIRCLE
  5
987
330
17
100
AcDbEntity
  8
Ptos_reactivos
100
AcDbCircle
 10
59.074215667893
 20
73.10722518027099
 30
0.0
 40
0.05
  0
CIRCLE
  5
988
330
17
100
AcDbEntity
  8
Ptos_reactivos
100
AcDbCircle
 10
13.681626150885748
 20
28.31355750935157
 30
0.0
 40
0.05
  0
CIRCLE
  5
989
330
17
100
AcDbEntity
  8
Ptos_reactivos
100
AcDbCircle
 10
61.946885137936526
 20
61.6438556738585
 30
0.0
 40
0.05
  0
CIRCLE
  5
98A
330
17
100
AcDbEntity
  8
Ptos_reactivos
100
AcDbCircle
 10
37.949113677804164
 20
13.41957542009622
 30
0.0
 40
0.05
  0
CIRCLE
  5
98B
330
17
100
AcDbEntity
  8
Ptos_reactivos
100
AcDbCircle
 10
1.2790262514294326
 20
19.017386254685427
 30
0.0
 40
0.05
  0
CIRCLE
  5
98C
330
17
100
AcDbEntity
  8
Ptos_reactivos
100
AcDbCircle
 10
8.629212045280143
 20
61.2396096651245
 30
0.0
 40
0.05
  0
CIRCLE
  5
98D
330
17
100
AcDbEntity
  8
Ptos_reactivos
100
AcDbCircle
 10
72.07882180119523
 20
15.538819960178571
 30
0.0
 40
0.05
  0
CIRCLE
  5
98E
330
17
100
AcDbEntity
  8
Ptos_reactivos
100
AcDbCircle
 10
10.469786601317537
 20
61.10478489488145
 30
0.0
 40
0.05
  0
CIRCLE
  5
98F
330
17
100
AcDbEntity
  8
Ptos_reactivos
100
AcDbCircle
 10
1.012150183294061
 20
8.66059383542497
 30
0.0
 40
0.05
  0
CIRCLE
  5
990
330
17
100
AcDbEntity
  8
Ptos_reactivos
100
AcDbCircle
 10
74.4786796931818
 20
27.45048646123507
 30
0.0
 40
0.05
  0
CIRCLE
  5
991
330
17
100
AcDbEntity
  8
Ptos_reactivos
100
AcDbCircle
 10
0.7973760821118447
 20
28.43435953491564
 30
0.0
 40
0.05
  0
CIRCLE
  5
992
330
17
100
AcDbEntity
  8
Ptos_reactivos
100
AcDbCircle
 10
23.6550360704147
 20
74.76899406075778
 30
0.0
 40
0.05
  0
CIRCLE
  5
993
330
17
100
AcDbEntity
  8
Ptos_reactivos
100
AcDbCircle
 10
57.151877756064565
 20
44.64267629072159
 30
0.0
 40
0.05
  0
CIRCLE
  5
994
330
17
100
AcDbEntity
  8
Ptos_reactivos
100
AcDbCircle
 10
22.450591400695018
 20
44.407972166870074
 30
0.0
 40
0.05
  0
CIRCLE
  5
995
330
17
100
AcDbEntity
  8
Ptos_reactivos
100
AcDbCircle
 10
0.06297419442628516
 20
41.461924892902886
 30
0.0
 40
0.05
  0
CIRCLE
  5
996
330
17
100
AcDbEntity
  8
Ptos_reactivos
100
AcDbCircle
 10
12.013031388701725
 20
32.0566591910997
 30
0.0
 40
0.05
  0
CIRCLE
  5
997
330
17
100
AcDbEntity
  8
Ptos_reactivos
100
AcDbCircle
 10
1.0292653002238112
 20
66.52601819363235
 30
0.0
 40
0.05
  0
CIRCLE
  5
998
330
17
100
AcDbEntity
  8
Ptos_reactivos
100
AcDbCircle
 10
30.307867486464517
 20
7.0000066315308445
 30
0.0
 40
0.05
  0
CIRCLE
  5
999
330
17
100
AcDbEntity
  8
Ptos_reactivos
100
AcDbCircle
 10
25.343897954447907
 20
60.65416762515793
 30
0.0
 40
0.05
  0
CIRCLE
  5
99A
330
17
100
AcDbEntity
  8
Ptos_reactivos
100
AcDbCircle
 10
60.99030365818703
 20
68.91286332494278
 30
0.0
 40
0.05
  0
CIRCLE
  5
99B
330
17
100
AcDbEntity
  8
Ptos_reactivos
100
AcDbCircle
 10
61.75355309647575
 20
20.352340027913073
 30
0.0
 40
0.05
  0
CIRCLE
  5
99C
330
17
100
AcDbEntity
  8
Ptos_reactivos
100
AcDbCircle
 10
40.42788865244587
 20
69.00027048543856
 30
0.0
 40
0.05
  0
CIRCLE
  5
99D
330
17
100
AcDbEntity
  8
Ptos_reactivos
100
AcDbCircle
 10
29.86625746894702
 20
73.56938654593269
 30
0.0
 40
0.05
  0
CIRCLE
  5
99E
330
17
100
AcDbEntity
  8
Ptos_reactivos
100
AcDbCircle
 10
68.08812504384221
 20
44.71926684836898
 30
0.0
 40
0.05
  0
CIRCLE
  5
99F
330
17
100
AcDbEntity
  8
Ptos_reactivos
100
AcDbCircle
 10
60.003024301950944
 20
5.293197013623486
 30
0.0
 40
0.05
  0
CIRCLE
  5
9A0
330
17
100
AcDbEntity
  8
Ptos_reactivos
100
AcDbCircle
 10
71.98852849914928
 20
48.093824290205625
 30
0.0
 40
0.05
  0
CIRCLE
  5
9A1
330
17
100
AcDbEntity
  8
Ptos_reactivos
100
AcDbCircle
 10
20.797721079636787
 20
45.5784735688182
 30
0.0
 40
0.05
  0
CIRCLE
  5
9A2
330
17
100
AcDbEntity
  8
Ptos_reactivos
100
AcDbCircle
 10
53.95066557700707
 20
70.84830305942351
 30
0.0
 40
0.05
  0
CIRCLE
  5
9A3
330
17
100
AcDbEntity
  8
Ptos_reactivos
100
AcDbCircle
 10
16.851105198096757
 20
18.01547143922629
 30
0.0
 40
0.05
  0
CIRCLE
  5
9A4
330
17
100
AcDbEntity
  8
Ptos_reactivos
100
AcDbCircle
 10
14.882692458868227
 20
45.786975777892266
 30
0.0
 40
0.05
  0
CIRCLE
  5
9A5
330
17
100
AcDbEntity
  8
Ptos_reactivos
100
AcDbCircle
 10
69.12689606500338
 20
28.904230341235536
 30
0.0
 40
0.05
  0
CIRCLE
  5
9A6
330
17
100
AcDbEntity
  8
Ptos_reactivos
100
AcDbCircle
 10
3.4075444379114583
 20
39.16348315008326
 30
0.0
 40
0.05
  0
CIRCLE
  5
9A7
330
17
100
AcDbEntity
  8
Ptos_reactivos
100
AcDbCircle
 10
5.9829448287983364
 20
57.629121142021866
 30
0.0
 40
0.05
  0
CIRCLE
  5
9A8
330
17
100
AcDbEntity
  8
Ptos_reactivos
100
AcDbCircle
 10
0.1691568802617477
 20
8.843085024782626
 30
0.0
 40
0.05
  0
CIRCLE
  5
9A9
330
17
100
AcDbEntity
  8
Ptos_reactivos
100
AcDbCircle
 10
16.625213150066408
 20
35.96572296586943
 30
0.0
 40
0.05
  0
CIRCLE
  5
9AA
330
17
100
AcDbEntity
  8
Ptos_reactivos
100
AcDbCircle
 10
28.27588260591691
 20
51.864624828223846
 30
0.0
 40
0.05
  0
CIRCLE
  5
9AB
330
17
100
AcDbEntity
  8
Ptos_reactivos
100
AcDbCircle
 10
16.154913675189736
 20
20.154175418745176
 30
0.0
 40
0.05
  0
CIRCLE
  5
9AC
330
17
100
AcDbEntity
  8
Ptos_reactivos
100
AcDbCircle
 10
0.7598668166548556
 20
48.44885987473208
 30
0.0
 40
0.05
  0
CIRCLE
  5
9AD
330
17
100
AcDbEntity
  8
Ptos_reactivos
100
AcDbCircle
 10
10.344293900165791
 20
40.24486930224058
 30
0.0
 40
0.05
  0
CIRCLE
  5
9AE
330
17
100
AcDbEntity
  8
Ptos_reactivos
100
AcDbCircle
 10
9.021166182882126
 20
40.0227067408678
 30
0.0
 40
0.05
  0
CIRCLE
  5
9AF
330
17
100
AcDbEntity
  8
Ptos_reactivos
100
AcDbCircle
 10
23.31933876237609
 20
59.397113056630566
 30
0.0
 40
0.05
  0
CIRCLE
  5
9B0
330
17
100
AcDbEntity
  8
Ptos_reactivos
100
AcDbCircle
 10
30.58505683166209
 20
0.959814436604936
 30
0.0
 40
0.05
  0
CIRCLE
  5
9B1
330
17
100
AcDbEntity
  8
Ptos_reactivos
100
AcDbCircle
 10
36.07654183493514
 20
66.32606820796782
 30
0.0
 40
0.05
  0
CIRCLE
  5
9B2
330
17
100
AcDbEntity
  8
Ptos_reactivos
100
AcDbCircle
 10
53.80507021241677
 20
74.25413719875274
 30
0.0
 40
0.05
  0
CIRCLE
  5
9B3
330
17
100
AcDbEntity
  8
Ptos_reactivos
100
AcDbCircle
 10
26.819288361077913
 20
33.49981442479311
 30
0.0
 40
0.05
  0
CIRCLE
  5
9B4
330
17
100
AcDbEntity
  8
Ptos_reactivos
100
AcDbCircle
 10
22.292056218681424
 20
66.77386116427353
 30
0.0
 40
0.05
  0
CIRCLE
  5
9B5
330
17
100
AcDbEntity
  8
Ptos_reactivos
100
AcDbCircle
 10
73.06794431720037
 20
8.76618130240359
 30
0.0
 40
0.05
  0
CIRCLE
  5
9B6
330
17
100
AcDbEntity
  8
Ptos_reactivos
100
AcDbCircle
 10
59.854284309587705
 20
65.33891433219782
 30
0.0
 40
0.05
  0
CIRCLE
  5
9B7
330
17
100
AcDbEntity
  8
Ptos_reactivos
100
AcDbCircle
 10
45.001179663452234
 20
10.90429530635645
 30
0.0
 40
0.05
  0
CIRCLE
  5
9B8
330
17
100
AcDbEntity
  8
Ptos_reactivos
100
AcDbCircle
 10
74.62500850894155
 20
48.472329699075296
 30
0.0
 40
0.05
  0
CIRCLE
  5
9B9
330
17
100
AcDbEntity
  8
Ptos_reactivos
100
AcDbCircle
 10
26.871529785017483
 20
21.84181706669262
 30
0.0
 40
0.05
  0
CIRCLE
  5
9BA
330
17
100
AcDbEntity
  8
Ptos_reactivos
100
AcDbCircle
 10
49.4146792511658
 20
23.6759763431297
 30
0.0
 40
0.05
  0
CIRCLE
  5
9BB
330
17
100
AcDbEntity
  8
Ptos_reactivos
100
AcDbCircle
 10
55.22949405152406
 20
17.318560247570222
 30
0.0
 40
0.05
  0
CIRCLE
  5
9BC
330
17
100
AcDbEntity
  8
Ptos_reactivos
100
AcDbCircle
 10
49.09552990854717
 20
22.070876765685163
 30
0.0
 40
0.05
  0
CIRCLE
  5
9BD
330
17
100
AcDbEntity
  8
Ptos_reactivos
100
AcDbCircle
 10
45.50089046048739
 20
14.571340192166746
 30
0.0
 40
0.05
  0
CIRCLE
  5
9BE
330
17
100
AcDbEntity
  8
Ptos_reactivos
100
AcDbCircle
 10
30.730132910126144
 20
25.982604441451123
 30
0.0
 40
0.05
  0
CIRCLE
  5
9BF
330
17
100
AcDbEntity
  8
Ptos_reactivos
100
AcDbCircle
 10
45.27820468355747
 20
29.660129062429448
 30
0.0
 40
0.05
  0
CIRCLE
  5
9C0
330
17
100
AcDbEntity
  8
Ptos_reactivos
100
AcDbCircle
 10
64.94999244859173
 20
19.554404761173373
 30
0.0
 40
0.05
  0
CIRCLE
  5
9C1
330
17
100
AcDbEntity
  8
Ptos_reactivos
100
AcDbCircle
 10
71.79813117983979
 20
48.34209129576153
 30
0.0
 40
0.05
  0
CIRCLE
  5
9C2
330
17
100
AcDbEntity
  8
Ptos_reactivos
100
AcDbCircle
 10
53.10244144284486
 20
13.245241051080745
 30
0.0
 40
0.05
  0
CIRCLE
  5
9C3
330
17
100
AcDbEntity
  8
Ptos_reactivos
100
AcDbCircle
 10
45.70672645095865
 20
52.087373894135325
 30
0.0
 40
0.05
  0
CIRCLE
  5
9C4
330
17
100
AcDbEntity
  8
Ptos_reactivos
100
AcDbCircle
 10
49.05409038314306
 20
73.03977667278532
 30
0.0
 40
0.05
  0
CIRCLE
  5
9C5
330
17
100
AcDbEntity
  8
Ptos_reactivos
100
AcDbCircle
 10
22.42734139813776
 20
0.3510136829282501
 30
0.0
 40
0.05
  0
CIRCLE
  5
9C6
330
17
100
AcDbEntity
  8
Ptos_reactivos
100
AcDbCircle
 10
37.37605570268322
 20
36.16457978214619
 30
0.0
 40
0.05
  0
CIRCLE
  5
9C7
330
17
100
AcDbEntity
  8
Ptos_reactivos
100
AcDbCircle
 10
60.305573591015246
 20
20.485115875991337
 30
0.0
 40
0.05
  0
CIRCLE
  5
9C8
330
17
100
AcDbEntity
  8
Ptos_reactivos
100
AcDbCircle
 10
51.59045422772201
 20
74.8851292539065
 30
0.0
 40
0.05
  0
CIRCLE
  5
9C9
330
17
100
AcDbEntity
  8
Ptos_reactivos
100
AcDbCircle
 10
42.99469769356712
 20
46.077418190180296
 30
0.0
 40
0.05
  0
CIRCLE
  5
9CA
330
17
100
AcDbEntity
  8
Ptos_reactivos
100
AcDbCircle
 10
14.193233094788086
 20
19.95315199074072
 30
0.0
 40
0.05
  0
CIRCLE
  5
9CB
330
17
100
AcDbEntity
  8
Ptos_reactivos
100
AcDbCircle
 10
18.858001353148584
 20
8.207171275076405
 30
0.0
 40
0.05
  0
CIRCLE
  5
9CC
330
17
100
AcDbEntity
  8
Ptos_reactivos
100
AcDbCircle
 10
44.19891535854946
 20
62.75596303167279
 30
0.0
 40
0.05
  0
CIRCLE
  5
9CD
330
17
100
AcDbEntity
  8
Ptos_reactivos
100
AcDbCircle
 10
0.44143625566114564
 20
41.920210535913334
 30
0.0
 40
0.05
  0
CIRCLE
  5
9CE
330
17
100
AcDbEntity
  8
Ptos_reactivos
100
AcDbCircle
 10
54.22277200350425
 20
41.9231741631397
 30
0.0
 40
0.05
  0
CIRCLE
  5
9CF
330
17
100
AcDbEntity
  8
Ptos_reactivos
100
AcDbCircle
 10
42.8465503238916
 20
12.942084711687626
 30
0.0
 40
0.05
  0
CIRCLE
  5
9D0
330
17
100
AcDbEntity
  8
Ptos_reactivos
100
AcDbCircle
 10
46.14551104598553
 20
23.911544589287743
 30
0.0
 40
0.05
  0
CIRCLE
  5
9D1
330
17
100
AcDbEntity
  8
Ptos_reactivos
100
AcDbCircle
 10
31.697449066538017
 20
3.0765624357795756
 30
0.0
 40
0.05
  0
CIRCLE
  5
9D2
330
17
100
AcDbEntity
  8
Ptos_reactivos
100
AcDbCircle
 10
59.0923940296416
 20
44.051559514455654
 30
0.0
 40
0.05
  0
CIRCLE
  5
9D3
330
17
100
AcDbEntity
  8
Ptos_reactivos
100
AcDbCircle
 10
72.64885343910362
 20
0.8430513118097116
 30
0.0
 40
0.05
  0
CIRCLE
  5
9D4
330
17
100
AcDbEntity
  8
Ptos_reactivos
100
AcDbCircle
 10
3.42874130012073
 20
73.81069363054155
 30
0.0
 40
0.05
  0
CIRCLE
  5
9D5
330
17
100
AcDbEntity
  8
Ptos_reactivos
100
AcDbCircle
 10
62.35628776641563
 20
0.741623493216223
 30
0.0
 40
0.05
  0
CIRCLE
  5
9D6
330
17
100
AcDbEntity
  8
Ptos_reactivos
100
AcDbCircle
 10
29.80889435379102
 20
14.352856968213823
 30
0.0
 40
0.05
  0
CIRCLE
  5
9D7
330
17
100
AcDbEntity
  8
Ptos_reactivos
100
AcDbCircle
 10
57.00005479887773
 20
45.122168785200294
 30
0.0
 40
0.05
  0
CIRCLE
  5
9D8
330
17
100
AcDbEntity
  8
Ptos_reactivos
100
AcDbCircle
 10
73.75461284183106
 20
59.90931234074167
 30
0.0
 40
0.05
  0
CIRCLE
  5
9D9
330
17
100
AcDbEntity
  8
Ptos_reactivos
100
AcDbCircle
 10
30.140539551333422
 20
63.2140707669398
 30
0.0
 40
0.05
  0
CIRCLE
  5
9DA
330
17
100
AcDbEntity
  8
Ptos_reactivos
100
AcDbCircle
 10
31.10510726855069
 20
5.152826017627335
 30
0.0
 40
0.05
  0
CIRCLE
  5
9DB
330
17
100
AcDbEntity
  8
Ptos_reactivos
100
AcDbCircle
 10
29.654765797802703
 20
22.760249661924583
 30
0.0
 40
0.05
  0
CIRCLE
  5
9DC
330
17
100
AcDbEntity
  8
Ptos_reactivos
100
AcDbCircle
 10
15.182792137132303
 20
33.08078277392437
 30
0.0
 40
0.05
  0
CIRCLE
  5
9DD
330
17
100
AcDbEntity
  8
Ptos_reactivos
100
AcDbCircle
 10
25.618495952843688
 20
49.39893926228542
 30
0.0
 40
0.05
  0
CIRCLE
  5
9DE
330
17
100
AcDbEntity
  8
Ptos_reactivos
100
AcDbCircle
 10
48.97286564058213
 20
12.791145564554249
 30
0.0
 40
0.05
  0
CIRCLE
  5
9DF
330
17
100
AcDbEntity
  8
Ptos_reactivos
100
AcDbCircle
 10
42.08314821724764
 20
30.932950339876264
 30
0.0
 40
0.05
  0
CIRCLE
  5
9E0
330
17
100
AcDbEntity
  8
Ptos_reactivos
100
AcDbCircle
 10
44.668141040431045
 20
60.57248533910754
 30
0.0
 40
0.05
  0
CIRCLE
  5
9E1
330
17
100
AcDbEntity
  8
Ptos_reactivos
100
AcDbCircle
 10
63.996748892702946
 20
8.94236221364572
 30
0.0
 40
0.05
  0
CIRCLE
  5
9E2
330
17
100
AcDbEntity
  8
Ptos_reactivos
100
AcDbCircle
 10
60.502268298914345
 20
51.502809984245914
 30
0.0
 40
0.05
  0
CIRCLE
  5
9E3
330
17
100
AcDbEntity
  8
Ptos_reactivos
100
AcDbCircle
 10
25.557274891848124
 20
36.95248840025409
 30
0.0
 40
0.05
  0
CIRCLE
  5
9E4
330
17
100
AcDbEntity
  8
Ptos_reactivos
100
AcDbCircle
 10
68.36824134039246
 20
38.0993752707419
 30
0.0
 40
0.05
  0
CIRCLE
  5
9E5
330
17
100
AcDbEntity
  8
Ptos_reactivos
100
AcDbCircle
 10
50.957235858073375
 20
63.002768169502126
 30
0.0
 40
0.05
  0
CIRCLE
  5
9E6
330
17
100
AcDbEntity
  8
Ptos_reactivos
100
AcDbCircle
 10
59.81559196671262
 20
68.2860289032767
 30
0.0
 40
0.05
  0
CIRCLE
  5
9E7
330
17
100
AcDbEntity
  8
Ptos_reactivos
100
AcDbCircle
 10
9.960646316165914
 20
44.466647956324145
 30
0.0
 40
0.05
  0
CIRCLE
  5
9E8
330
17
100
AcDbEntity
  8
Ptos_reactivos
100
AcDbCircle
 10
40.58128969590824
 20
47.74539962632897
 30
0.0
 40
0.05
  0
CIRCLE
  5
9E9
330
17
100
AcDbEntity
  8
Ptos_reactivos
100
AcDbCircle
 10
6.9697671798171825
 20
66.18906725576112
 30
0.0
 40
0.05
  0
CIRCLE
  5
9EA
330
17
100
AcDbEntity
  8
Ptos_reactivos
100
AcDbCircle
 10
36.57895926542252
 20
2.702045079425883
 30
0.0
 40
0.05
  0
CIRCLE
  5
9EB
330
17
100
AcDbEntity
  8
Ptos_reactivos
100
AcDbCircle
 10
43.47990270498986
 20
64.62593489059245
 30
0.0
 40
0.05
  0
CIRCLE
  5
9EC
330
17
100
AcDbEntity
  8
Ptos_reactivos
100
AcDbCircle
 10
73.22136764704896
 20
64.16619349801718
 30
0.0
 40
0.05
  0
CIRCLE
  5
9ED
330
17
100
AcDbEntity
  8
Ptos_reactivos
100
AcDbCircle
 10
29.14907911082324
 20
9.101350513665496
 30
0.0
 40
0.05
  0
CIRCLE
  5
9EE
330
17
100
AcDbEntity
  8
Ptos_reactivos
100
AcDbCircle
 10
35.04418707906681
 20
74.9150331502932
 30
0.0
 40
0.05
  0
CIRCLE
  5
9EF
330
17
100
AcDbEntity
  8
Ptos_reactivos
100
AcDbCircle
 10
2.016227480362315
 20
10.782575855693239
 30
0.0
 40
0.05
  0
CIRCLE
  5
9F0
330
17
100
AcDbEntity
  8
Ptos_reactivos
100
AcDbCircle
 10
19.080550203426583
 20
72.870630433151
 30
0.0
 40
0.05
  0
CIRCLE
  5
9F1
330
17
100
AcDbEntity
  8
Ptos_reactivos
100
AcDbCircle
 10
29.12573617053274
 20
14.641766328994729
 30
0.0
 40
0.05
  0
CIRCLE
  5
9F2
330
17
100
AcDbEntity
  8
Ptos_reactivos
100
AcDbCircle
 10
57.24861315067459
 20
52.21916206460036
 30
0.0
 40
0.05
  0
CIRCLE
  5
9F3
330
17
100
AcDbEntity
  8
Ptos_reactivos
100
AcDbCircle
 10
41.614818083487094
 20
32.17322379620931
 30
0.0
 40
0.05
  0
CIRCLE
  5
9F4
330
17
100
AcDbEntity
  8
Ptos_reactivos
100
AcDbCircle
 10
5.12362458587744
 20
28.6710425399168
 30
0.0
 40
0.05
  0
CIRCLE
  5
9F5
330
17
100
AcDbEntity
  8
Ptos_reactivos
100
AcDbCircle
 10
40.80983742345537
 20
40.18890249364427
 30
0.0
 40
0.05
  0
CIRCLE
  5
9F6
330
17
100
AcDbEntity
  8
Ptos_reactivos
100
AcDbCircle
 10
47.09295281358465
 20
33.90187126409391
 30
0.0
 40
0.05
  0
CIRCLE
  5
9F7
330
17
100
AcDbEntity
  8
Ptos_reactivos
100
AcDbCircle
 10
16.385683529527906
 20
1.2422891101912303
 30
0.0
 40
0.05
  0
CIRCLE
  5
9F8
330
17
100
AcDbEntity
  8
Ptos_reactivos
100
AcDbCircle
 10
0.41840922209371856
 20
58.65672819216179
 30
0.0
 40
0.05
  0
CIRCLE
  5
9F9
330
17
100
AcDbEntity
  8
Ptos_reactivos
100
AcDbCircle
 10
73.59949707757586
 20
28.39915118015618
 30
0.0
 40
0.05
  0
CIRCLE
  5
9FA
330
17
100
AcDbEntity
  8
Ptos_reactivos
100
AcDbCircle
 10
31.425530362004377
 20
44.61095935126188
 30
0.0
 40
0.05
  0
CIRCLE
  5
9FB
330
17
100
AcDbEntity
  8
Ptos_reactivos
100
AcDbCircle
 10
2.3943600072731135
 20
0.4577306791721386
 30
0.0
 40
0.05
  0
CIRCLE
  5
9FC
330
17
100
AcDbEntity
  8
Ptos_reactivos
100
AcDbCircle
 10
59.564466231628785
 20
43.7794905029778
 30
0.0
 40
0.05
  0
CIRCLE
  5
9FD
330
17
100
AcDbEntity
  8
Ptos_reactivos
100
AcDbCircle
 10
21.756053233467735
 20
61.727961315060405
 30
0.0
 40
0.05
  0
CIRCLE
  5
9FE
330
17
100
AcDbEntity
  8
Ptos_reactivos
100
AcDbCircle
 10
59.76521881819059
 20
34.51638199723335
 30
0.0
 40
0.05
  0
CIRCLE
  5
9FF
330
17
100
AcDbEntity
  8
Ptos_reactivos
100
AcDbCircle
 10
8.403510733468927
 20
65.16710951754528
 30
0.0
 40
0.05
  0
CIRCLE
  5
A00
330
17
100
AcDbEntity
  8
Ptos_reactivos
100
AcDbCircle
 10
4.441602757009905
 20
41.539081130791786
 30
0.0
 40
0.05
  0
CIRCLE
  5
A01
330
17
100
AcDbEntity
  8
Ptos_reactivos
100
AcDbCircle
 10
32.760609586667165
 20
39.98958949277963
 30
0.0
 40
0.05
  0
CIRCLE
  5
A02
330
17
100
AcDbEntity
  8
Ptos_reactivos
100
AcDbCircle
 10
18.2883932924937
 20
19.788112990167487
 30
0.0
 40
0.05
  0
CIRCLE
  5
A03
330
17
100
AcDbEntity
  8
Ptos_reactivos
100
AcDbCircle
 10
40.34312786931018
 20
27.026184194180036
 30
0.0
 40
0.05
  0
CIRCLE
  5
A04
330
17
100
AcDbEntity
  8
Ptos_reactivos
100
AcDbCircle
 10
26.046820159884625
 20
65.61276979143906
 30
0.0
 40
0.05
  0
CIRCLE
  5
A05
330
17
100
AcDbEntity
  8
Ptos_reactivos
100
AcDbCircle
 10
35.90364719602915
 20
28.802056797437658
 30
0.0
 40
0.05
  0
CIRCLE
  5
A06
330
17
100
AcDbEntity
  8
Ptos_reactivos
100
AcDbCircle
 10
71.24048832894896
 20
2.2624077869081716
 30
0.0
 40
0.05
  0
CIRCLE
  5
A07
330
17
100
AcDbEntity
  8
Ptos_reactivos
100
AcDbCircle
 10
14.226490143891745
 20
26.97321502444772
 30
0.0
 40
0.05
  0
CIRCLE
  5
A08
330
17
100
AcDbEntity
  8
Ptos_reactivos
100
AcDbCircle
 10
54.93077301429021
 20
55.42585018423055
 30
0.0
 40
0.05
  0
CIRCLE
  5
A09
330
17
100
AcDbEntity
  8
Ptos_reactivos
100
AcDbCircle
 10
60.17618788145489
 20
51.10976303722358
 30
0.0
 40
0.05
  0
CIRCLE
  5
A0A
330
17
100
AcDbEntity
  8
Ptos_reactivos
100
AcDbCircle
 10
32.11523931509692
 20
59.32032929983214
 30
0.0
 40
0.05
  0
CIRCLE
  5
A0B
330
17
100
AcDbEntity
  8
Ptos_reactivos
100
AcDbCircle
 10
67.03409206162668
 20
50.45162143396557
 30
0.0
 40
0.05
  0
CIRCLE
  5
A0C
330
17
100
AcDbEntity
  8
Ptos_reactivos
100
AcDbCircle
 10
7.010228626845966
 20
69.67944980909317
 30
0.0
 40
0.05
  0
CIRCLE
  5
A0D
330
17
100
AcDbEntity
  8
Ptos_reactivos
100
AcDbCircle
 10
39.115277121951976
 20
68.69412869944074
 30
0.0
 40
0.05
  0
CIRCLE
  5
A0E
330
17
100
AcDbEntity
  8
Ptos_reactivos
100
AcDbCircle
 10
37.14392489149063
 20
60.67341684780162
 30
0.0
 40
0.05
  0
CIRCLE
  5
A0F
330
17
100
AcDbEntity
  8
Ptos_reactivos
100
AcDbCircle
 10
74.01455082651181
 20
58.57032517373597
 30
0.0
 40
0.05
  0
CIRCLE
  5
A10
330
17
100
AcDbEntity
  8
Ptos_reactivos
100
AcDbCircle
 10
13.0697617964702
 20
24.278488114570663
 30
0.0
 40
0.05
  0
CIRCLE
  5
A11
330
17
100
AcDbEntity
  8
Ptos_reactivos
100
AcDbCircle
 10
45.247987889134286
 20
26.2194968156157
 30
0.0
 40
0.05
  0
CIRCLE
  5
A12
330
17
100
AcDbEntity
  8
Ptos_reactivos
100
AcDbCircle
 10
37.19829928674958
 20
2.17923304278822
 30
0.0
 40
0.05
  0
CIRCLE
  5
A13
330
17
100
AcDbEntity
  8
Ptos_reactivos
100
AcDbCircle
 10
9.05298669962328
 20
57.08362390127031
 30
0.0
 40
0.05
  0
CIRCLE
  5
A14
330
17
100
AcDbEntity
  8
Ptos_reactivos
100
AcDbCircle
 10
39.46622964069918
 20
58.86801741216395
 30
0.0
 40
0.05
  0
CIRCLE
  5
A15
330
17
100
AcDbEntity
  8
Ptos_reactivos
100
AcDbCircle
 10
30.741729712967178
 20
27.942189782258627
 30
0.0
 40
0.05
  0
CIRCLE
  5
A16
330
17
100
AcDbEntity
  8
Ptos_reactivos
100
AcDbCircle
 10
36.92260839140346
 20
45.74707378415684
 30
0.0
 40
0.05
  0
CIRCLE
  5
A17
330
17
100
AcDbEntity
  8
Ptos_reactivos
100
AcDbCircle
 10
48.96175963355823
 20
1.034683254881044
 30
0.0
 40
0.05
  0
CIRCLE
  5
A18
330
17
100
AcDbEntity
  8
Ptos_reactivos
100
AcDbCircle
 10
28.090518507429703
 20
22.48957678901693
 30
0.0
 40
0.05
  0
CIRCLE
  5
A19
330
17
100
AcDbEntity
  8
Ptos_reactivos
100
AcDbCircle
 10
66.81560649645775
 20
39.16019652961286
 30
0.0
 40
0.05
  0
CIRCLE
  5
A1A
330
17
100
AcDbEntity
  8
Ptos_reactivos
100
AcDbCircle
 10
39.32182859048731
 20
41.204255649107054
 30
0.0
 40
0.05
  0
CIRCLE
  5
A1B
330
17
100
AcDbEntity
  8
Ptos_reactivos
100
AcDbCircle
 10
31.549425243886713
 20
7.2318237317199525
 30
0.0
 40
0.05
  0
CIRCLE
  5
A1C
330
17
100
AcDbEntity
  8
Ptos_reactivos
100
AcDbCircle
 10
10.454866356459222
 20
44.511842545090964
 30
0.0
 40
0.05
  0
CIRCLE
  5
A1D
330
17
100
AcDbEntity
  8
Ptos_reactivos
100
AcDbCircle
 10
31.794805647237954
 20
27.538014973010526
 30
0.0
 40
0.05
  0
CIRCLE
  5
A1E
330
17
100
AcDbEntity
  8
Ptos_reactivos
100
AcDbCircle
 10
43.70686291410301
 20
25.79905363603459
 30
0.0
 40
0.05
  0
CIRCLE
  5
A1F
330
17
100
AcDbEntity
  8
Ptos_reactivos
100
AcDbCircle
 10
44.93139734859763
 20
63.621910213042234
 30
0.0
 40
0.05
  0
CIRCLE
  5
A20
330
17
100
AcDbEntity
  8
Ptos_reactivos
100
AcDbCircle
 10
4.655084863359968
 20
58.900291929152694
 30
0.0
 40
0.05
  0
CIRCLE
  5
A21
330
17
100
AcDbEntity
  8
Ptos_reactivos
100
AcDbCircle
 10
71.37464569132554
 20
45.755950618800014
 30
0.0
 40
0.05
  0
CIRCLE
  5
A22
330
17
100
AcDbEntity
  8
Ptos_reactivos
100
AcDbCircle
 10
12.188637110205637
 20
5.500018073048659
 30
0.0
 40
0.05
  0
CIRCLE
  5
A23
330
17
100
AcDbEntity
  8
Ptos_reactivos
100
AcDbCircle
 10
13.607812329537175
 20
35.28641226478664
 30
0.0
 40
0.05
  0
CIRCLE
  5
A24
330
17
100
AcDbEntity
  8
Ptos_reactivos
100
AcDbCircle
 10
8.07384387758007
 20
23.383648163152277
 30
0.0
 40
0.05
  0
CIRCLE
  5
A25
330
17
100
AcDbEntity
  8
Ptos_reactivos
100
AcDbCircle
 10
30.795973976298725
 20
26.18302850535645
 30
0.0
 40
0.05
  0
CIRCLE
  5
A26
330
17
100
AcDbEntity
  8
Ptos_reactivos
100
AcDbCircle
 10
36.16597945355085
 20
11.629338400416833
 30
0.0
 40
0.05
  0
CIRCLE
  5
A27
330
17
100
AcDbEntity
  8
Ptos_reactivos
100
AcDbCircle
 10
74.3543645262596
 20
57.186518168298825
 30
0.0
 40
0.05
  0
CIRCLE
  5
A28
330
17
100
AcDbEntity
  8
Ptos_reactivos
100
AcDbCircle
 10
28.590292581764672
 20
15.359707406879208
 30
0.0
 40
0.05
  0
CIRCLE
  5
A29
330
17
100
AcDbEntity
  8
Ptos_reactivos
100
AcDbCircle
 10
20.581593137067173
 20
57.183445575210825
 30
0.0
 40
0.05
  0
CIRCLE
  5
A2A
330
17
100
AcDbEntity
  8
Ptos_reactivos
100
AcDbCircle
 10
58.822567922668455
 20
68.9193609995165
 30
0.0
 40
0.05
  0
CIRCLE
  5
A2B
330
17
100
AcDbEntity
  8
Ptos_reactivos
100
AcDbCircle
 10
39.48699589445558
 20
68.81333001859959
 30
0.0
 40
0.05
  0
CIRCLE
  5
A2C
330
17
100
AcDbEntity
  8
Ptos_reactivos
100
AcDbCircle
 10
24.459488220905726
 20
63.97846788209075
 30
0.0
 40
0.05
  0
CIRCLE
  5
A2D
330
17
100
AcDbEntity
  8
Ptos_reactivos
100
AcDbCircle
 10
51.97970771265324
 20
74.84506395754978
 30
0.0
 40
0.05
  0
CIRCLE
  5
A2E
330
17
100
AcDbEntity
  8
Ptos_reactivos
100
AcDbCircle
 10
18.64908121895882
 20
19.514726720791902
 30
0.0
 40
0.05
  0
CIRCLE
  5
A2F
330
17
100
AcDbEntity
  8
Ptos_reactivos
100
AcDbCircle
 10
61.233706184556034
 20
1.4887002845463155
 30
0.0
 40
0.05
  0
CIRCLE
  5
A30
330
17
100
AcDbEntity
  8
Ptos_reactivos
100
AcDbCircle
 10
74.43942327318848
 20
41.68610388825144
 30
0.0
 40
0.05
  0
CIRCLE
  5
A31
330
17
100
AcDbEntity
  8
Ptos_reactivos
100
AcDbCircle
 10
6.303349915278162
 20
42.58387581251371
 30
0.0
 40
0.05
  0
CIRCLE
  5
A32
330
17
100
AcDbEntity
  8
Ptos_reactivos
100
AcDbCircle
 10
17.347789300476038
 20
29.723584677832886
 30
0.0
 40
0.05
  0
CIRCLE
  5
A33
330
17
100
AcDbEntity
  8
Ptos_reactivos
100
AcDbCircle
 10
46.93813671008258
 20
59.35448799570978
 30
0.0
 40
0.05
  0
CIRCLE
  5
A34
330
17
100
AcDbEntity
  8
Ptos_reactivos
100
AcDbCircle
 10
20.561807648178625
 20
29.732568144608813
 30
0.0
 40
0.05
  0
CIRCLE
  5
A35
330
17
100
AcDbEntity
  8
Ptos_reactivos
100
AcDbCircle
 10
3.4411976311613053
 20
45.858031817301004
 30
0.0
 40
0.05
  0
CIRCLE
  5
A36
330
17
100
AcDbEntity
  8
Ptos_reactivos
100
AcDbCircle
 10
31.22603184423417
 20
2.861368009021306
 30
0.0
 40
0.05
  0
CIRCLE
  5
A37
330
17
100
AcDbEntity
  8
Ptos_reactivos
100
AcDbCircle
 10
36.96916755869157
 20
60.9336943427488
 30
0.0
 40
0.05
  0
CIRCLE
  5
A38
330
17
100
AcDbEntity
  8
Ptos_reactivos
100
AcDbCircle
 10
12.64183990193279
 20
64.46720111593909
 30
0.0
 40
0.05
  0
CIRCLE
  5
A39
330
17
100
AcDbEntity
  8
Ptos_reactivos
100
AcDbCircle
 10
59.05225939177203
 20
52.59515925191836
 30
0.0
 40
0.05
  0
CIRCLE
  5
A3A
330
17
100
AcDbEntity
  8
Ptos_reactivos
100
AcDbCircle
 10
42.53929516888325
 20
43.79018049972636
 30
0.0
 40
0.05
  0
CIRCLE
  5
A3B
330
17
100
AcDbEntity
  8
Ptos_reactivos
100
AcDbCircle
 10
16.323753373718564
 20
20.116483820683772
 30
0.0
 40
0.05
  0
CIRCLE
  5
A3C
330
17
100
AcDbEntity
  8
Ptos_reactivos
100
AcDbCircle
 10
31.321770025667632
 20
12.314459930233093
 30
0.0
 40
0.05
  0
CIRCLE
  5
A3D
330
17
100
AcDbEntity
  8
Ptos_reactivos
100
AcDbCircle
 10
73.84265397112283
 20
62.94586541129796
 30
0.0
 40
0.05
  0
CIRCLE
  5
A3E
330
17
100
AcDbEntity
  8
Ptos_reactivos
100
AcDbCircle
 10
27.04645895990963
 20
58.28583407287914
 30
0.0
 40
0.05
  0
CIRCLE
  5
A3F
330
17
100
AcDbEntity
  8
Ptos_reactivos
100
AcDbCircle
 10
9.016788713548376
 20
73.85028890585721
 30
0.0
 40
0.05
  0
CIRCLE
  5
A40
330
17
100
AcDbEntity
  8
Ptos_reactivos
100
AcDbCircle
 10
11.889353060763375
 20
22.684643894019548
 30
0.0
 40
0.05
  0
CIRCLE
  5
A41
330
17
100
AcDbEntity
  8
Ptos_reactivos
100
AcDbCircle
 10
55.14383553396065
 20
18.10649888009038
 30
0.0
 40
0.05
  0
CIRCLE
  5
A42
330
17
100
AcDbEntity
  8
Ptos_reactivos
100
AcDbCircle
 10
61.4308017479047
 20
68.57409445057732
 30
0.0
 40
0.05
  0
CIRCLE
  5
A43
330
17
100
AcDbEntity
  8
Ptos_reactivos
100
AcDbCircle
 10
31.971344569385508
 20
15.383653124935135
 30
0.0
 40
0.05
  0
CIRCLE
  5
A44
330
17
100
AcDbEntity
  8
Ptos_reactivos
100
AcDbCircle
 10
41.95291862261114
 20
31.15115177981174
 30
0.0
 40
0.05
  0
CIRCLE
  5
A45
330
17
100
AcDbEntity
  8
Ptos_reactivos
100
AcDbCircle
 10
32.47442240324401
 20
34.17687834107413
 30
0.0
 40
0.05
  0
CIRCLE
  5
A46
330
17
100
AcDbEntity
  8
Ptos_reactivos
100
AcDbCircle
 10
6.872134292006537
 20
21.79090194571149
 30
0.0
 40
0.05
  0
CIRCLE
  5
A47
330
17
100
AcDbEntity
  8
Ptos_reactivos
100
AcDbCircle
 10
7.051503491296668
 20
59.44112683526151
 30
0.0
 40
0.05
  0
CIRCLE
  5
A48
330
17
100
AcDbEntity
  8
Ptos_reactivos
100
AcDbCircle
 10
73.9839913674747
 20
3.1370837270028984
 30
0.0
 40
0.05
  0
CIRCLE
  5
A49
330
17
100
AcDbEntity
  8
Ptos_reactivos
100
AcDbCircle
 10
67.78661456176776
 20
50.759023439897206
 30
0.0
 40
0.05
  0
CIRCLE
  5
A4A
330
17
100
AcDbEntity
  8
Ptos_reactivos
100
AcDbCircle
 10
16.948823521055125
 20
58.33689989537041
 30
0.0
 40
0.05
  0
CIRCLE
  5
A4B
330
17
100
AcDbEntity
  8
Ptos_reactivos
100
AcDbCircle
 10
32.73913634297578
 20
13.720584422103531
 30
0.0
 40
0.05
  0
CIRCLE
  5
A4C
330
17
100
AcDbEntity
  8
Ptos_reactivos
100
AcDbCircle
 10
16.90798878783025
 20
35.901205097706985
 30
0.0
 40
0.05
  0
CIRCLE
  5
A4D
330
17
100
AcDbEntity
  8
Ptos_reactivos
100
AcDbCircle
 10
67.62390842470022
 20
23.985228281474587
 30
0.0
 40
0.05
  0
CIRCLE
  5
A4E
330
17
100
AcDbEntity
  8
Ptos_reactivos
100
AcDbCircle
 10
30.96965834592927
 20
8.770504348848402
 30
0.0
 40
0.05
  0
CIRCLE
  5
A4F
330
17
100
AcDbEntity
  8
Ptos_reactivos
100
AcDbCircle
 10
61.58059616979868
 20
32.20759868921435
 30
0.0
 40
0.05
  0
CIRCLE
  5
A50
330
17
100
AcDbEntity
  8
Ptos_reactivos
100
AcDbCircle
 10
37.70889935679783
 20
66.12724560287606
 30
0.0
 40
0.05
  0
CIRCLE
  5
A51
330
17
100
AcDbEntity
  8
Ptos_reactivos
100
AcDbCircle
 10
68.75745664174514
 20
37.13204344579432
 30
0.0
 40
0.05
  0
CIRCLE
  5
A52
330
17
100
AcDbEntity
  8
Ptos_reactivos
100
AcDbCircle
 10
25.508445016029327
 20
65.18829894221962
 30
0.0
 40
0.05
  0
CIRCLE
  5
A53
330
17
100
AcDbEntity
  8
Ptos_reactivos
100
AcDbCircle
 10
44.42891466079894
 20
74.94947073115917
 30
0.0
 40
0.05
  0
CIRCLE
  5
A54
330
17
100
AcDbEntity
  8
Ptos_reactivos
100
AcDbCircle
 10
1.5667304071146415
 20
23.130134131998282
 30
0.0
 40
0.05
  0
CIRCLE
  5
A55
330
17
100
AcDbEntity
  8
Ptos_reactivos
100
AcDbCircle
 10
1.3412610828396565
 20
8.852738836825091
 30
0.0
 40
0.05
  0
CIRCLE
  5
A56
330
17
100
AcDbEntity
  8
Ptos_reactivos
100
AcDbCircle
 10
62.79090409458924
 20
71.60548187657703
 30
0.0
 40
0.05
  0
CIRCLE
  5
A57
330
17
100
AcDbEntity
  8
Ptos_reactivos
100
AcDbCircle
 10
64.41698412407045
 20
74.2969232235778
 30
0.0
 40
0.05
  0
CIRCLE
  5
A58
330
17
100
AcDbEntity
  8
Ptos_reactivos
100
AcDbCircle
 10
73.20903166727255
 20
59.02337997673935
 30
0.0
 40
0.05
  0
CIRCLE
  5
A59
330
17
100
AcDbEntity
  8
Ptos_reactivos
100
AcDbCircle
 10
27.722559950046705
 20
1.6805318460932805
 30
0.0
 40
0.05
  0
CIRCLE
  5
A5A
330
17
100
AcDbEntity
  8
Ptos_reactivos
100
AcDbCircle
 10
6.204947557393517
 20
43.48606844474338
 30
0.0
 40
0.05
  0
CIRCLE
  5
A5B
330
17
100
AcDbEntity
  8
Ptos_reactivos
100
AcDbCircle
 10
37.92982703321548
 20
62.41005695544991
 30
0.0
 40
0.05
  0
CIRCLE
  5
A5C
330
17
100
AcDbEntity
  8
Ptos_reactivos
100
AcDbCircle
 10
42.46269210138577
 20
41.464062744620506
 30
0.0
 40
0.05
  0
CIRCLE
  5
A5D
330
17
100
AcDbEntity
  8
Ptos_reactivos
100
AcDbCircle
 10
26.790928926189576
 20
18.22014750267564
 30
0.0
 40
0.05
  0
CIRCLE
  5
A5E
330
17
100
AcDbEntity
  8
Ptos_reactivos
100
AcDbCircle
 10
22.878523540303476
 20
68.01346828529924
 30
0.0
 40
0.05
  0
CIRCLE
  5
A5F
330
17
100
AcDbEntity
  8
Ptos_reactivos
100
AcDbCircle
 10
39.5476023307562
 20
8.526323655434378
 30
0.0
 40
0.05
  0
CIRCLE
  5
A60
330
17
100
AcDbEntity
  8
Ptos_reactivos
100
AcDbCircle
 10
28.49081884361753
 20
1.6388761238694594
 30
0.0
 40
0.05
  0
CIRCLE
  5
A61
330
17
100
AcDbEntity
  8
Ptos_reactivos
100
AcDbCircle
 10
14.085480849286537
 20
36.02127414230958
 30
0.0
 40
0.05
  0
CIRCLE
  5
A62
330
17
100
AcDbEntity
  8
Ptos_reactivos
100
AcDbCircle
 10
14.561289340981084
 20
50.25590254848574
 30
0.0
 40
0.05
  0
CIRCLE
  5
A63
330
17
100
AcDbEntity
  8
Ptos_reactivos
100
AcDbCircle
 10
74.81801845579922
 20
55.35577875279962
 30
0.0
 40
0.05
  0
CIRCLE
  5
A64
330
17
100
AcDbEntity
  8
Ptos_reactivos
100
AcDbCircle
 10
29.536672599885588
 20
3.5349154432743473
 30
0.0
 40
0.05
  0
CIRCLE
  5
A65
330
17
100
AcDbEntity
  8
Ptos_reactivos
100
AcDbCircle
 10
40.84480662525035
 20
2.830112552896666
 30
0.0
 40
0.05
  0
CIRCLE
  5
A66
330
17
100
AcDbEntity
  8
Ptos_reactivos
100
AcDbCircle
 10
26.831720140648713
 20
22.459313325277783
 30
0.0
 40
0.05
  0
CIRCLE
  5
A67
330
17
100
AcDbEntity
  8
Ptos_reactivos
100
AcDbCircle
 10
60.80296626425283
 20
7.5129514483743804
 30
0.0
 40
0.05
  0
CIRCLE
  5
A68
330
17
100
AcDbEntity
  8
Ptos_reactivos
100
AcDbCircle
 10
20.80176217715014
 20
5.367087871500289
 30
0.0
 40
0.05
  0
CIRCLE
  5
A69
330
17
100
AcDbEntity
  8
Ptos_reactivos
100
AcDbCircle
 10
28.2865782792193
 20
26.839300596006105
 30
0.0
 40
0.05
  0
CIRCLE
  5
A6A
330
17
100
AcDbEntity
  8
Ptos_reactivos
100
AcDbCircle
 10
45.07946924679288
 20
66.30934868431896
 30
0.0
 40
0.05
  0
CIRCLE
  5
A6B
330
17
100
AcDbEntity
  8
Ptos_reactivos
100
AcDbCircle
 10
28.54201013859971
 20
6.136587979833669
 30
0.0
 40
0.05
  0
CIRCLE
  5
A6C
330
17
100
AcDbEntity
  8
Ptos_reactivos
100
AcDbCircle
 10
20.87632831493044
 20
35.38085873718742
 30
0.0
 40
0.05
  0
CIRCLE
  5
A6D
330
17
100
AcDbEntity
  8
Ptos_reactivos
100
AcDbCircle
 10
28.20182367679148
 20
7.301436841826589
 30
0.0
 40
0.05
  0
CIRCLE
  5
A6E
330
17
100
AcDbEntity
  8
Ptos_reactivos
100
AcDbCircle
 10
30.306139400369737
 20
14.313657002272404
 30
0.0
 40
0.05
  0
CIRCLE
  5
A6F
330
17
100
AcDbEntity
  8
Ptos_reactivos
100
AcDbCircle
 10
49.082127239378046
 20
33.66004647560635
 30
0.0
 40
0.05
  0
CIRCLE
  5
A70
330
17
100
AcDbEntity
  8
Ptos_reactivos
100
AcDbCircle
 10
53.254360759191414
 20
72.62797414012311
 30
0.0
 40
0.05
  0
CIRCLE
  5
A71
330
17
100
AcDbEntity
  8
Ptos_reactivos
100
AcDbCircle
 10
31.95021799771634
 20
40.5693418498813
 30
0.0
 40
0.05
  0
CIRCLE
  5
A72
330
17
100
AcDbEntity
  8
Ptos_reactivos
100
AcDbCircle
 10
69.06278126233863
 20
52.048273508363785
 30
0.0
 40
0.05
  0
CIRCLE
  5
A73
330
17
100
AcDbEntity
  8
Ptos_reactivos
100
AcDbCircle
 10
29.787864616992298
 20
22.503719036904766
 30
0.0
 40
0.05
  0
CIRCLE
  5
A74
330
17
100
AcDbEntity
  8
Ptos_reactivos
100
AcDbCircle
 10
18.803308483229408
 20
59.50487301027589
 30
0.0
 40
0.05
  0
CIRCLE
  5
A75
330
17
100
AcDbEntity
  8
Ptos_reactivos
100
AcDbCircle
 10
14.972422533762
 20
59.603574776994506
 30
0.0
 40
0.05
  0
CIRCLE
  5
A76
330
17
100
AcDbEntity
  8
Ptos_reactivos
100
AcDbCircle
 10
22.399331109479625
 20
62.49770535625501
 30
0.0
 40
0.05
  0
CIRCLE
  5
A77
330
17
100
AcDbEntity
  8
Ptos_reactivos
100
AcDbCircle
 10
5.910599955647427
 20
59.922219963207446
 30
0.0
 40
0.05
  0
CIRCLE
  5
A78
330
17
100
AcDbEntity
  8
Ptos_reactivos
100
AcDbCircle
 10
23.150899337040862
 20
70.79162826987475
 30
0.0
 40
0.05
  0
CIRCLE
  5
A79
330
17
100
AcDbEntity
  8
Ptos_reactivos
100
AcDbCircle
 10
17.332551689222
 20
46.294114088352956
 30
0.0
 40
0.05
  0
CIRCLE
  5
A7A
330
17
100
AcDbEntity
  8
Ptos_reactivos
100
AcDbCircle
 10
62.30940008516676
 20
67.28352695543347
 30
0.0
 40
0.05
  0
CIRCLE
  5
A7B
330
17
100
AcDbEntity
  8
Ptos_reactivos
100
AcDbCircle
 10
33.91640329739292
 20
73.27754850091176
 30
0.0
 40
0.05
  0
CIRCLE
  5
A7C
330
17
100
AcDbEntity
  8
Ptos_reactivos
100
AcDbCircle
 10
43.131914656452885
 20
52.44047653720866
 30
0.0
 40
0.05
  0
CIRCLE
  5
A7D
330
17
100
AcDbEntity
  8
Ptos_reactivos
100
AcDbCircle
 10
37.09750428933982
 20
65.65457192625192
 30
0.0
 40
0.05
  0
CIRCLE
  5
A7E
330
17
100
AcDbEntity
  8
Ptos_reactivos
100
AcDbCircle
 10
33.7025257982632
 20
0.2752175839321247
 30
0.0
 40
0.05
  0
CIRCLE
  5
A7F
330
17
100
AcDbEntity
  8
Ptos_reactivos
100
AcDbCircle
 10
2.2749017197239234
 20
44.01432309946622
 30
0.0
 40
0.05
  0
CIRCLE
  5
A80
330
17
100
AcDbEntity
  8
Ptos_reactivos
100
AcDbCircle
 10
31.582182344024893
 20
27.283797519593396
 30
0.0
 40
0.05
  0
CIRCLE
  5
A81
330
17
100
AcDbEntity
  8
Ptos_reactivos
100
AcDbCircle
 10
48.50086910099569
 20
3.4397919002842863
 30
0.0
 40
0.05
  0
CIRCLE
  5
A82
330
17
100
AcDbEntity
  8
Ptos_reactivos
100
AcDbCircle
 10
35.41222647109732
 20
66.82612379907765
 30
0.0
 40
0.05
  0
CIRCLE
  5
A83
330
17
100
AcDbEntity
  8
Ptos_reactivos
100
AcDbCircle
 10
11.434311692270152
 20
37.66472009378466
 30
0.0
 40
0.05
  0
CIRCLE
  5
A84
330
17
100
AcDbEntity
  8
Ptos_reactivos
100
AcDbCircle
 10
13.301229308034927
 20
23.57681653852725
 30
0.0
 40
0.05
  0
CIRCLE
  5
A85
330
17
100
AcDbEntity
  8
Ptos_reactivos
100
AcDbCircle
 10
36.544805248003314
 20
66.54957396740174
 30
0.0
 40
0.05
  0
CIRCLE
  5
A86
330
17
100
AcDbEntity
  8
Ptos_reactivos
100
AcDbCircle
 10
35.54784147876106
 20
60.99912549359022
 30
0.0
 40
0.05
  0
CIRCLE
  5
A87
330
17
100
AcDbEntity
  8
Ptos_reactivos
100
AcDbCircle
 10
11.562990358390577
 20
54.97656702123321
 30
0.0
 40
0.05
  0
CIRCLE
  5
A88
330
17
100
AcDbEntity
  8
Ptos_reactivos
100
AcDbCircle
 10
70.54598988399668
 20
0.28787858607769723
 30
0.0
 40
0.05
  0
CIRCLE
  5
A89
330
17
100
AcDbEntity
  8
Ptos_reactivos
100
AcDbCircle
 10
14.891374436840966
 20
0.8319419213278001
 30
0.0
 40
0.05
  0
CIRCLE
  5
A8A
330
17
100
AcDbEntity
  8
Ptos_reactivos
100
AcDbCircle
 10
66.34918375826469
 20
1.8722185472517527
 30
0.0
 40
0.05
  0
CIRCLE
  5
A8B
330
17
100
AcDbEntity
  8
Ptos_reactivos
100
AcDbCircle
 10
40.016312453944145
 20
49.13587473806059
 30
0.0
 40
0.05
  0
CIRCLE
  5
A8C
330
17
100
AcDbEntity
  8
Ptos_reactivos
100
AcDbCircle
 10
19.591323155569924
 20
0.9778480160641506
 30
0.0
 40
0.05
  0
CIRCLE
  5
A8D
330
17
100
AcDbEntity
  8
Ptos_reactivos
100
AcDbCircle
 10
42.50052865510218
 20
16.27846623248606
 30
0.0
 40
0.05
  0
CIRCLE
  5
A8E
330
17
100
AcDbEntity
  8
Ptos_reactivos
100
AcDbCircle
 10
28.584715676484677
 20
7.962754173286108
 30
0.0
 40
0.05
  0
CIRCLE
  5
A8F
330
17
100
AcDbEntity
  8
Ptos_reactivos
100
AcDbCircle
 10
13.283387242973918
 20
64.08433486734128
 30
0.0
 40
0.05
  0
CIRCLE
  5
A90
330
17
100
AcDbEntity
  8
Ptos_reactivos
100
AcDbCircle
 10
10.710981998373803
 20
57.56282601429099
 30
0.0
 40
0.05
  0
CIRCLE
  5
A91
330
17
100
AcDbEntity
  8
Ptos_reactivos
100
AcDbCircle
 10
44.141625767708376
 20
17.094287462414613
 30
0.0
 40
0.05
  0
CIRCLE
  5
A92
330
17
100
AcDbEntity
  8
Ptos_reactivos
100
AcDbCircle
 10
72.49909239964656
 20
47.71792632869005
 30
0.0
 40
0.05
  0
CIRCLE
  5
A93
330
17
100
AcDbEntity
  8
Ptos_reactivos
100
AcDbCircle
 10
52.328943038272286
 20
68.50518615597682
 30
0.0
 40
0.05
  0
CIRCLE
  5
A94
330
17
100
AcDbEntity
  8
Ptos_reactivos
100
AcDbCircle
 10
67.78928781658361
 20
30.823896677405415
 30
0.0
 40
0.05
  0
CIRCLE
  5
A95
330
17
100
AcDbEntity
  8
Ptos_reactivos
100
AcDbCircle
 10
40.752052595734575
 20
74.49984498296082
 30
0.0
 40
0.05
  0
CIRCLE
  5
A96
330
17
100
AcDbEntity
  8
Ptos_reactivos
100
AcDbCircle
 10
13.548261641587622
 20
46.58919824376254
 30
0.0
 40
0.05
  0
CIRCLE
  5
A97
330
17
100
AcDbEntity
  8
Ptos_reactivos
100
AcDbCircle
 10
0.43209000321443036
 20
21.792978632381818
 30
0.0
 40
0.05
  0
CIRCLE
  5
A98
330
17
100
AcDbEntity
  8
Ptos_reactivos
100
AcDbCircle
 10
37.4979838895696
 20
59.390361156004964
 30
0.0
 40
0.05
  0
CIRCLE
  5
A99
330
17
100
AcDbEntity
  8
Ptos_reactivos
100
AcDbCircle
 10
63.095579664953824
 20
18.37676247704457
 30
0.0
 40
0.05
  0
CIRCLE
  5
A9A
330
17
100
AcDbEntity
  8
Ptos_reactivos
100
AcDbCircle
 10
39.361169603186696
 20
7.65849230317695
 30
0.0
 40
0.05
  0
CIRCLE
  5
A9B
330
17
100
AcDbEntity
  8
Ptos_reactivos
100
AcDbCircle
 10
11.371388742709634
 20
3.3231097868383577
 30
0.0
 40
0.05
  0
CIRCLE
  5
A9C
330
17
100
AcDbEntity
  8
Ptos_reactivos
100
AcDbCircle
 10
72.86073946681661
 20
58.19839704136019
 30
0.0
 40
0.05
  0
CIRCLE
  5
A9D
330
17
100
AcDbEntity
  8
Ptos_reactivos
100
AcDbCircle
 10
65.51939823691797
 20
20.468665926366022
 30
0.0
 40
0.05
  0
CIRCLE
  5
A9E
330
17
100
AcDbEntity
  8
Ptos_reactivos
100
AcDbCircle
 10
67.0499138483499
 20
42.15641481279547
 30
0.0
 40
0.05
  0
CIRCLE
  5
A9F
330
17
100
AcDbEntity
  8
Ptos_reactivos
100
AcDbCircle
 10
62.67612003592247
 20
69.6640880535024
 30
0.0
 40
0.05
  0
CIRCLE
  5
AA0
330
17
100
AcDbEntity
  8
Ptos_reactivos
100
AcDbCircle
 10
10.032880003440924
 20
65.02645207497564
 30
0.0
 40
0.05
  0
CIRCLE
  5
AA1
330
17
100
AcDbEntity
  8
Ptos_reactivos
100
AcDbCircle
 10
1.6759532665572063
 20
57.058019900818884
 30
0.0
 40
0.05
  0
CIRCLE
  5
AA2
330
17
100
AcDbEntity
  8
Ptos_reactivos
100
AcDbCircle
 10
65.5121681553853
 20
50.33025774031679
 30
0.0
 40
0.05
  0
CIRCLE
  5
AA3
330
17
100
AcDbEntity
  8
Ptos_reactivos
100
AcDbCircle
 10
33.49110140136435
 20
42.086314365308716
 30
0.0
 40
0.05
  0
CIRCLE
  5
AA4
330
17
100
AcDbEntity
  8
Ptos_reactivos
100
AcDbCircle
 10
1.1260101834368847
 20
18.024558371753766
 30
0.0
 40
0.05
  0
CIRCLE
  5
AA5
330
17
100
AcDbEntity
  8
Ptos_reactivos
100
AcDbCircle
 10
1.8347378096574523
 20
19.503611079036318
 30
0.0
 40
0.05
  0
CIRCLE
  5
AA6
330
17
100
AcDbEntity
  8
Ptos_reactivos
100
AcDbCircle
 10
19.16380590079537
 20
32.69268413391112
 30
0.0
 40
0.05
  0
CIRCLE
  5
AA7
330
17
100
AcDbEntity
  8
Ptos_reactivos
100
AcDbCircle
 10
73.95419168395567
 20
4.362196993464382
 30
0.0
 40
0.05
  0
CIRCLE
  5
AA8
330
17
100
AcDbEntity
  8
Ptos_reactivos
100
AcDbCircle
 10
12.702531481051881
 20
34.356360733794745
 30
0.0
 40
0.05
  0
CIRCLE
  5
AA9
330
17
100
AcDbEntity
  8
Ptos_reactivos
100
AcDbCircle
 10
45.28512548226979
 20
72.32045480960777
 30
0.0
 40
0.05
  0
CIRCLE
  5
AAA
330
17
100
AcDbEntity
  8
Ptos_reactivos
100
AcDbCircle
 10
26.380072507716275
 20
66.24796432282298
 30
0.0
 40
0.05
  0
CIRCLE
  5
AAB
330
17
100
AcDbEntity
  8
Ptos_reactivos
100
AcDbCircle
 10
37.35037463438581
 20
6.165218309632891
 30
0.0
 40
0.05
  0
CIRCLE
  5
AAC
330
17
100
AcDbEntity
  8
Ptos_reactivos
100
AcDbCircle
 10
10.714850834607406
 20
38.73256646499933
 30
0.0
 40
0.05
  0
CIRCLE
  5
AAD
330
17
100
AcDbEntity
  8
Ptos_reactivos
100
AcDbCircle
 10
44.46600674258938
 20
67.30857479945033
 30
0.0
 40
0.05
  0
CIRCLE
  5
AAE
330
17
100
AcDbEntity
  8
Ptos_reactivos
100
AcDbCircle
 10
71.10899161225042
 20
2.9765301866148897
 30
0.0
 40
0.05
  0
CIRCLE
  5
AAF
330
17
100
AcDbEntity
  8
Ptos_reactivos
100
AcDbCircle
 10
19.37890044461249
 20
55.4470558261675
 30
0.0
 40
0.05
  0
CIRCLE
  5
AB0
330
17
100
AcDbEntity
  8
Ptos_reactivos
100
AcDbCircle
 10
22.34488509428102
 20
20.978620100395364
 30
0.0
 40
0.05
  0
CIRCLE
  5
AB1
330
17
100
AcDbEntity
  8
Ptos_reactivos
100
AcDbCircle
 10
31.453895633967267
 20
51.636033995343084
 30
0.0
 40
0.05
  0
CIRCLE
  5
AB2
330
17
100
AcDbEntity
  8
Ptos_reactivos
100
AcDbCircle
 10
55.44174819163859
 20
47.049886567047054
 30
0.0
 40
0.05
  0
CIRCLE
  5
AB3
330
17
100
AcDbEntity
  8
Ptos_reactivos
100
AcDbCircle
 10
1.1695962841430347
 20
56.935294239811824
 30
0.0
 40
0.05
  0
CIRCLE
  5
AB4
330
17
100
AcDbEntity
  8
Ptos_reactivos
100
AcDbCircle
 10
46.6902816800088
 20
58.91258733852107
 30
0.0
 40
0.05
  0
CIRCLE
  5
AB5
330
17
100
AcDbEntity
  8
Ptos_reactivos
100
AcDbCircle
 10
1.57978083885571
 20
63.98358282987327
 30
0.0
 40
0.05
  0
CIRCLE
  5
AB6
330
17
100
AcDbEntity
  8
Ptos_reactivos
100
AcDbCircle
 10
38.67045133098911
 20
74.16358660753906
 30
0.0
 40
0.05
  0
CIRCLE
  5
AB7
330
17
100
AcDbEntity
  8
Ptos_reactivos
100
AcDbCircle
 10
34.60470852976984
 20
30.59715226582713
 30
0.0
 40
0.05
  0
CIRCLE
  5
AB8
330
17
100
AcDbEntity
  8
Ptos_reactivos
100
AcDbCircle
 10
43.71686293524243
 20
7.150400577331534
 30
0.0
 40
0.05
  0
CIRCLE
  5
AB9
330
17
100
AcDbEntity
  8
Ptos_reactivos
100
AcDbCircle
 10
6.73207747613159
 20
58.26692731491928
 30
0.0
 40
0.05
  0
CIRCLE
  5
ABA
330
17
100
AcDbEntity
  8
Ptos_reactivos
100
AcDbCircle
 10
72.91656761355856
 20
57.55147726949722
 30
0.0
 40
0.05
  0
CIRCLE
  5
ABB
330
17
100
AcDbEntity
  8
Ptos_reactivos
100
AcDbCircle
 10
58.01209104563008
 20
54.45326070799587
 30
0.0
 40
0.05
  0
CIRCLE
  5
ABC
330
17
100
AcDbEntity
  8
Ptos_reactivos
100
AcDbCircle
 10
65.37077601499054
 20
63.79759271899239
 30
0.0
 40
0.05
  0
CIRCLE
  5
ABD
330
17
100
AcDbEntity
  8
Ptos_reactivos
100
AcDbCircle
 10
18.437460042738486
 20
55.4325932077049
 30
0.0
 40
0.05
  0
CIRCLE
  5
ABE
330
17
100
AcDbEntity
  8
Ptos_reactivos
100
AcDbCircle
 10
40.10254283609643
 20
70.30097390697735
 30
0.0
 40
0.05
  0
CIRCLE
  5
ABF
330
17
100
AcDbEntity
  8
Ptos_reactivos
100
AcDbCircle
 10
34.95678721098361
 20
48.01335455210207
 30
0.0
 40
0.05
  0
CIRCLE
  5
AC0
330
17
100
AcDbEntity
  8
Ptos_reactivos
100
AcDbCircle
 10
46.30867959135618
 20
6.9546643242295785
 30
0.0
 40
0.05
  0
CIRCLE
  5
AC1
330
17
100
AcDbEntity
  8
Ptos_reactivos
100
AcDbCircle
 10
9.24903128448969
 20
74.15295493030577
 30
0.0
 40
0.05
  0
CIRCLE
  5
AC2
330
17
100
AcDbEntity
  8
Ptos_reactivos
100
AcDbCircle
 10
62.79366347202273
 20
13.358706014376235
 30
0.0
 40
0.05
  0
CIRCLE
  5
AC3
330
17
100
AcDbEntity
  8
Ptos_reactivos
100
AcDbCircle
 10
63.55550019268914
 20
48.81607078343654
 30
0.0
 40
0.05
  0
CIRCLE
  5
AC4
330
17
100
AcDbEntity
  8
Ptos_reactivos
100
AcDbCircle
 10
26.895384312517155
 20
61.87374408108793
 30
0.0
 40
0.05
  0
CIRCLE
  5
AC5
330
17
100
AcDbEntity
  8
Ptos_reactivos
100
AcDbCircle
 10
3.7774699973010333
 20
8.553433716401795
 30
0.0
 40
0.05
  0
CIRCLE
  5
AC6
330
17
100
AcDbEntity
  8
Ptos_reactivos
100
AcDbCircle
 10
45.97503207677014
 20
64.64579463650725
 30
0.0
 40
0.05
  0
CIRCLE
  5
AC7
330
17
100
AcDbEntity
  8
Ptos_reactivos
100
AcDbCircle
 10
6.710530174534501
 20
40.64465153738544
 30
0.0
 40
0.05
  0
CIRCLE
  5
AC8
330
17
100
AcDbEntity
  8
Ptos_reactivos
100
AcDbCircle
 10
31.972955639671817
 20
1.0165903483698586
 30
0.0
 40
0.05
  0
CIRCLE
  5
AC9
330
17
100
AcDbEntity
  8
Ptos_reactivos
100
AcDbCircle
 10
21.85152707896852
 20
20.68802949077606
 30
0.0
 40
0.05
  0
CIRCLE
  5
ACA
330
17
100
AcDbEntity
  8
Ptos_reactivos
100
AcDbCircle
 10
44.07066419863839
 20
31.3279436317304
 30
0.0
 40
0.05
  0
CIRCLE
  5
ACB
330
17
100
AcDbEntity
  8
Ptos_reactivos
100
AcDbCircle
 10
0.17039608212253143
 20
34.951430271055905
 30
0.0
 40
0.05
  0
CIRCLE
  5
ACC
330
17
100
AcDbEntity
  8
Ptos_reactivos
100
AcDbCircle
 10
57.94063636548737
 20
25.684166869465958
 30
0.0
 40
0.05
  0
CIRCLE
  5
ACD
330
17
100
AcDbEntity
  8
Ptos_reactivos
100
AcDbCircle
 10
37.24579928168386
 20
9.03699295666466
 30
0.0
 40
0.05
  0
CIRCLE
  5
ACE
330
17
100
AcDbEntity
  8
Ptos_reactivos
100
AcDbCircle
 10
48.94984336301777
 20
49.25453626667501
 30
0.0
 40
0.05
  0
CIRCLE
  5
ACF
330
17
100
AcDbEntity
  8
Ptos_reactivos
100
AcDbCircle
 10
9.480007747011095
 20
73.27500992344257
 30
0.0
 40
0.05
  0
CIRCLE
  5
AD0
330
17
100
AcDbEntity
  8
Ptos_reactivos
100
AcDbCircle
 10
25.634150986720627
 20
22.789673057238282
 30
0.0
 40
0.05
  0
CIRCLE
  5
AD1
330
17
100
AcDbEntity
  8
Ptos_reactivos
100
AcDbCircle
 10
60.958275244449744
 20
32.33971106870356
 30
0.0
 40
0.05
  0
CIRCLE
  5
AD2
330
17
100
AcDbEntity
  8
Ptos_reactivos
100
AcDbCircle
 10
2.0874203829191753
 20
15.910174527828177
 30
0.0
 40
0.05
  0
CIRCLE
  5
AD3
330
17
100
AcDbEntity
  8
Ptos_reactivos
100
AcDbCircle
 10
59.38837366300379
 20
21.590435249522194
 30
0.0
 40
0.05
  0
CIRCLE
  5
AD4
330
17
100
AcDbEntity
  8
Ptos_reactivos
100
AcDbCircle
 10
23.77224407742569
 20
50.02304545668033
 30
0.0
 40
0.05
  0
CIRCLE
  5
AD5
330
17
100
AcDbEntity
  8
Ptos_reactivos
100
AcDbCircle
 10
39.65620266202241
 20
68.00790907384958
 30
0.0
 40
0.05
  0
CIRCLE
  5
AD6
330
17
100
AcDbEntity
  8
Ptos_reactivos
100
AcDbCircle
 10
15.587101029824101
 20
18.387236883284558
 30
0.0
 40
0.05
  0
CIRCLE
  5
AD7
330
17
100
AcDbEntity
  8
Ptos_reactivos
100
AcDbCircle
 10
7.625535064744829
 20
71.045837990603
 30
0.0
 40
0.05
  0
CIRCLE
  5
AD8
330
17
100
AcDbEntity
  8
Ptos_reactivos
100
AcDbCircle
 10
48.785517357508354
 20
10.331965998583708
 30
0.0
 40
0.05
  0
CIRCLE
  5
AD9
330
17
100
AcDbEntity
  8
Ptos_reactivos
100
AcDbCircle
 10
55.01909839444433
 20
10.230252848499086
 30
0.0
 40
0.05
  0
CIRCLE
  5
ADA
330
17
100
AcDbEntity
  8
Ptos_reactivos
100
AcDbCircle
 10
18.941252350606653
 20
56.13468491253969
 30
0.0
 40
0.05
  0
CIRCLE
  5
ADB
330
17
100
AcDbEntity
  8
Ptos_reactivos
100
AcDbCircle
 10
70.54905278639211
 20
62.949027682777995
 30
0.0
 40
0.05
  0
CIRCLE
  5
ADC
330
17
100
AcDbEntity
  8
Ptos_reactivos
100
AcDbCircle
 10
26.530176578140686
 20
58.31743906875656
 30
0.0
 40
0.05
  0
CIRCLE
  5
ADD
330
17
100
AcDbEntity
  8
Ptos_reactivos
100
AcDbCircle
 10
34.41610022905046
 20
13.345278317050902
 30
0.0
 40
0.05
  0
CIRCLE
  5
ADE
330
17
100
AcDbEntity
  8
Ptos_reactivos
100
AcDbCircle
 10
10.334698688743057
 20
60.74991116455001
 30
0.0
 40
0.05
  0
CIRCLE
  5
ADF
330
17
100
AcDbEntity
  8
Ptos_reactivos
100
AcDbCircle
 10
43.99854654452748
 20
62.43372539142691
 30
0.0
 40
0.05
  0
CIRCLE
  5
AE0
330
17
100
AcDbEntity
  8
Ptos_reactivos
100
AcDbCircle
 10
69.96199154771138
 20
2.036160945386217
 30
0.0
 40
0.05
  0
CIRCLE
  5
AE1
330
17
100
AcDbEntity
  8
Ptos_reactivos
100
AcDbCircle
 10
31.91199126970069
 20
47.578934997599276
 30
0.0
 40
0.05
  0
CIRCLE
  5
AE2
330
17
100
AcDbEntity
  8
Ptos_reactivos
100
AcDbCircle
 10
0.351490629341214
 20
63.32101887585208
 30
0.0
 40
0.05
  0
CIRCLE
  5
AE3
330
17
100
AcDbEntity
  8
Ptos_reactivos
100
AcDbCircle
 10
55.988938027268794
 20
33.55809358757779
 30
0.0
 40
0.05
  0
CIRCLE
  5
AE4
330
17
100
AcDbEntity
  8
Ptos_reactivos
100
AcDbCircle
 10
26.47993141551634
 20
20.268839916878868
 30
0.0
 40
0.05
  0
CIRCLE
  5
AE5
330
17
100
AcDbEntity
  8
Ptos_reactivos
100
AcDbCircle
 10
12.952727541034303
 20
21.289796247731203
 30
0.0
 40
0.05
  0
CIRCLE
  5
AE6
330
17
100
AcDbEntity
  8
Ptos_reactivos
100
AcDbCircle
 10
12.1809088318207
 20
61.383223287218975
 30
0.0
 40
0.05
  0
CIRCLE
  5
AE7
330
17
100
AcDbEntity
  8
Ptos_reactivos
100
AcDbCircle
 10
61.879731113137964
 20
17.91403150471669
 30
0.0
 40
0.05
  0
CIRCLE
  5
AE8
330
17
100
AcDbEntity
  8
Ptos_reactivos
100
AcDbCircle
 10
7.099407800312821
 20
11.13017189341152
 30
0.0
 40
0.05
  0
CIRCLE
  5
AE9
330
17
100
AcDbEntity
  8
Ptos_reactivos
100
AcDbCircle
 10
61.336360231619395
 20
7.576666978558821
 30
0.0
 40
0.05
  0
CIRCLE
  5
AEA
330
17
100
AcDbEntity
  8
Ptos_reactivos
100
AcDbCircle
 10
41.45648881057293
 20
73.45674326352126
 30
0.0
 40
0.05
  0
CIRCLE
  5
AEB
330
17
100
AcDbEntity
  8
Ptos_reactivos
100
AcDbCircle
 10
74.40841317916214
 20
41.14697134453651
 30
0.0
 40
0.05
  0
CIRCLE
  5
AEC
330
17
100
AcDbEntity
  8
Ptos_reactivos
100
AcDbCircle
 10
63.07183301034027
 20
63.05310094150646
 30
0.0
 40
0.05
  0
CIRCLE
  5
AED
330
17
100
AcDbEntity
  8
Ptos_reactivos
100
AcDbCircle
 10
9.432564241343838
 20
2.870129931808413
 30
0.0
 40
0.05
  0
CIRCLE
  5
AEE
330
17
100
AcDbEntity
  8
Ptos_reactivos
100
AcDbCircle
 10
26.502977966093916
 20
65.81993491229888
 30
0.0
 40
0.05
  0
CIRCLE
  5
AEF
330
17
100
AcDbEntity
  8
Ptos_reactivos
100
AcDbCircle
 10
44.71401257486271
 20
24.36137493741218
 30
0.0
 40
0.05
  0
CIRCLE
  5
AF0
330
17
100
AcDbEntity
  8
Ptos_reactivos
100
AcDbCircle
 10
38.50828539631401
 20
44.10433227099909
 30
0.0
 40
0.05
  0
CIRCLE
  5
AF1
330
17
100
AcDbEntity
  8
Ptos_reactivos
100
AcDbCircle
 10
6.6477363810994285
 20
41.789497009249054
 30
0.0
 40
0.05
  0
CIRCLE
  5
AF2
330
17
100
AcDbEntity
  8
Ptos_reactivos
100
AcDbCircle
 10
47.45999816583508
 20
49.77693750125662
 30
0.0
 40
0.05
  0
CIRCLE
  5
AF3
330
17
100
AcDbEntity
  8
Ptos_reactivos
100
AcDbCircle
 10
44.84107689296102
 20
7.073987501947113
 30
0.0
 40
0.05
  0
CIRCLE
  5
AF4
330
17
100
AcDbEntity
  8
Ptos_reactivos
100
AcDbCircle
 10
29.509738651274553
 20
52.48777522015619
 30
0.0
 40
0.05
  0
CIRCLE
  5
AF5
330
17
100
AcDbEntity
  8
Ptos_reactivos
100
AcDbCircle
 10
61.37462169404898
 20
17.81086610129959
 30
0.0
 40
0.05
  0
CIRCLE
  5
AF6
330
17
100
AcDbEntity
  8
Ptos_reactivos
100
AcDbCircle
 10
16.485879660130937
 20
57.43460850195651
 30
0.0
 40
0.05
  0
CIRCLE
  5
AF7
330
17
100
AcDbEntity
  8
Ptos_reactivos
100
AcDbCircle
 10
52.74908449356304
 20
32.80577411227971
 30
0.0
 40
0.05
  0
CIRCLE
  5
AF8
330
17
100
AcDbEntity
  8
Ptos_reactivos
100
AcDbCircle
 10
22.330880960327544
 20
40.379664924565965
 30
0.0
 40
0.05
  0
CIRCLE
  5
AF9
330
17
100
AcDbEntity
  8
Ptos_reactivos
100
AcDbCircle
 10
24.792733278940798
 20
65.47975028309834
 30
0.0
 40
0.05
  0
CIRCLE
  5
AFA
330
17
100
AcDbEntity
  8
Ptos_reactivos
100
AcDbCircle
 10
3.139219075431293
 20
56.88339477543955
 30
0.0
 40
0.05
  0
CIRCLE
  5
AFB
330
17
100
AcDbEntity
  8
Ptos_reactivos
100
AcDbCircle
 10
44.607350816020805
 20
60.28293274217503
 30
0.0
 40
0.05
  0
CIRCLE
  5
AFC
330
17
100
AcDbEntity
  8
Ptos_reactivos
100
AcDbCircle
 10
18.67236317924849
 20
7.486581791244104
 30
0.0
 40
0.05
  0
CIRCLE
  5
AFD
330
17
100
AcDbEntity
  8
Ptos_reactivos
100
AcDbCircle
 10
58.614903708761304
 20
61.69324715615068
 30
0.0
 40
0.05
  0
CIRCLE
  5
AFE
330
17
100
AcDbEntity
  8
Ptos_reactivos
100
AcDbCircle
 10
30.27422140307449
 20
46.261360348691746
 30
0.0
 40
0.05
  0
CIRCLE
  5
AFF
330
17
100
AcDbEntity
  8
Ptos_reactivos
100
AcDbCircle
 10
38.943857773469375
 20
4.1455711244414415
 30
0.0
 40
0.05
  0
CIRCLE
  5
B00
330
17
100
AcDbEntity
  8
Ptos_reactivos
100
AcDbCircle
 10
2.845308630739951
 20
55.8973660092762
 30
0.0
 40
0.05
  0
CIRCLE
  5
B01
330
17
100
AcDbEntity
  8
Ptos_reactivos
100
AcDbCircle
 10
74.27080584234514
 20
3.1198563357284685
 30
0.0
 40
0.05
  0
CIRCLE
  5
B02
330
17
100
AcDbEntity
  8
Ptos_reactivos
100
AcDbCircle
 10
69.2103152642436
 20
16.59991455472888
 30
0.0
 40
0.05
  0
CIRCLE
  5
B03
330
17
100
AcDbEntity
  8
Ptos_reactivos
100
AcDbCircle
 10
35.21092797203042
 20
58.962777882134645
 30
0.0
 40
0.05
  0
CIRCLE
  5
B04
330
17
100
AcDbEntity
  8
Ptos_reactivos
100
AcDbCircle
 10
35.63375009827677
 20
46.05330199342709
 30
0.0
 40
0.05
  0
CIRCLE
  5
B05
330
17
100
AcDbEntity
  8
Ptos_reactivos
100
AcDbCircle
 10
41.87428215186199
 20
50.20302771958031
 30
0.0
 40
0.05
  0
CIRCLE
  5
B06
330
17
100
AcDbEntity
  8
Ptos_reactivos
100
AcDbCircle
 10
32.63911611209181
 20
13.10440278700748
 30
0.0
 40
0.05
  0
CIRCLE
  5
B07
330
17
100
AcDbEntity
  8
Ptos_reactivos
100
AcDbCircle
 10
10.397281554914883
 20
56.361728337652366
 30
0.0
 40
0.05
  0
CIRCLE
  5
B08
330
17
100
AcDbEntity
  8
Ptos_reactivos
100
AcDbCircle
 10
18.329442103469365
 20
67.6988497425795
 30
0.0
 40
0.05
  0
CIRCLE
  5
B09
330
17
100
AcDbEntity
  8
Ptos_reactivos
100
AcDbCircle
 10
34.1518575518951
 20
40.28009271970795
 30
0.0
 40
0.05
  0
CIRCLE
  5
B0A
330
17
100
AcDbEntity
  8
Ptos_reactivos
100
AcDbCircle
 10
0.7750592472731271
 20
59.169288013079615
 30
0.0
 40
0.05
  0
CIRCLE
  5
B0B
330
17
100
AcDbEntity
  8
Ptos_reactivos
100
AcDbCircle
 10
64.06817230079322
 20
9.93662408074775
 30
0.0
 40
0.05
  0
CIRCLE
  5
B0C
330
17
100
AcDbEntity
  8
Ptos_reactivos
100
AcDbCircle
 10
55.54021081894118
 20
29.563659247103036
 30
0.0
 40
0.05
  0
CIRCLE
  5
B0D
330
17
100
AcDbEntity
  8
Ptos_reactivos
100
AcDbCircle
 10
52.9827251999078
 20
73.56033368438801
 30
0.0
 40
0.05
  0
CIRCLE
  5
B0E
330
17
100
AcDbEntity
  8
Ptos_reactivos
100
AcDbCircle
 10
17.673348583512993
 20
54.166995494777694
 30
0.0
 40
0.05
  0
CIRCLE
  5
B0F
330
17
100
AcDbEntity
  8
Ptos_reactivos
100
AcDbCircle
 10
36.918885641908716
 20
28.875557560186213
 30
0.0
 40
0.05
  0
CIRCLE
  5
B10
330
17
100
AcDbEntity
  8
Ptos_reactivos
100
AcDbCircle
 10
68.07958078641767
 20
40.94185544955721
 30
0.0
 40
0.05
  0
CIRCLE
  5
B11
330
17
100
AcDbEntity
  8
Ptos_reactivos
100
AcDbCircle
 10
71.9444703239191
 20
47.84213776339056
 30
0.0
 40
0.05
  0
CIRCLE
  5
B12
330
17
100
AcDbEntity
  8
Ptos_reactivos
100
AcDbCircle
 10
68.63441422721623
 20
44.62958317649879
 30
0.0
 40
0.05
  0
CIRCLE
  5
B13
330
17
100
AcDbEntity
  8
Ptos_reactivos
100
AcDbCircle
 10
37.661014146370604
 20
61.31144056188178
 30
0.0
 40
0.05
  0
CIRCLE
  5
B14
330
17
100
AcDbEntity
  8
Ptos_reactivos
100
AcDbCircle
 10
29.27796044990023
 20
28.003156851487905
 30
0.0
 40
0.05
  0
CIRCLE
  5
B15
330
17
100
AcDbEntity
  8
Ptos_reactivos
100
AcDbCircle
 10
20.843654254954902
 20
70.20745712919347
 30
0.0
 40
0.05
  0
CIRCLE
  5
B16
330
17
100
AcDbEntity
  8
Ptos_reactivos
100
AcDbCircle
 10
62.10539709436211
 20
73.35524835490244
 30
0.0
 40
0.05
  0
CIRCLE
  5
B17
330
17
100
AcDbEntity
  8
Ptos_reactivos
100
AcDbCircle
 10
7.514016022243389
 20
9.811149086086793
 30
0.0
 40
0.05
  0
CIRCLE
  5
B18
330
17
100
AcDbEntity
  8
Ptos_reactivos
100
AcDbCircle
 10
51.69882504965886
 20
66.39341987210189
 30
0.0
 40
0.05
  0
CIRCLE
  5
B19
330
17
100
AcDbEntity
  8
Ptos_reactivos
100
AcDbCircle
 10
70.34986295731231
 20
23.04729493071494
 30
0.0
 40
0.05
  0
CIRCLE
  5
B1A
330
17
100
AcDbEntity
  8
Ptos_reactivos
100
AcDbCircle
 10
2.4915181477510373
 20
62.23555954270462
 30
0.0
 40
0.05
  0
CIRCLE
  5
B1B
330
17
100
AcDbEntity
  8
Ptos_reactivos
100
AcDbCircle
 10
26.329793404078785
 20
24.263781502356206
 30
0.0
 40
0.05
  0
CIRCLE
  5
B1C
330
17
100
AcDbEntity
  8
Ptos_reactivos
100
AcDbCircle
 10
43.46269881604715
 20
1.8022328538806587
 30
0.0
 40
0.05
  0
CIRCLE
  5
B1D
330
17
100
AcDbEntity
  8
Ptos_reactivos
100
AcDbCircle
 10
40.879326367958335
 20
27.24013503982134
 30
0.0
 40
0.05
  0
CIRCLE
  5
B1E
330
17
100
AcDbEntity
  8
Ptos_reactivos
100
AcDbCircle
 10
37.782899250913566
 20
8.758595141605069
 30
0.0
 40
0.05
  0
CIRCLE
  5
B1F
330
17
100
AcDbEntity
  8
Ptos_reactivos
100
AcDbCircle
 10
11.477257868264848
 20
55.25907634431299
 30
0.0
 40
0.05
  0
CIRCLE
  5
B20
330
17
100
AcDbEntity
  8
Ptos_reactivos
100
AcDbCircle
 10
30.56762361476765
 20
1.6923125486052153
 30
0.0
 40
0.05
  0
CIRCLE
  5
B21
330
17
100
AcDbEntity
  8
Ptos_reactivos
100
AcDbCircle
 10
1.4170799321034266
 20
61.663241397548965
 30
0.0
 40
0.05
  0
CIRCLE
  5
B22
330
17
100
AcDbEntity
  8
Ptos_reactivos
100
AcDbCircle
 10
29.773889823866536
 20
27.383390819971595
 30
0.0
 40
0.05
  0
CIRCLE
  5
B23
330
17
100
AcDbEntity
  8
Ptos_reactivos
100
AcDbCircle
 10
34.77070680835398
 20
67.15769083755677
 30
0.0
 40
0.05
  0
CIRCLE
  5
B24
330
17
100
AcDbEntity
  8
Ptos_reactivos
100
AcDbCircle
 10
70.25413251008052
 20
3.3402091653105286
 30
0.0
 40
0.05
  0
CIRCLE
  5
B25
330
17
100
AcDbEntity
  8
Ptos_reactivos
100
AcDbCircle
 10
68.11542606271024
 20
27.061138499275174
 30
0.0
 40
0.05
  0
CIRCLE
  5
B26
330
17
100
AcDbEntity
  8
Ptos_reactivos
100
AcDbCircle
 10
73.36742325216646
 20
57.54758017465716
 30
0.0
 40
0.05
  0
CIRCLE
  5
B27
330
17
100
AcDbEntity
  8
Ptos_reactivos
100
AcDbCircle
 10
31.108111560571064
 20
52.9478506692514
 30
0.0
 40
0.05
  0
CIRCLE
  5
B28
330
17
100
AcDbEntity
  8
Ptos_reactivos
100
AcDbCircle
 10
48.10383668859408
 20
50.39338827848352
 30
0.0
 40
0.05
  0
CIRCLE
  5
B29
330
17
100
AcDbEntity
  8
Ptos_reactivos
100
AcDbCircle
 10
74.6344871080044
 20
29.520217843346465
 30
0.0
 40
0.05
  0
CIRCLE
  5
B2A
330
17
100
AcDbEntity
  8
Ptos_reactivos
100
AcDbCircle
 10
5.835704200329056
 20
74.79344086776456
 30
0.0
 40
0.05
  0
CIRCLE
  5
B2B
330
17
100
AcDbEntity
  8
Ptos_reactivos
100
AcDbCircle
 10
43.10898865400425
 20
1.8153920744418295
 30
0.0
 40
0.05
  0
CIRCLE
  5
B2C
330
17
100
AcDbEntity
  8
Ptos_reactivos
100
AcDbCircle
 10
65.07893210764428
 20
32.31107272036254
 30
0.0
 40
0.05
  0
CIRCLE
  5
B2D
330
17
100
AcDbEntity
  8
Ptos_reactivos
100
AcDbCircle
 10
51.93194561453465
 20
48.01329990681712
 30
0.0
 40
0.05
  0
CIRCLE
  5
B2E
330
17
100
AcDbEntity
  8
Ptos_reactivos
100
AcDbCircle
 10
30.25512018064177
 20
49.35307000161131
 30
0.0
 40
0.05
  0
CIRCLE
  5
B2F
330
17
100
AcDbEntity
  8
Ptos_reactivos
100
AcDbCircle
 10
12.811919604778446
 20
64.65690855669041
 30
0.0
 40
0.05
  0
CIRCLE
  5
B30
330
17
100
AcDbEntity
  8
Ptos_reactivos
100
AcDbCircle
 10
38.051719283916746
 20
61.065814677131165
 30
0.0
 40
0.05
  0
CIRCLE
  5
B31
330
17
100
AcDbEntity
  8
Ptos_reactivos
100
AcDbCircle
 10
1.9310276663540848
 20
9.130597154134767
 30
0.0
 40
0.05
  0
CIRCLE
  5
B32
330
17
100
AcDbEntity
  8
Ptos_reactivos
100
AcDbCircle
 10
67.82606257215552
 20
11.989380933153127
 30
0.0
 40
0.05
  0
CIRCLE
  5
B33
330
17
100
AcDbEntity
  8
Ptos_reactivos
100
AcDbCircle
 10
61.54299482177852
 20
68.4745437811563
 30
0.0
 40
0.05
  0
CIRCLE
  5
B34
330
17
100
AcDbEntity
  8
Ptos_reactivos
100
AcDbCircle
 10
57.637704404066305
 20
52.879976305933546
 30
0.0
 40
0.05
  0
CIRCLE
  5
B35
330
17
100
AcDbEntity
  8
Ptos_reactivos
100
AcDbCircle
 10
44.5370097830417
 20
23.324623172946293
 30
0.0
 40
0.05
  0
CIRCLE
  5
B36
330
17
100
AcDbEntity
  8
Ptos_reactivos
100
AcDbCircle
 10
36.737411250157386
 20
2.2438462105603127
 30
0.0
 40
0.05
  0
CIRCLE
  5
B37
330
17
100
AcDbEntity
  8
Ptos_reactivos
100
AcDbCircle
 10
2.35679319161442
 20
45.69931128128906
 30
0.0
 40
0.05
  0
CIRCLE
  5
B38
330
17
100
AcDbEntity
  8
Ptos_reactivos
100
AcDbCircle
 10
9.776534724420713
 20
4.032748958260421
 30
0.0
 40
0.05
  0
CIRCLE
  5
B39
330
17
100
AcDbEntity
  8
Ptos_reactivos
100
AcDbCircle
 10
37.07705215058865
 20
46.26331297631301
 30
0.0
 40
0.05
  0
CIRCLE
  5
B3A
330
17
100
AcDbEntity
  8
Ptos_reactivos
100
AcDbCircle
 10
7.821980538668946
 20
44.758185045159074
 30
0.0
 40
0.05
  0
CIRCLE
  5
B3B
330
17
100
AcDbEntity
  8
Ptos_reactivos
100
AcDbCircle
 10
40.530511616015424
 20
32.3286461965785
 30
0.0
 40
0.05
  0
CIRCLE
  5
B3C
330
17
100
AcDbEntity
  8
Ptos_reactivos
100
AcDbCircle
 10
57.66187221785111
 20
67.72915239256785
 30
0.0
 40
0.05
  0
CIRCLE
  5
B3D
330
17
100
AcDbEntity
  8
Ptos_reactivos
100
AcDbCircle
 10
0.287115784093428
 20
20.55217477329476
 30
0.0
 40
0.05
  0
CIRCLE
  5
B3E
330
17
100
AcDbEntity
  8
Ptos_reactivos
100
AcDbCircle
 10
21.095768230005767
 20
69.79950112772839
 30
0.0
 40
0.05
  0
CIRCLE
  5
B3F
330
17
100
AcDbEntity
  8
Ptos_reactivos
100
AcDbCircle
 10
0.5903655291654042
 20
44.21053075940161
 30
0.0
 40
0.05
  0
CIRCLE
  5
B40
330
17
100
AcDbEntity
  8
Ptos_reactivos
100
AcDbCircle
 10
7.5694711572507405
 20
20.110319457859898
 30
0.0
 40
0.05
  0
CIRCLE
  5
B41
330
17
100
AcDbEntity
  8
Ptos_reactivos
100
AcDbCircle
 10
7.275461666975155
 20
68.51133051748133
 30
0.0
 40
0.05
  0
CIRCLE
  5
B42
330
17
100
AcDbEntity
  8
Ptos_reactivos
100
AcDbCircle
 10
0.05310441957900591
 20
46.68337115585592
 30
0.0
 40
0.05
  0
CIRCLE
  5
B43
330
17
100
AcDbEntity
  8
Ptos_reactivos
100
AcDbCircle
 10
26.514288646010716
 20
23.26373178079802
 30
0.0
 40
0.05
  0
CIRCLE
  5
B44
330
17
100
AcDbEntity
  8
Ptos_reactivos
100
AcDbCircle
 10
11.780671295345996
 20
27.034121722311077
 30
0.0
 40
0.05
  0
CIRCLE
  5
B45
330
17
100
AcDbEntity
  8
Ptos_reactivos
100
AcDbCircle
 10
42.35047116294659
 20
52.57270316808158
 30
0.0
 40
0.05
  0
CIRCLE
  5
B46
330
17
100
AcDbEntity
  8
Ptos_reactivos
100
AcDbCircle
 10
18.875700711142912
 20
68.19981556441064
 30
0.0
 40
0.05
  0
CIRCLE
  5
B47
330
17
100
AcDbEntity
  8
Ptos_reactivos
100
AcDbCircle
 10
53.27154041450814
 20
22.145967593376366
 30
0.0
 40
0.05
  0
CIRCLE
  5
B48
330
17
100
AcDbEntity
  8
Ptos_reactivos
100
AcDbCircle
 10
74.1704141234723
 20
73.55907297154903
 30
0.0
 40
0.05
  0
CIRCLE
  5
B49
330
17
100
AcDbEntity
  8
Ptos_reactivos
100
AcDbCircle
 10
46.37427032100263
 20
39.93300769106274
 30
0.0
 40
0.05
  0
CIRCLE
  5
B4A
330
17
100
AcDbEntity
  8
Ptos_reactivos
100
AcDbCircle
 10
30.610633984975827
 20
46.65550336463265
 30
0.0
 40
0.05
  0
CIRCLE
  5
B4B
330
17
100
AcDbEntity
  8
Ptos_reactivos
100
AcDbCircle
 10
21.131918699246157
 20
21.6672695416815
 30
0.0
 40
0.05
  0
CIRCLE
  5
B4C
330
17
100
AcDbEntity
  8
Ptos_reactivos
100
AcDbCircle
 10
16.521789770186842
 20
14.819709082916368
 30
0.0
 40
0.05
  0
CIRCLE
  5
B4D
330
17
100
AcDbEntity
  8
Ptos_reactivos
100
AcDbCircle
 10
3.151345376878631
 20
7.734235487597846
 30
0.0
 40
0.05
  0
CIRCLE
  5
B4E
330
17
100
AcDbEntity
  8
Ptos_reactivos
100
AcDbCircle
 10
19.90526498828182
 20
7.590310166761455
 30
0.0
 40
0.05
  0
CIRCLE
  5
B4F
330
17
100
AcDbEntity
  8
Ptos_reactivos
100
AcDbCircle
 10
17.216599074710707
 20
11.266917877629535
 30
0.0
 40
0.05
  0
CIRCLE
  5
B50
330
17
100
AcDbEntity
  8
Ptos_reactivos
100
AcDbCircle
 10
23.885931933919444
 20
72.9884912451149
 30
0.0
 40
0.05
  0
CIRCLE
  5
B51
330
17
100
AcDbEntity
  8
Ptos_reactivos
100
AcDbCircle
 10
44.529737960070264
 20
73.87624757918081
 30
0.0
 40
0.05
  0
CIRCLE
  5
B52
330
17
100
AcDbEntity
  8
Ptos_reactivos
100
AcDbCircle
 10
51.41642440859227
 20
68.45234719079495
 30
0.0
 40
0.05
  0
CIRCLE
  5
B53
330
17
100
AcDbEntity
  8
Ptos_reactivos
100
AcDbCircle
 10
4.044952399101357
 20
74.22060095066722
 30
0.0
 40
0.05
  0
CIRCLE
  5
B54
330
17
100
AcDbEntity
  8
Ptos_reactivos
100
AcDbCircle
 10
8.572639171693442
 20
14.580089822154225
 30
0.0
 40
0.05
  0
CIRCLE
  5
B55
330
17
100
AcDbEntity
  8
Ptos_reactivos
100
AcDbCircle
 10
60.69444328263906
 20
74.13646697947243
 30
0.0
 40
0.05
  0
CIRCLE
  5
B56
330
17
100
AcDbEntity
  8
Ptos_reactivos
100
AcDbCircle
 10
28.311883515738597
 20
4.719786630485864
 30
0.0
 40
0.05
  0
CIRCLE
  5
B57
330
17
100
AcDbEntity
  8
Ptos_reactivos
100
AcDbCircle
 10
34.74434052134588
 20
47.433442052129024
 30
0.0
 40
0.05
  0
CIRCLE
  5
B58
330
17
100
AcDbEntity
  8
Ptos_reactivos
100
AcDbCircle
 10
53.12826224577441
 20
24.191259813567
 30
0.0
 40
0.05
  0
CIRCLE
  5
B59
330
17
100
AcDbEntity
  8
Ptos_reactivos
100
AcDbCircle
 10
70.6587926575486
 20
48.10465345990167
 30
0.0
 40
0.05
  0
CIRCLE
  5
B5A
330
17
100
AcDbEntity
  8
Ptos_reactivos
100
AcDbCircle
 10
50.634409322772186
 20
73.92266078015261
 30
0.0
 40
0.05
  0
CIRCLE
  5
B5B
330
17
100
AcDbEntity
  8
Ptos_reactivos
100
AcDbCircle
 10
21.024495854269254
 20
0.5273810615589541
 30
0.0
 40
0.05
  0
CIRCLE
  5
B5C
330
17
100
AcDbEntity
  8
Ptos_reactivos
100
AcDbCircle
 10
4.072378426164453
 20
27.068295218070244
 30
0.0
 40
0.05
  0
CIRCLE
  5
B5D
330
17
100
AcDbEntity
  8
Ptos_reactivos
100
AcDbCircle
 10
72.9605569260389
 20
10.076139949870822
 30
0.0
 40
0.05
  0
CIRCLE
  5
B5E
330
17
100
AcDbEntity
  8
Ptos_reactivos
100
AcDbCircle
 10
64.51047570081602
 20
43.50103202346599
 30
0.0
 40
0.05
  0
CIRCLE
  5
B5F
330
17
100
AcDbEntity
  8
Ptos_reactivos
100
AcDbCircle
 10
60.618299518103676
 20
34.30680518441497
 30
0.0
 40
0.05
  0
CIRCLE
  5
B60
330
17
100
AcDbEntity
  8
Ptos_reactivos
100
AcDbCircle
 10
9.622459555719349
 20
4.195383116146312
 30
0.0
 40
0.05
  0
CIRCLE
  5
B61
330
17
100
AcDbEntity
  8
Ptos_reactivos
100
AcDbCircle
 10
44.576623411498076
 20
47.87265244755856
 30
0.0
 40
0.05
  0
CIRCLE
  5
B62
330
17
100
AcDbEntity
  8
Ptos_reactivos
100
AcDbCircle
 10
47.077754002963474
 20
7.0119326529973405
 30
0.0
 40
0.05
  0
CIRCLE
  5
B63
330
17
100
AcDbEntity
  8
Ptos_reactivos
100
AcDbCircle
 10
45.63004455131312
 20
48.632479599946166
 30
0.0
 40
0.05
  0
CIRCLE
  5
B64
330
17
100
AcDbEntity
  8
Ptos_reactivos
100
AcDbCircle
 10
72.65301996444538
 20
6.894697443027872
 30
0.0
 40
0.05
  0
CIRCLE
  5
B65
330
17
100
AcDbEntity
  8
Ptos_reactivos
100
AcDbCircle
 10
18.535303635350118
 20
73.59093354964045
 30
0.0
 40
0.05
  0
CIRCLE
  5
B66
330
17
100
AcDbEntity
  8
Ptos_reactivos
100
AcDbCircle
 10
43.364925494526496
 20
56.19193723712422
 30
0.0
 40
0.05
  0
CIRCLE
  5
B67
330
17
100
AcDbEntity
  8
Ptos_reactivos
100
AcDbCircle
 10
60.97741264849488
 20
7.153655084696087
 30
0.0
 40
0.05
  0
CIRCLE
  5
B68
330
17
100
AcDbEntity
  8
Ptos_reactivos
100
AcDbCircle
 10
0.2740470414222623
 20
46.49780116301625
 30
0.0
 40
0.05
  0
CIRCLE
  5
B69
330
17
100
AcDbEntity
  8
Ptos_reactivos
100
AcDbCircle
 10
52.65616613390963
 20
21.83385770748894
 30
0.0
 40
0.05
  0
CIRCLE
  5
B6A
330
17
100
AcDbEntity
  8
Ptos_reactivos
100
AcDbCircle
 10
27.48115469593105
 20
25.90965983366353
 30
0.0
 40
0.05
  0
CIRCLE
  5
B6B
330
17
100
AcDbEntity
  8
Ptos_reactivos
100
AcDbCircle
 10
41.148118923250955
 20
45.752427016791714
 30
0.0
 40
0.05
  0
CIRCLE
  5
B6C
330
17
100
AcDbEntity
  8
Ptos_reactivos
100
AcDbCircle
 10
64.11184277250422
 20
0.4330848613230076
 30
0.0
 40
0.05
  0
CIRCLE
  5
B6D
330
17
100
AcDbEntity
  8
Ptos_reactivos
100
AcDbCircle
 10
43.9069278287008
 20
28.29750747306344
 30
0.0
 40
0.05
  0
CIRCLE
  5
B6E
330
17
100
AcDbEntity
  8
Ptos_reactivos
100
AcDbCircle
 10
35.60038278993865
 20
33.554384941179485
 30
0.0
 40
0.05
  0
CIRCLE
  5
B6F
330
17
100
AcDbEntity
  8
Ptos_reactivos
100
AcDbCircle
 10
45.353485896966866
 20
7.7721814531546505
 30
0.0
 40
0.05
  0
CIRCLE
  5
B70
330
17
100
AcDbEntity
  8
Ptos_reactivos
100
AcDbCircle
 10
23.25977061318566
 20
73.90961385972712
 30
0.0
 40
0.05
  0
CIRCLE
  5
B71
330
17
100
AcDbEntity
  8
Ptos_reactivos
100
AcDbCircle
 10
30.428298025806242
 20
37.61104753001149
 30
0.0
 40
0.05
  0
CIRCLE
  5
B72
330
17
100
AcDbEntity
  8
Ptos_reactivos
100
AcDbCircle
 10
17.23902267279361
 20
68.31201625454547
 30
0.0
 40
0.05
  0
CIRCLE
  5
B73
330
17
100
AcDbEntity
  8
Ptos_reactivos
100
AcDbCircle
 10
34.167231084388845
 20
7.247568845062869
 30
0.0
 40
0.05
  0
CIRCLE
  5
B74
330
17
100
AcDbEntity
  8
Ptos_reactivos
100
AcDbCircle
 10
32.58189877236815
 20
67.1725465373538
 30
0.0
 40
0.05
  0
CIRCLE
  5
B75
330
17
100
AcDbEntity
  8
Ptos_reactivos
100
AcDbCircle
 10
67.74914757957842
 20
49.22797808420019
 30
0.0
 40
0.05
  0
CIRCLE
  5
B76
330
17
100
AcDbEntity
  8
Ptos_reactivos
100
AcDbCircle
 10
30.9068027973271
 20
61.731824379561964
 30
0.0
 40
0.05
  0
CIRCLE
  5
B77
330
17
100
AcDbEntity
  8
Ptos_reactivos
100
AcDbCircle
 10
73.23707079369444
 20
38.53336683016791
 30
0.0
 40
0.05
  0
CIRCLE
  5
B78
330
17
100
AcDbEntity
  8
Ptos_reactivos
100
AcDbCircle
 10
44.491304250791345
 20
48.22230182375114
 30
0.0
 40
0.05
  0
CIRCLE
  5
B79
330
17
100
AcDbEntity
  8
Ptos_reactivos
100
AcDbCircle
 10
2.9571337413021705
 20
42.06848416897709
 30
0.0
 40
0.05
  0
CIRCLE
  5
B7A
330
17
100
AcDbEntity
  8
Ptos_reactivos
100
AcDbCircle
 10
39.76632665421555
 20
27.154393682193703
 30
0.0
 40
0.05
  0
CIRCLE
  5
B7B
330
17
100
AcDbEntity
  8
Ptos_reactivos
100
AcDbCircle
 10
11.813376386577673
 20
4.946875659543537
 30
0.0
 40
0.05
  0
CIRCLE
  5
B7C
330
17
100
AcDbEntity
  8
Ptos_reactivos
100
AcDbCircle
 10
61.34801052693761
 20
66.25467185872004
 30
0.0
 40
0.05
  0
CIRCLE
  5
B7D
330
17
100
AcDbEntity
  8
Ptos_reactivos
100
AcDbCircle
 10
16.996548952271816
 20
20.51047458848211
 30
0.0
 40
0.05
  0
CIRCLE
  5
B7E
330
17
100
AcDbEntity
  8
Ptos_reactivos
100
AcDbCircle
 10
1.3470155194733628
 20
54.45184429526785
 30
0.0
 40
0.05
  0
CIRCLE
  5
B7F
330
17
100
AcDbEntity
  8
Ptos_reactivos
100
AcDbCircle
 10
34.95572550167968
 20
67.39032295430974
 30
0.0
 40
0.05
  0
CIRCLE
  5
B80
330
17
100
AcDbEntity
  8
Ptos_reactivos
100
AcDbCircle
 10
9.335880951787297
 20
63.16139913316249
 30
0.0
 40
0.05
  0
CIRCLE
  5
B81
330
17
100
AcDbEntity
  8
Ptos_reactivos
100
AcDbCircle
 10
32.94382089442815
 20
28.006566136965162
 30
0.0
 40
0.05
  0
CIRCLE
  5
B82
330
17
100
AcDbEntity
  8
Ptos_reactivos
100
AcDbCircle
 10
4.2202242181303635
 20
25.426599595099102
 30
0.0
 40
0.05
  0
CIRCLE
  5
B83
330
17
100
AcDbEntity
  8
Ptos_reactivos
100
AcDbCircle
 10
51.93876516566129
 20
67.62822796549156
 30
0.0
 40
0.05
  0
CIRCLE
  5
B84
330
17
100
AcDbEntity
  8
Ptos_reactivos
100
AcDbCircle
 10
31.09738284234487
 20
2.5815188083600615
 30
0.0
 40
0.05
  0
CIRCLE
  5
B85
330
17
100
AcDbEntity
  8
Ptos_reactivos
100
AcDbCircle
 10
66.58010773223285
 20
38.73842657101726
 30
0.0
 40
0.05
  0
CIRCLE
  5
B86
330
17
100
AcDbEntity
  8
Ptos_reactivos
100
AcDbCircle
 10
45.538122253343865
 20
27.03702829625293
 30
0.0
 40
0.05
  0
CIRCLE
  5
B87
330
17
100
AcDbEntity
  8
Ptos_reactivos
100
AcDbCircle
 10
13.79724885448432
 20
58.86705423228028
 30
0.0
 40
0.05
  0
CIRCLE
  5
B88
330
17
100
AcDbEntity
  8
Ptos_reactivos
100
AcDbCircle
 10
30.143358920053792
 20
9.386314739834035
 30
0.0
 40
0.05
  0
CIRCLE
  5
B89
330
17
100
AcDbEntity
  8
Ptos_reactivos
100
AcDbCircle
 10
1.1163231985764606
 20
33.91023269691651
 30
0.0
 40
0.05
  0
CIRCLE
  5
B8A
330
17
100
AcDbEntity
  8
Ptos_reactivos
100
AcDbCircle
 10
39.52015294968626
 20
3.955266351902789
 30
0.0
 40
0.05
  0
CIRCLE
  5
B8B
330
17
100
AcDbEntity
  8
Ptos_reactivos
100
AcDbCircle
 10
10.95170855371431
 20
39.385434114046454
 30
0.0
 40
0.05
  0
CIRCLE
  5
B8C
330
17
100
AcDbEntity
  8
Ptos_reactivos
100
AcDbCircle
 10
64.70624899404719
 20
50.57067039286368
 30
0.0
 40
0.05
  0
CIRCLE
  5
B8D
330
17
100
AcDbEntity
  8
Ptos_reactivos
100
AcDbCircle
 10
19.95691692742466
 20
7.4437530635752145
 30
0.0
 40
0.05
  0
CIRCLE
  5
B8E
330
17
100
AcDbEntity
  8
Ptos_reactivos
100
AcDbCircle
 10
31.966014430351464
 20
44.659701514011424
 30
0.0
 40
0.05
  0
CIRCLE
  5
B8F
330
17
100
AcDbEntity
  8
Ptos_reactivos
100
AcDbCircle
 10
53.449255396437344
 20
68.37115610487334
 30
0.0
 40
0.05
  0
CIRCLE
  5
B90
330
17
100
AcDbEntity
  8
Ptos_reactivos
100
AcDbCircle
 10
13.413861526784487
 20
24.467343269056556
 30
0.0
 40
0.05
  0
CIRCLE
  5
B91
330
17
100
AcDbEntity
  8
Ptos_reactivos
100
AcDbCircle
 10
29.624704589224276
 20
2.8085664128725654
 30
0.0
 40
0.05
  0
CIRCLE
  5
B92
330
17
100
AcDbEntity
  8
Ptos_reactivos
100
AcDbCircle
 10
30.326527488536215
 20
10.780469594727265
 30
0.0
 40
0.05
  0
CIRCLE
  5
B93
330
17
100
AcDbEntity
  8
Ptos_reactivos
100
AcDbCircle
 10
28.11488540637914
 20
60.06167581896471
 30
0.0
 40
0.05
  0
CIRCLE
  5
B94
330
17
100
AcDbEntity
  8
Ptos_reactivos
100
AcDbCircle
 10
38.81299179041441
 20
3.5476543760709274
 30
0.0
 40
0.05
  0
CIRCLE
  5
B95
330
17
100
AcDbEntity
  8
Ptos_reactivos
100
AcDbCircle
 10
60.60545591647765
 20
53.15318989646473
 30
0.0
 40
0.05
  0
CIRCLE
  5
B96
330
17
100
AcDbEntity
  8
Ptos_reactivos
100
AcDbCircle
 10
8.144055120000344
 20
74.47345354497988
 30
0.0
 40
0.05
  0
CIRCLE
  5
B97
330
17
100
AcDbEntity
  8
Ptos_reactivos
100
AcDbCircle
 10
17.711750039211292
 20
19.786913539204466
 30
0.0
 40
0.05
  0
CIRCLE
  5
B98
330
17
100
AcDbEntity
  8
Ptos_reactivos
100
AcDbCircle
 10
27.382227035240962
 20
52.27885398300489
 30
0.0
 40
0.05
  0
CIRCLE
  5
B99
330
17
100
AcDbEntity
  8
Ptos_reactivos
100
AcDbCircle
 10
21.7403747406367
 20
65.92179987730958
 30
0.0
 40
0.05
  0
CIRCLE
  5
B9A
330
17
100
AcDbEntity
  8
Ptos_reactivos
100
AcDbCircle
 10
62.15159842124379
 20
68.73356547197965
 30
0.0
 40
0.05
  0
CIRCLE
  5
B9B
330
17
100
AcDbEntity
  8
Ptos_reactivos
100
AcDbCircle
 10
62.35058484447529
 20
66.26915626979388
 30
0.0
 40
0.05
  0
CIRCLE
  5
B9C
330
17
100
AcDbEntity
  8
Ptos_reactivos
100
AcDbCircle
 10
19.83952616200721
 20
35.62284926896736
 30
0.0
 40
0.05
  0
CIRCLE
  5
B9D
330
17
100
AcDbEntity
  8
Ptos_reactivos
100
AcDbCircle
 10
30.059383175274533
 20
66.06558771575116
 30
0.0
 40
0.05
  0
CIRCLE
  5
B9E
330
17
100
AcDbEntity
  8
Ptos_reactivos
100
AcDbCircle
 10
31.54626082511908
 20
12.259354707795245
 30
0.0
 40
0.05
  0
CIRCLE
  5
B9F
330
17
100
AcDbEntity
  8
Ptos_reactivos
100
AcDbCircle
 10
5.269942916476586
 20
74.21828160220318
 30
0.0
 40
0.05
  0
CIRCLE
  5
BA0
330
17
100
AcDbEntity
  8
Ptos_reactivos
100
AcDbCircle
 10
30.993086164914665
 20
73.85186966684222
 30
0.0
 40
0.05
  0
CIRCLE
  5
BA1
330
17
100
AcDbEntity
  8
Ptos_reactivos
100
AcDbCircle
 10
11.10696095944739
 20
24.211989417197568
 30
0.0
 40
0.05
  0
CIRCLE
  5
BA2
330
17
100
AcDbEntity
  8
Ptos_reactivos
100
AcDbCircle
 10
18.45022821021108
 20
5.195692546456818
 30
0.0
 40
0.05
  0
CIRCLE
  5
BA3
330
17
100
AcDbEntity
  8
Ptos_reactivos
100
AcDbCircle
 10
65.59194744012137
 20
12.352012392441376
 30
0.0
 40
0.05
  0
CIRCLE
  5
BA4
330
17
100
AcDbEntity
  8
Ptos_reactivos
100
AcDbCircle
 10
56.03336489194613
 20
53.20243051762871
 30
0.0
 40
0.05
  0
CIRCLE
  5
BA5
330
17
100
AcDbEntity
  8
Ptos_reactivos
100
AcDbCircle
 10
60.72079885749363
 20
0.4569825959912621
 30
0.0
 40
0.05
  0
CIRCLE
  5
BA6
330
17
100
AcDbEntity
  8
Ptos_reactivos
100
AcDbCircle
 10
37.11028206005921
 20
16.8094357341628
 30
0.0
 40
0.05
  0
CIRCLE
  5
BA7
330
17
100
AcDbEntity
  8
Ptos_reactivos
100
AcDbCircle
 10
12.148374216737212
 20
21.801931982705323
 30
0.0
 40
0.05
  0
CIRCLE
  5
BA8
330
17
100
AcDbEntity
  8
Ptos_reactivos
100
AcDbCircle
 10
58.815779142359084
 20
56.14452144802954
 30
0.0
 40
0.05
  0
CIRCLE
  5
BA9
330
17
100
AcDbEntity
  8
Ptos_reactivos
100
AcDbCircle
 10
35.605169881670456
 20
74.56313354674616
 30
0.0
 40
0.05
  0
CIRCLE
  5
BAA
330
17
100
AcDbEntity
  8
Ptos_reactivos
100
AcDbCircle
 10
63.11747347179101
 20
74.14187531155191
 30
0.0
 40
0.05
  0
CIRCLE
  5
BAB
330
17
100
AcDbEntity
  8
Ptos_reactivos
100
AcDbCircle
 10
18.308039611371317
 20
30.03728912896468
 30
0.0
 40
0.05
  0
CIRCLE
  5
BAC
330
17
100
AcDbEntity
  8
Ptos_reactivos
100
AcDbCircle
 10
0.6564727395652947
 20
29.374625030923664
 30
0.0
 40
0.05
  0
CIRCLE
  5
BAD
330
17
100
AcDbEntity
  8
Ptos_reactivos
100
AcDbCircle
 10
69.32595789572406
 20
0.9303147648703658
 30
0.0
 40
0.05
  0
CIRCLE
  5
BAE
330
17
100
AcDbEntity
  8
Ptos_reactivos
100
AcDbCircle
 10
1.533148621564523
 20
65.90630627082109
 30
0.0
 40
0.05
  0
CIRCLE
  5
BAF
330
17
100
AcDbEntity
  8
Ptos_reactivos
100
AcDbCircle
 10
40.67621715597593
 20
73.20641830048908
 30
0.0
 40
0.05
  0
CIRCLE
  5
BB0
330
17
100
AcDbEntity
  8
Ptos_reactivos
100
AcDbCircle
 10
66.1453280425156
 20
44.55134045996168
 30
0.0
 40
0.05
  0
CIRCLE
  5
BB1
330
17
100
AcDbEntity
  8
Ptos_reactivos
100
AcDbCircle
 10
74.73367028085677
 20
51.596261785584986
 30
0.0
 40
0.05
  0
CIRCLE
  5
BB2
330
17
100
AcDbEntity
  8
Ptos_reactivos
100
AcDbCircle
 10
62.88697164109387
 20
34.46182527999274
 30
0.0
 40
0.05
  0
CIRCLE
  5
BB3
330
17
100
AcDbEntity
  8
Ptos_reactivos
100
AcDbCircle
 10
30.277472503614536
 20
23.918739766268153
 30
0.0
 40
0.05
  0
CIRCLE
  5
BB4
330
17
100
AcDbEntity
  8
Ptos_reactivos
100
AcDbCircle
 10
68.19826635753894
 20
46.07732636023692
 30
0.0
 40
0.05
  0
CIRCLE
  5
BB5
330
17
100
AcDbEntity
  8
Ptos_reactivos
100
AcDbCircle
 10
56.70723367676249
 20
3.4607940793909275
 30
0.0
 40
0.05
  0
CIRCLE
  5
BB6
330
17
100
AcDbEntity
  8
Ptos_reactivos
100
AcDbCircle
 10
15.164862333504567
 20
19.816378131252616
 30
0.0
 40
0.05
  0
CIRCLE
  5
BB7
330
17
100
AcDbEntity
  8
Ptos_reactivos
100
AcDbCircle
 10
71.03661644571832
 20
74.49453781724574
 30
0.0
 40
0.05
  0
CIRCLE
  5
BB8
330
17
100
AcDbEntity
  8
Ptos_reactivos
100
AcDbCircle
 10
21.810304366707577
 20
68.72324153104854
 30
0.0
 40
0.05
  0
CIRCLE
  5
BB9
330
17
100
AcDbEntity
  8
Ptos_reactivos
100
AcDbCircle
 10
17.68737399596998
 20
34.491488415095226
 30
0.0
 40
0.05
  0
CIRCLE
  5
BBA
330
17
100
AcDbEntity
  8
Ptos_reactivos
100
AcDbCircle
 10
2.886586317483819
 20
15.560617881875533
 30
0.0
 40
0.05
  0
CIRCLE
  5
BBB
330
17
100
AcDbEntity
  8
Ptos_reactivos
100
AcDbCircle
 10
67.53102599111547
 20
33.227605934516774
 30
0.0
 40
0.05
  0
CIRCLE
  5
BBC
330
17
100
AcDbEntity
  8
Ptos_reactivos
100
AcDbCircle
 10
29.756244513566013
 20
22.898972563307677
 30
0.0
 40
0.05
  0
CIRCLE
  5
BBD
330
17
100
AcDbEntity
  8
Ptos_reactivos
100
AcDbCircle
 10
42.13974665225206
 20
48.2857788490029
 30
0.0
 40
0.05
  0
CIRCLE
  5
BBE
330
17
100
AcDbEntity
  8
Ptos_reactivos
100
AcDbCircle
 10
33.58602732994688
 20
65.14681994186398
 30
0.0
 40
0.05
  0
CIRCLE
  5
BBF
330
17
100
AcDbEntity
  8
Ptos_reactivos
100
AcDbCircle
 10
4.527352713162874
 20
60.5707421181429
 30
0.0
 40
0.05
  0
CIRCLE
  5
BC0
330
17
100
AcDbEntity
  8
Ptos_reactivos
100
AcDbCircle
 10
56.75949586007941
 20
40.061305839085605
 30
0.0
 40
0.05
  0
CIRCLE
  5
BC1
330
17
100
AcDbEntity
  8
Ptos_reactivos
100
AcDbCircle
 10
74.72043586240684
 20
15.170511709072601
 30
0.0
 40
0.05
  0
CIRCLE
  5
BC2
330
17
100
AcDbEntity
  8
Ptos_reactivos
100
AcDbCircle
 10
37.96609221378771
 20
60.06940803404894
 30
0.0
 40
0.05
  0
CIRCLE
  5
BC3
330
17
100
AcDbEntity
  8
Ptos_reactivos
100
AcDbCircle
 10
58.770586033636846
 20
0.3916650780511288
 30
0.0
 40
0.05
  0
CIRCLE
  5
BC4
330
17
100
AcDbEntity
  8
Ptos_reactivos
100
AcDbCircle
 10
38.73653400171833
 20
15.106448066106152
 30
0.0
 40
0.05
  0
CIRCLE
  5
BC5
330
17
100
AcDbEntity
  8
Ptos_reactivos
100
AcDbCircle
 10
58.26123742054389
 20
2.3927208164489953
 30
0.0
 40
0.05
  0
CIRCLE
  5
BC6
330
17
100
AcDbEntity
  8
Ptos_reactivos
100
AcDbCircle
 10
67.10035975643778
 20
48.5479589946344
 30
0.0
 40
0.05
  0
CIRCLE
  5
BC7
330
17
100
AcDbEntity
  8
Ptos_reactivos
100
AcDbCircle
 10
42.26265586695441
 20
25.36223854676814
 30
0.0
 40
0.05
  0
CIRCLE
  5
BC8
330
17
100
AcDbEntity
  8
Ptos_reactivos
100
AcDbCircle
 10
40.7670427910436
 20
43.49887626020429
 30
0.0
 40
0.05
  0
CIRCLE
  5
BC9
330
17
100
AcDbEntity
  8
Ptos_reactivos
100
AcDbCircle
 10
30.295864209082907
 20
25.349845383676904
 30
0.0
 40
0.05
  0
CIRCLE
  5
BCA
330
17
100
AcDbEntity
  8
Ptos_reactivos
100
AcDbCircle
 10
56.875437500607816
 20
52.40804074899025
 30
0.0
 40
0.05
  0
CIRCLE
  5
BCB
330
17
100
AcDbEntity
  8
Ptos_reactivos
100
AcDbCircle
 10
50.40900487889989
 20
49.68151153173094
 30
0.0
 40
0.05
  0
CIRCLE
  5
BCC
330
17
100
AcDbEntity
  8
Ptos_reactivos
100
AcDbCircle
 10
48.323650226910814
 20
51.109461046851465
 30
0.0
 40
0.05
  0
CIRCLE
  5
BCD
330
17
100
AcDbEntity
  8
Ptos_reactivos
100
AcDbCircle
 10
74.71122057605422
 20
7.376435852573526
 30
0.0
 40
0.05
  0
CIRCLE
  5
BCE
330
17
100
AcDbEntity
  8
Ptos_reactivos
100
AcDbCircle
 10
30.554949140089015
 20
34.451302399283506
 30
0.0
 40
0.05
  0
ENDSEC
  0
SECTION
  2
OBJECTS
  0
DICTIONARY
  5
A
330
0
100
AcDbDictionary
280
0
281
1
  3
ACAD_COLOR
350
B
  3
ACAD_GROUP
350
C
  3
ACAD_LAYOUT
350
D
  3
ACAD_MATERIAL
350
E
  3
ACAD_MLEADERSTYLE
350
F
  3
ACAD_MLINESTYLE
350
10
  3
ACAD_PLOTSETTINGS
350
11
  3
ACAD_PLOTSTYLENAME
350
12
  3
ACAD_SCALELIST
350
14
  3
ACAD_TABLESTYLE
350
15
  3
ACAD_VISUALSTYLE
350
16
  3
EZDXF_META
350
2D
  0
DICTIONARY
  5
B
330
A
100
AcDbDictionary
280
0
281
1
  0
DICTIONARY
  5
C
330
A
100
AcDbDictionary
280
0
281
1
  0
DICTIONARY
  5
D
330
A
100
AcDbDictionary
280
0
281
1
  3
Model
350
1A
  3
Layout1
350
1E
  0
DICTIONARY
  5
E
330
A
100
AcDbDictionary
280
0
281
1
  3
ByBlock
350
1F
  3
ByLayer
350
20
  3
Global
350
21
  0
DICTIONARY
  5
F
330
A
100
AcDbDictionary
280
0
281
1
  3
Standard
350
2C
  0
DICTIONARY
  5
10
330
A
100
AcDbDictionary
280
0
281
1
  3
Standard
350
22
  0
DICTIONARY
  5
11
330
A
100
AcDbDictionary
280
0
281
1
  0
ACDBDICTIONARYWDFLT
  5
12
330
A
100
AcDbDictionary
280
0
281
1
  3
Normal
350
13
100
AcDbDictionaryWithDefault
340
13
  0
ACDBPLACEHOLDER
  5
13
330
12
  0
DICTIONARY
  5
14
330
A
100
AcDbDictionary
280
0
281
1
  0
DICTIONARY
  5
15
330
A
100
AcDbDictionary
280
0
281
1
  0
DICTIONARY
  5
16
330
A
100
AcDbDictionary
280
0
281
1
  0
LAYOUT
  5
1A
330
D
100
AcDbPlotSettings
  1

  2
Adobe PDF
  4
A3
  6

 40
7.5
 41
20.0
 42
7.5
 43
20.0
 44
420.0
 45
297.0
 46
0.0
 47
0.0
 48
0.0
 49
0.0
140
0.0
141
0.0
142
1.0
143
1.0
 70
1024
 72
1
 73
0
 74
5
  7

 75
16
 76
0
 77
2
 78
300
147
1.0
148
0.0
149
0.0
100
AcDbLayout
  1
Model
 70
1
 71
0
 10
0.0
 20
0.0
 11
420.0
 21
297.0
 12
0.0
 22
0.0
 32
0.0
 14
1e+20
 24
1e+20
 34
1e+20
 15
-1e+20
 25
-1e+20
 35
-1e+20
146
0.0
 13
0.0
 23
0.0
 33
0.0
 16
1.0
 26
0.0
 36
0.0
 17
0.0
 27
1.0
 37
0.0
 76
1
330
17
  0
LAYOUT
  5
1E
330
D
100
AcDbPlotSettings
  1

  2
Adobe PDF
  4
A3
  6

 40
7.5
 41
20.0
 42
7.5
 43
20.0
 44
420.0
 45
297.0
 46
0.0
 47
0.0
 48
0.0
 49
0.0
140
0.0
141
0.0
142
1.0
143
1.0
 70
0
 72
1
 73
0
 74
5
  7

 75
16
 76
0
 77
2
 78
300
147
1.0
148
0.0
149
0.0
100
AcDbLayout
  1
Layout1
 70
1
 71
1
 10
0.0
 20
0.0
 11
420.0
 21
297.0
 12
0.0
 22
0.0
 32
0.0
 14
1e+20
 24
1e+20
 34
1e+20
 15
-1e+20
 25
-1e+20
 35
-1e+20
146
0.0
 13
0.0
 23
0.0
 33
0.0
 16
1.0
 26
0.0
 36
0.0
 17
0.0
 27
1.0
 37
0.0
 76
1
330
1B
  0
MATERIAL
  5
1F
102
{ACAD_REACTORS
330
E
102
}
330
E
100
AcDbMaterial
  1
ByBlock
  2

 70
0
 40
1.0
 71
1
 41
1.0
 91
-1023410177
 42
1.0
 72
1
  3

 73
1
 74
1
 75
1
 44
0.5
 73
0
 45
1.0
 46
1.0
 77
1
  4

 78
1
 79
1
170
1
 48
1.0
171
1
  6

172
1
173
1
174
1
140
1.0
141
1.0
175
1
  7

176
1
177
1
178
1
143
1.0
179
1
  8

270
1
271
1
272
1
145
1.0
146
1.0
273
1
  9

274
1
275
1
276
1
 42
1.0
 72
1
  3

 73
1
 74
1
 75
1
 94
63
  0
MATERIAL
  5
20
102
{ACAD_REACTORS
330
E
102
}
330
E
100
AcDbMaterial
  1
ByLayer
  2

 70
0
 40
1.0
 71
1
 41
1.0
 91
-1023410177
 42
1.0
 72
1
  3

 73
1
 74
1
 75
1
 44
0.5
 73
0
 45
1.0
 46
1.0
 77
1
  4

 78
1
 79
1
170
1
 48
1.0
171
1
  6

172
1
173
1
174
1
140
1.0
141
1.0
175
1
  7

176
1
177
1
178
1
143
1.0
179
1
  8

270
1
271
1
272
1
145
1.0
146
1.0
273
1
  9

274
1
275
1
276
1
 42
1.0
 72
1
  3

 73
1
 74
1
 75
1
 94
63
  0
MATERIAL
  5
21
102
{ACAD_REACTORS
330
E
102
}
330
E
100
AcDbMaterial
  1
Global
  2

 70
0
 40
1.0
 71
1
 41
1.0
 91
-1023410177
 42
1.0
 72
1
  3

 73
1
 74
1
 75
1
 44
0.5
 73
0
 45
1.0
 46
1.0
 77
1
  4

 78
1
 79
1
170
1
 48
1.0
171
1
  6

172
1
173
1
174
1
140
1.0
141
1.0
175
1
  7

176
1
177
1
178
1
143
1.0
179
1
  8

270
1
271
1
272
1
145
1.0
146
1.0
273
1
  9

274
1
275
1
276
1
 42
1.0
 72
1
  3

 73
1
 74
1
 75
1
 94
63
  0
MLINESTYLE
  5
22
102
{ACAD_REACTORS
330
10
102
}
330
10
100
AcDbMlineStyle
  2
Standard
 70
0
  3

 62
256
 51
90.0
 52
90.0
 71
2
 49
0.5
 62
256
  6
BYLAYER
 49
-0.5
 62
256
  6
BYLAYER
  0
MLEADERSTYLE
  5
2C
102
{ACAD_REACTORS
330
F
102
}
330
F
100
AcDbMLeaderStyle
179
2
170
2
171
1
172
0
 90
2
 40
0.0
 41
0.0
173
1
 91
-1056964608
 92
-2
290
1
 42
2.0
291
1
 43
8.0
  3
Standard
 44
4.0
300

342
29
174
1
175
1
176
0
178
1
 93
-1056964608
 45
4.0
292
0
297
0
 46
4.0
 94
-1056964608
 47
1.0
 49
1.0
140
1.0
294
1
141
0.0
177
0
142
1.0
295
0
296
0
143
3.75
271
0
272
9
273
9
  0
DICTIONARY
  5
2D
330
A
100
AcDbDictionary
281
1
  3
CREATED_BY_EZDXF
350
2E
  3
WRITTEN_BY_EZDXF
350
BD1
  0
DICTIONARYVAR
  5
2E
330
2D
100
DictionaryVariables
280
0
  1
1.0.3 @ 2024-09-13T09:12:31.502375+00:00
  0
DICTIONARYVAR
  5
BD1
330
2D
100
DictionaryVariables
280
0
  1
1.0.3 @ 2024-09-13T09:12:31.603453+00:00
  0
ENDSEC
  0
EOF
