  0
SECTION
  2
HEADER
  9
$ACADVER
  1
AC1027
  9
$ACADMAINTVER
 70
105
  9
$DWGCODEPAGE
  3
ANSI_1252
  9
$LASTSAVEDBY
  1
ezdxf
  9
$REQUIREDVERSIONS
160
0
  9
$INSBASE
 10
0.0
 20
0.0
 30
0.0
  9
$EXTMIN
 10
1e+20
 20
1e+20
 30
1e+20
  9
$EXTMAX
 10
-1e+20
 20
-1e+20
 30
-1e+20
  9
$LIMMIN
 10
0.0
 20
0.0
  9
$LIMMAX
 10
420.0
 20
297.0
  9
$ORTHOMODE
 70
0
  9
$REGENMODE
 70
1
  9
$FILLMODE
 70
1
  9
$QTEXTMODE
 70
0
  9
$MIRRTEXT
 70
1
  9
$LTSCALE
 40
1.0
  9
$ATTMODE
 70
1
  9
$TEXTSIZE
 40
2.5
  9
$TRACEWID
 40
1.0
  9
$TEXTSTYLE
  7
Standard
  9
$CLAYER
  8
0
  9
$CELTYPE
  6
ByLayer
  9
$CECOLOR
 62
256
  9
$CELTSCALE
 40
1.0
  9
$DISPSILH
 70
0
  9
$DIMSCALE
 40
1.0
  9
$DIMASZ
 40
2.5
  9
$DIMEXO
 40
0.625
  9
$DIMDLI
 40
3.75
  9
$DIMRND
 40
0.0
  9
$DIMDLE
 40
0.0
  9
$DIMEXE
 40
1.25
  9
$DIMTP
 40
0.0
  9
$DIMTM
 40
0.0
  9
$DIMTXT
 40
2.5
  9
$DIMCEN
 40
2.5
  9
$DIMTSZ
 40
0.0
  9
$DIMTOL
 70
0
  9
$DIMLIM
 70
0
  9
$DIMTIH
 70
0
  9
$DIMTOH
 70
0
  9
$DIMSE1
 70
0
  9
$DIMSE2
 70
0
  9
$DIMTAD
 70
1
  9
$DIMZIN
 70
8
  9
$DIMBLK
  1

  9
$DIMASO
 70
1
  9
$DIMSHO
 70
1
  9
$DIMPOST
  1

  9
$DIMAPOST
  1

  9
$DIMALT
 70
0
  9
$DIMALTD
 70
3
  9
$DIMALTF
 40
0.03937007874
  9
$DIMLFAC
 40
1.0
  9
$DIMTOFL
 70
1
  9
$DIMTVP
 40
0.0
  9
$DIMTIX
 70
0
  9
$DIMSOXD
 70
0
  9
$DIMSAH
 70
0
  9
$DIMBLK1
  1

  9
$DIMBLK2
  1

  9
$DIMSTYLE
  2
ISO-25
  9
$DIMCLRD
 70
0
  9
$DIMCLRE
 70
0
  9
$DIMCLRT
 70
0
  9
$DIMTFAC
 40
1.0
  9
$DIMGAP
 40
0.625
  9
$DIMJUST
 70
0
  9
$DIMSD1
 70
0
  9
$DIMSD2
 70
0
  9
$DIMTOLJ
 70
0
  9
$DIMTZIN
 70
8
  9
$DIMALTZ
 70
0
  9
$DIMALTTZ
 70
0
  9
$DIMUPT
 70
0
  9
$DIMDEC
 70
2
  9
$DIMTDEC
 70
2
  9
$DIMALTU
 70
2
  9
$DIMALTTD
 70
3
  9
$DIMTXSTY
  7
Standard
  9
$DIMAUNIT
 70
0
  9
$DIMADEC
 70
0
  9
$DIMALTRND
 40
0.0
  9
$DIMAZIN
 70
0
  9
$DIMDSEP
 70
44
  9
$DIMATFIT
 70
3
  9
$DIMFRAC
 70
0
  9
$DIMLDRBLK
  1

  9
$DIMLUNIT
 70
2
  9
$DIMLWD
 70
-2
  9
$DIMLWE
 70
-2
  9
$DIMTMOVE
 70
0
  9
$DIMFXL
 40
1.0
  9
$DIMFXLON
 70
0
  9
$DIMJOGANG
 40
0.785398163397
  9
$DIMTFILL
 70
0
  9
$DIMTFILLCLR
 70
0
  9
$DIMARCSYM
 70
0
  9
$DIMLTYPE
  6

  9
$DIMLTEX1
  6

  9
$DIMLTEX2
  6

  9
$DIMTXTDIRECTION
 70
0
  9
$LUNITS
 70
2
  9
$LUPREC
 70
4
  9
$SKETCHINC
 40
1.0
  9
$FILLETRAD
 40
10.0
  9
$AUNITS
 70
0
  9
$AUPREC
 70
2
  9
$MENU
  1
.
  9
$ELEVATION
 40
0.0
  9
$PELEVATION
 40
0.0
  9
$THICKNESS
 40
0.0
  9
$LIMCHECK
 70
0
  9
$CHAMFERA
 40
0.0
  9
$CHAMFERB
 40
0.0
  9
$CHAMFERC
 40
0.0
  9
$CHAMFERD
 40
0.0
  9
$SKPOLY
 70
0
  9
$TDCREATE
 40
2459905.684814815
  9
$TDUCREATE
 40
2458532.153996898
  9
$TDUPDATE
 40
2459905.684814815
  9
$TDUUPDATE
 40
2458532.1544311
  9
$TDINDWG
 40
0.0
  9
$TDUSRTIMER
 40
0.0
  9
$USRTIMER
 70
1
  9
$ANGBASE
 50
0.0
  9
$ANGDIR
 70
0
  9
$PDMODE
 70
0
  9
$PDSIZE
 40
0.0
  9
$PLINEWID
 40
0.0
  9
$SPLFRAME
 70
0
  9
$SPLINETYPE
 70
6
  9
$SPLINESEGS
 70
8
  9
$HANDSEED
  5
5F2
  9
$SURFTAB1
 70
6
  9
$SURFTAB2
 70
6
  9
$SURFTYPE
 70
6
  9
$SURFU
 70
6
  9
$SURFV
 70
6
  9
$UCSBASE
  2

  9
$UCSNAME
  2

  9
$UCSORG
 10
0.0
 20
0.0
 30
0.0
  9
$UCSXDIR
 10
1.0
 20
0.0
 30
0.0
  9
$UCSYDIR
 10
0.0
 20
1.0
 30
0.0
  9
$UCSORTHOREF
  2

  9
$UCSORTHOVIEW
 70
0
  9
$UCSORGTOP
 10
0.0
 20
0.0
 30
0.0
  9
$UCSORGBOTTOM
 10
0.0
 20
0.0
 30
0.0
  9
$UCSORGLEFT
 10
0.0
 20
0.0
 30
0.0
  9
$UCSORGRIGHT
 10
0.0
 20
0.0
 30
0.0
  9
$UCSORGFRONT
 10
0.0
 20
0.0
 30
0.0
  9
$UCSORGBACK
 10
0.0
 20
0.0
 30
0.0
  9
$PUCSBASE
  2

  9
$PUCSNAME
  2

  9
$PUCSORG
 10
0.0
 20
0.0
 30
0.0
  9
$PUCSXDIR
 10
1.0
 20
0.0
 30
0.0
  9
$PUCSYDIR
 10
0.0
 20
1.0
 30
0.0
  9
$PUCSORTHOREF
  2

  9
$PUCSORTHOVIEW
 70
0
  9
$PUCSORGTOP
 10
0.0
 20
0.0
 30
0.0
  9
$PUCSORGBOTTOM
 10
0.0
 20
0.0
 30
0.0
  9
$PUCSORGLEFT
 10
0.0
 20
0.0
 30
0.0
  9
$PUCSORGRIGHT
 10
0.0
 20
0.0
 30
0.0
  9
$PUCSORGFRONT
 10
0.0
 20
0.0
 30
0.0
  9
$PUCSORGBACK
 10
0.0
 20
0.0
 30
0.0
  9
$USERI1
 70
0
  9
$USERI2
 70
0
  9
$USERI3
 70
0
  9
$USERI4
 70
0
  9
$USERI5
 70
0
  9
$USERR1
 40
0.0
  9
$USERR2
 40
0.0
  9
$USERR3
 40
0.0
  9
$USERR4
 40
0.0
  9
$USERR5
 40
0.0
  9
$WORLDVIEW
 70
1
  9
$SHADEDGE
 70
3
  9
$SHADEDIF
 70
70
  9
$TILEMODE
 70
1
  9
$MAXACTVP
 70
64
  9
$PINSBASE
 10
0.0
 20
0.0
 30
0.0
  9
$PLIMCHECK
 70
0
  9
$PEXTMIN
 10
1e+20
 20
1e+20
 30
1e+20
  9
$PEXTMAX
 10
-1e+20
 20
-1e+20
 30
-1e+20
  9
$PLIMMIN
 10
0.0
 20
0.0
  9
$PLIMMAX
 10
420.0
 20
297.0
  9
$UNITMODE
 70
0
  9
$VISRETAIN
 70
1
  9
$PLINEGEN
 70
0
  9
$PSLTSCALE
 70
1
  9
$TREEDEPTH
 70
3020
  9
$CMLSTYLE
  2
Standard
  9
$CMLJUST
 70
0
  9
$CMLSCALE
 40
20.0
  9
$PROXYGRAPHICS
 70
1
  9
$MEASUREMENT
 70
1
  9
$CELWEIGHT
370
-1
  9
$ENDCAPS
280
0
  9
$JOINSTYLE
280
0
  9
$LWDISPLAY
290
0
  9
$INSUNITS
 70
6
  9
$HYPERLINKBASE
  1

  9
$STYLESHEET
  1

  9
$XEDIT
290
1
  9
$CEPSNTYPE
380
0
  9
$PSTYLEMODE
290
1
  9
$FINGERPRINTGUID
  2
{FB1A31EC-08B1-4638-89F9-F196E80974B4}
  9
$VERSIONGUID
  2
{0205CA98-9F19-406D-A3B8-46443263C496}
  9
$EXTNAMES
290
1
  9
$PSVPSCALE
 40
0.0
  9
$OLESTARTUP
290
0
  9
$SORTENTS
280
127
  9
$INDEXCTL
280
0
  9
$HIDETEXT
280
1
  9
$XCLIPFRAME
280
0
  9
$HALOGAP
280
0
  9
$OBSCOLOR
 70
257
  9
$OBSLTYPE
280
0
  9
$INTERSECTIONDISPLAY
280
0
  9
$INTERSECTIONCOLOR
 70
257
  9
$DIMASSOC
280
2
  9
$PROJECTNAME
  1

  9
$CAMERADISPLAY
290
0
  9
$LENSLENGTH
 40
50.0
  9
$CAMERAHEIGHT
 40
0.0
  9
$STEPSPERSEC
 40
24.0
  9
$STEPSIZE
 40
100.0
  9
$3DDWFPREC
 40
2.0
  9
$PSOLWIDTH
 40
0.005
  9
$PSOLHEIGHT
 40
0.08
  9
$LOFTANG1
 40
1.570796326795
  9
$LOFTANG2
 40
1.570796326795
  9
$LOFTMAG1
 40
0.0
  9
$LOFTMAG2
 40
0.0
  9
$LOFTPARAM
 70
7
  9
$LOFTNORMALS
280
1
  9
$LATITUDE
 40
37.795
  9
$LONGITUDE
 40
-122.394
  9
$NORTHDIRECTION
 40
0.0
  9
$TIMEZONE
 70
-8000
  9
$LIGHTGLYPHDISPLAY
280
1
  9
$TILEMODELIGHTSYNCH
280
1
  9
$CMATERIAL
347
20
  9
$SOLIDHIST
280
0
  9
$SHOWHIST
280
1
  9
$DWFFRAME
280
2
  9
$DGNFRAME
280
2
  9
$REALWORLDSCALE
290
1
  9
$INTERFERECOLOR
 62
256
  9
$CSHADOW
280
0
  9
$SHADOWPLANELOCATION
 40
0.0
  0
ENDSEC
  0
SECTION
  2
CLASSES
  0
CLASS
  1
ACDBDICTIONARYWDFLT
  2
AcDbDictionaryWithDefault
  3
ObjectDBX Classes
 90
0
 91
0
280
0
281
0
  0
CLASS
  1
SUN
  2
AcDbSun
  3
SCENEOE
 90
1153
 91
0
280
0
281
0
  0
CLASS
  1
VISUALSTYLE
  2
AcDbVisualStyle
  3
ObjectDBX Classes
 90
4095
 91
0
280
0
281
0
  0
CLASS
  1
MATERIAL
  2
AcDbMaterial
  3
ObjectDBX Classes
 90
1153
 91
0
280
0
281
0
  0
CLASS
  1
SCALE
  2
AcDbScale
  3
ObjectDBX Classes
 90
1153
 91
0
280
0
281
0
  0
CLASS
  1
TABLESTYLE
  2
AcDbTableStyle
  3
ObjectDBX Classes
 90
4095
 91
0
280
0
281
0
  0
CLASS
  1
MLEADERSTYLE
  2
AcDbMLeaderStyle
  3
ACDB_MLEADERSTYLE_CLASS
 90
4095
 91
0
280
0
281
0
  0
CLASS
  1
DICTIONARYVAR
  2
AcDbDictionaryVar
  3
ObjectDBX Classes
 90
0
 91
0
280
0
281
0
  0
CLASS
  1
CELLSTYLEMAP
  2
AcDbCellStyleMap
  3
ObjectDBX Classes
 90
1152
 91
0
280
0
281
0
  0
CLASS
  1
MENTALRAYRENDERSETTINGS
  2
AcDbMentalRayRenderSettings
  3
SCENEOE
 90
1024
 91
0
280
0
281
0
  0
CLASS
  1
ACDBDETAILVIEWSTYLE
  2
AcDbDetailViewStyle
  3
ObjectDBX Classes
 90
1025
 91
0
280
0
281
0
  0
CLASS
  1
ACDBSECTIONVIEWSTYLE
  2
AcDbSectionViewStyle
  3
ObjectDBX Classes
 90
1025
 91
0
280
0
281
0
  0
CLASS
  1
RASTERVARIABLES
  2
AcDbRasterVariables
  3
ISM
 90
0
 91
0
280
0
281
0
  0
CLASS
  1
ACDBPLACEHOLDER
  2
AcDbPlaceHolder
  3
ObjectDBX Classes
 90
0
 91
0
280
0
281
0
  0
CLASS
  1
LAYOUT
  2
AcDbLayout
  3
ObjectDBX Classes
 90
0
 91
0
280
0
281
0
  0
ENDSEC
  0
SECTION
  2
TABLES
  0
TABLE
  2
VPORT
  5
8
330
0
100
AcDbSymbolTable
 70
1
  0
VPORT
  5
23
330
8
100
AcDbSymbolTableRecord
100
AcDbViewportTableRecord
  2
*Active
 70
0
 10
0.0
 20
0.0
 11
1.0
 21
1.0
 12
0.0
 22
0.0
 13
0.0
 23
0.0
 14
0.5
 24
0.5
 15
0.5
 25
0.5
 16
0.0
 26
0.0
 36
1.0
 17
0.0
 27
0.0
 37
0.0
 40
1000.0
 41
1.34
 42
50.0
 43
0.0
 44
0.0
 50
0.0
 51
0.0
 71
0
 72
1000
 73
1
 74
3
 75
0
 76
0
 77
0
 78
0
281
0
 65
0
146
0.0
  0
ENDTAB
  0
TABLE
  2
LTYPE
  5
2
330
0
100
AcDbSymbolTable
 70
3
  0
LTYPE
  5
24
330
2
100
AcDbSymbolTableRecord
100
AcDbLinetypeTableRecord
  2
ByBlock
 70
0
  3

 72
65
 73
0
 40
0.0
  0
LTYPE
  5
25
330
2
100
AcDbSymbolTableRecord
100
AcDbLinetypeTableRecord
  2
ByLayer
 70
0
  3

 72
65
 73
0
 40
0.0
  0
LTYPE
  5
26
330
2
100
AcDbSymbolTableRecord
100
AcDbLinetypeTableRecord
  2
Continuous
 70
0
  3

 72
65
 73
0
 40
0.0
  0
ENDTAB
  0
TABLE
  2
LAYER
  5
1
330
0
100
AcDbSymbolTable
 70
5
  0
LAYER
  5
27
330
1
100
AcDbSymbolTableRecord
100
AcDbLayerTableRecord
  2
0
 70
0
 62
7
  6
Continuous
370
-3
390
13
347
21
  0
LAYER
  5
28
330
1
100
AcDbSymbolTableRecord
100
AcDbLayerTableRecord
  2
Defpoints
 70
0
 62
7
  6
Continuous
290
0
370
-3
390
13
347
21
  0
LAYER
  5
2F
330
1
100
AcDbSymbolTableRecord
100
AcDbLayerTableRecord
  2
Poros
 70
0
 62
7
  6
Continuous
370
-3
390
13
347
21
  0
LAYER
  5
30
330
1
100
AcDbSymbolTableRecord
100
AcDbLayerTableRecord
  2
Aridos
 70
0
 62
7
  6
Continuous
370
-3
390
13
347
21
  0
LAYER
  5
31
330
1
100
AcDbSymbolTableRecord
100
AcDbLayerTableRecord
  2
Ptos_reactivos
 70
0
 62
7
  6
Continuous
370
-3
390
13
347
21
  0
ENDTAB
  0
TABLE
  2
STYLE
  5
5
330
0
100
AcDbSymbolTable
 70
1
  0
STYLE
  5
29
330
5
100
AcDbSymbolTableRecord
100
AcDbTextStyleTableRecord
  2
Standard
 70
0
 40
0.0
 41
1.0
 50
0.0
 71
0
 42
2.5
  3
txt
  4

  0
ENDTAB
  0
TABLE
  2
VIEW
  5
7
330
0
100
AcDbSymbolTable
 70
0
  0
ENDTAB
  0
TABLE
  2
UCS
  5
6
330
0
100
AcDbSymbolTable
 70
0
  0
ENDTAB
  0
TABLE
  2
APPID
  5
3
330
0
100
AcDbSymbolTable
 70
3
  0
APPID
  5
2A
330
3
100
AcDbSymbolTableRecord
100
AcDbRegAppTableRecord
  2
ACAD
 70
0
  0
APPID
  5
5EF
330
3
100
AcDbSymbolTableRecord
100
AcDbRegAppTableRecord
  2
HATCHBACKGROUNDCOLOR
 70
0
  0
APPID
  5
5F0
330
3
100
AcDbSymbolTableRecord
100
AcDbRegAppTableRecord
  2
EZDXF
 70
0
  0
ENDTAB
  0
TABLE
  2
DIMSTYLE
  5
4
330
0
100
AcDbSymbolTable
 70
1
100
AcDbDimStyleTable
  0
DIMSTYLE
105
2B
330
4
100
AcDbSymbolTableRecord
100
AcDbDimStyleTableRecord
  2
Standard
 70
0
 40
1.0
 41
2.5
 42
0.625
 43
3.75
 44
1.25
 45
0.0
 46
0.0
 47
0.0
 48
0.0
 49
2.5
140
2.5
141
2.5
142
0.0
143
0.03937007874
144
1.0
145
0.0
146
1.0
147
0.625
148
0.0
 69
0
 70
0
 71
0
 72
0
 73
0
 74
0
 75
0
 76
0
 77
1
 78
8
 79
3
170
0
171
3
172
1
173
0
174
0
175
0
176
0
177
0
178
0
179
2
271
2
272
2
273
2
274
3
275
0
276
0
277
2
278
44
279
0
280
0
281
0
282
0
283
0
284
8
285
0
286
0
288
0
289
3
290
0
371
-2
372
-2
  0
ENDTAB
  0
TABLE
  2
BLOCK_RECORD
  5
9
330
0
100
AcDbSymbolTable
 70
2
  0
BLOCK_RECORD
  5
17
330
9
100
AcDbSymbolTableRecord
100
AcDbBlockTableRecord
  2
*Model_Space
340
1A
 70
0
280
1
281
0
  0
BLOCK_RECORD
  5
1B
330
9
100
AcDbSymbolTableRecord
100
AcDbBlockTableRecord
  2
*Paper_Space
340
1E
 70
0
280
1
281
0
  0
ENDTAB
  0
ENDSEC
  0
SECTION
  2
BLOCKS
  0
BLOCK
  5
18
330
17
100
AcDbEntity
  8
0
100
AcDbBlockBegin
  2
*Model_Space
 70
0
 10
0.0
 20
0.0
 30
0.0
  3
*Model_Space
  1

  0
ENDBLK
  5
19
330
17
100
AcDbEntity
  8
0
100
AcDbBlockEnd
  0
BLOCK
  5
1C
330
1B
100
AcDbEntity
  8
0
100
AcDbBlockBegin
  2
*Paper_Space
 70
0
 10
0.0
 20
0.0
 30
0.0
  3
*Paper_Space
  1

  0
ENDBLK
  5
1D
330
1B
100
AcDbEntity
  8
0
100
AcDbBlockEnd
  0
ENDSEC
  0
SECTION
  2
ENTITIES
  0
CIRCLE
  5
32
330
17
100
AcDbEntity
  8
Poros
100
AcDbCircle
 10
8.3215253990585
 20
18.57511715212727
 30
0.0
 40
1.7004371218578347
  0
CIRCLE
  5
33
330
17
100
AcDbEntity
  8
Poros
100
AcDbCircle
 10
25.50262064659702
 20
14.812736729474874
 30
0.0
 40
1.8441866428504345
  0
CIRCLE
  5
34
330
17
100
AcDbEntity
  8
Poros
100
AcDbCircle
 10
39.96019080795662
 20
19.43488870267169
 30
0.0
 40
1.6765143359376253
  0
CIRCLE
  5
35
330
17
100
AcDbEntity
  8
Poros
100
AcDbCircle
 10
43.78594641189789
 20
24.42679897002065
 30
0.0
 40
1.7278580572480748
  0
CIRCLE
  5
36
330
17
100
AcDbEntity
  8
Poros
100
AcDbCircle
 10
66.66744853322318
 20
46.98033950673187
 30
0.0
 40
1.9514579574463393
  0
CIRCLE
  5
37
330
17
100
AcDbEntity
  8
Poros
100
AcDbCircle
 10
61.41552679333638
 20
41.05090652797213
 30
0.0
 40
1.0127031970347677
  0
CIRCLE
  5
38
330
17
100
AcDbEntity
  8
Poros
100
AcDbCircle
 10
31.253400445023992
 20
55.728539380922655
 30
0.0
 40
1.4135876987865235
  0
CIRCLE
  5
39
330
17
100
AcDbEntity
  8
Poros
100
AcDbCircle
 10
27.71972856731928
 20
5.637490796039385
 30
0.0
 40
1.0488127938
  0
CIRCLE
  5
3A
330
17
100
AcDbEntity
  8
Poros
100
AcDbCircle
 10
58.139473383912254
 20
16.455693333205936
 30
0.0
 40
1.0999285613212115
  0
CIRCLE
  5
3B
330
17
100
AcDbEntity
  8
Poros
100
AcDbCircle
 10
5.950659514052522
 20
36.50853911573795
 30
0.0
 40
1.5080663057670065
  0
CIRCLE
  5
3C
330
17
100
AcDbEntity
  8
Poros
100
AcDbCircle
 10
11.525542650000514
 20
62.1348849939347
 30
0.0
 40
1.2002475393344776
  0
CIRCLE
  5
3D
330
17
100
AcDbEntity
  8
Poros
100
AcDbCircle
 10
14.352642595349796
 20
20.280671531276308
 30
0.0
 40
1.744154168814097
  0
CIRCLE
  5
3E
330
17
100
AcDbEntity
  8
Poros
100
AcDbCircle
 10
42.077581585133075
 20
67.67852924190451
 30
0.0
 40
1.1928920030405838
  0
CIRCLE
  5
3F
330
17
100
AcDbEntity
  8
Poros
100
AcDbCircle
 10
63.884125632231836
 20
31.35614704396473
 30
0.0
 40
1.7008447521659813
  0
CIRCLE
  5
40
330
17
100
AcDbEntity
  8
Poros
100
AcDbCircle
 10
22.441002888339483
 20
26.533366404585667
 30
0.0
 40
1.2932281058692339
  0
CIRCLE
  5
41
330
17
100
AcDbEntity
  8
Poros
100
AcDbCircle
 10
67.01269990509513
 20
58.96024270507392
 30
0.0
 40
1.7744794542685887
  0
CIRCLE
  5
42
330
17
100
AcDbEntity
  8
Aridos
100
AcDbCircle
 10
34.392567977693986
 20
48.32562963100001
 30
0.0
 40
5.984219081049403
  0
CIRCLE
  5
43
330
17
100
AcDbEntity
  8
Aridos
100
AcDbCircle
 10
44.62483042194109
 20
59.29523053684173
 30
0.0
 40
5.422087771627116
  0
CIRCLE
  5
44
330
17
100
AcDbEntity
  8
Aridos
100
AcDbCircle
 10
53.89665852282703
 20
49.061911015273175
 30
0.0
 40
5.991640220794063
  0
CIRCLE
  5
45
330
17
100
AcDbEntity
  8
Aridos
100
AcDbCircle
 10
35.041494417866964
 20
31.008802035358514
 30
0.0
 40
5.4928930297063046
  0
CIRCLE
  5
46
330
17
100
AcDbEntity
  8
Aridos
100
AcDbCircle
 10
58.08168920620982
 20
64.78430744654072
 30
0.0
 40
5.040832265148625
  0
CIRCLE
  5
47
330
17
100
AcDbEntity
  8
Aridos
100
AcDbCircle
 10
17.515911141434078
 20
38.05832061417947
 30
0.0
 40
6.1644409676145635
  0
CIRCLE
  5
48
330
17
100
AcDbEntity
  8
Aridos
100
AcDbCircle
 10
6.109443275105267
 20
45.138714060077675
 30
0.0
 40
5.900067628554801
  0
CIRCLE
  5
49
330
17
100
AcDbEntity
  8
Aridos
100
AcDbCircle
 10
38.96127677063124
 20
8.836625845568319
 30
0.0
 40
5.825010080189877
  0
CIRCLE
  5
4A
330
17
100
AcDbEntity
  8
Aridos
100
AcDbCircle
 10
17.516441690237418
 20
49.5004599656967
 30
0.0
 40
5.160501812221342
  0
CIRCLE
  5
4B
330
17
100
AcDbEntity
  8
Aridos
100
AcDbCircle
 10
8.738508808096986
 20
28.726469718414606
 30
0.0
 40
5.43928291594231
  0
CIRCLE
  5
4C
330
17
100
AcDbEntity
  8
Aridos
100
AcDbCircle
 10
54.23833351160485
 20
71.51828539072541
 30
0.0
 40
2.4140772441098868
  0
CIRCLE
  5
4D
330
17
100
AcDbEntity
  8
Aridos
100
AcDbCircle
 10
70.38044555036261
 20
19.577989444691802
 30
0.0
 40
2.933110338494385
  0
CIRCLE
  5
4E
330
17
100
AcDbEntity
  8
Aridos
100
AcDbCircle
 10
34.868520146159845
 20
68.53186302933146
 30
0.0
 40
3.5890318640204697
  0
CIRCLE
  5
4F
330
17
100
AcDbEntity
  8
Aridos
100
AcDbCircle
 10
63.48429764442479
 20
12.853403914959607
 30
0.0
 40
3.0685219459782758
  0
CIRCLE
  5
50
330
17
100
AcDbEntity
  8
Aridos
100
AcDbCircle
 10
48.208650569604146
 20
4.362346028748404
 30
0.0
 40
3.56699708181178
  0
CIRCLE
  5
51
330
17
100
AcDbEntity
  8
Aridos
100
AcDbCircle
 10
69.75628834859525
 20
67.06901080263982
 30
0.0
 40
3.5583986835393713
  0
CIRCLE
  5
52
330
17
100
AcDbEntity
  8
Aridos
100
AcDbCircle
 10
34.58367892148291
 20
21.162589355018852
 30
0.0
 40
2.6214573698586117
  0
CIRCLE
  5
53
330
17
100
AcDbEntity
  8
Aridos
100
AcDbCircle
 10
63.689933947262
 20
23.74074125399207
 30
0.0
 40
3.4353023991204417
  0
CIRCLE
  5
54
330
17
100
AcDbEntity
  8
Aridos
100
AcDbCircle
 10
45.13476085592663
 20
35.13152234879229
 30
0.0
 40
4.67682427502965
  0
CIRCLE
  5
55
330
17
100
AcDbEntity
  8
Aridos
100
AcDbCircle
 10
64.0704344669449
 20
53.05691053995127
 30
0.0
 40
4.128868913730741
  0
CIRCLE
  5
56
330
17
100
AcDbEntity
  8
Aridos
100
AcDbCircle
 10
56.799112078043606
 20
33.30610061288283
 30
0.0
 40
4.083932693484714
  0
CIRCLE
  5
57
330
17
100
AcDbEntity
  8
Aridos
100
AcDbCircle
 10
4.509726168708944
 20
63.28372395601994
 30
0.0
 40
4.495978042939726
  0
CIRCLE
  5
58
330
17
100
AcDbEntity
  8
Aridos
100
AcDbCircle
 10
69.00659668262507
 20
38.510905789918844
 30
0.0
 40
4.661352367984422
  0
CIRCLE
  5
59
330
17
100
AcDbEntity
  8
Aridos
100
AcDbCircle
 10
55.60840580957686
 20
10.151204936499242
 30
0.0
 40
2.842994291128071
  0
CIRCLE
  5
5A
330
17
100
AcDbEntity
  8
Aridos
100
AcDbCircle
 10
18.497672585329113
 20
59.62036686053996
 30
0.0
 40
4.072151165021305
  0
CIRCLE
  5
5B
330
17
100
AcDbEntity
  8
Aridos
100
AcDbCircle
 10
64.73002638637661
 20
6.303966675122566
 30
0.0
 40
2.7595693557908976
  0
CIRCLE
  5
5C
330
17
100
AcDbEntity
  8
Aridos
100
AcDbCircle
 10
51.13783673326991
 20
23.362712592164755
 30
0.0
 40
4.432355082847808
  0
CIRCLE
  5
5D
330
17
100
AcDbEntity
  8
Aridos
100
AcDbCircle
 10
18.481733054590933
 20
69.18704345861937
 30
0.0
 40
3.856573087222574
  0
CIRCLE
  5
5E
330
17
100
AcDbEntity
  8
Aridos
100
AcDbCircle
 10
14.451492889722376
 20
13.645050678503948
 30
0.0
 40
4.653705918375364
  0
CIRCLE
  5
5F
330
17
100
AcDbEntity
  8
Aridos
100
AcDbCircle
 10
49.29225911395699
 20
13.203229310691075
 30
0.0
 40
3.6198373502630976
  0
CIRCLE
  5
60
330
17
100
AcDbEntity
  8
Aridos
100
AcDbCircle
 10
25.235512517998842
 20
30.61038677096613
 30
0.0
 40
2.4615280856064907
  0
CIRCLE
  5
61
330
17
100
AcDbEntity
  8
Aridos
100
AcDbCircle
 10
9.560328925280784
 20
70.42855580077781
 30
0.0
 40
4.101319999089372
  0
CIRCLE
  5
62
330
17
100
AcDbEntity
  8
Aridos
100
AcDbCircle
 10
46.65858130722939
 20
71.60826150834977
 30
0.0
 40
2.3842858791859713
  0
CIRCLE
  5
63
330
17
100
AcDbEntity
  8
Aridos
100
AcDbCircle
 10
3.8846106116789683
 20
6.8840177318551605
 30
0.0
 40
2.4944482527899767
  0
CIRCLE
  5
64
330
17
100
AcDbEntity
  8
Aridos
100
AcDbCircle
 10
27.11175840047319
 20
63.658266014648994
 30
0.0
 40
4.730981750203689
  0
CIRCLE
  5
65
330
17
100
AcDbEntity
  8
Aridos
100
AcDbCircle
 10
5.170581856051387
 20
55.362551285200794
 30
0.0
 40
2.8791115633266458
  0
CIRCLE
  5
66
330
17
100
AcDbEntity
  8
Aridos
100
AcDbCircle
 10
20.88577447119925
 20
5.522230402288245
 30
0.0
 40
4.625005329076553
  0
CIRCLE
  5
67
330
17
100
AcDbEntity
  8
Aridos
100
AcDbCircle
 10
24.62453629978555
 20
22.21377261329323
 30
0.0
 40
3.4474088034238055
  0
CIRCLE
  5
68
330
17
100
AcDbEntity
  8
Aridos
100
AcDbCircle
 10
70.10231022744422
 20
29.017078159847408
 30
0.0
 40
4.747137347809019
  0
CIRCLE
  5
69
330
17
100
AcDbEntity
  8
Aridos
100
AcDbCircle
 10
27.599685549199435
 20
38.1159620765502
 30
0.0
 40
3.9128160367133926
  0
CIRCLE
  5
6A
330
17
100
AcDbEntity
  8
Aridos
100
AcDbCircle
 10
44.653914664596655
 20
44.17102350714028
 30
0.0
 40
4.042821685912748
  0
CIRCLE
  5
6B
330
17
100
AcDbEntity
  8
Aridos
100
AcDbCircle
 10
6.1036154132628475
 20
12.898143686399527
 30
0.0
 40
3.395256692920233
  0
CIRCLE
  5
6C
330
17
100
AcDbEntity
  8
Aridos
100
AcDbCircle
 10
12.691640077624552
 20
6.242930270504255
 30
0.0
 40
2.7734650546253574
  0
CIRCLE
  5
6D
330
17
100
AcDbEntity
  8
Aridos
100
AcDbCircle
 10
28.434352355540536
 20
11.147446069380468
 30
0.0
 40
2.6555660970155697
  0
CIRCLE
  5
6E
330
17
100
AcDbEntity
  8
Aridos
100
AcDbCircle
 10
71.19225847074311
 20
8.437855196118921
 30
0.0
 40
3.3202346500208293
  0
CIRCLE
  5
6F
330
17
100
AcDbEntity
  8
Aridos
100
AcDbCircle
 10
2.5384462051416423
 20
18.3176895043945
 30
0.0
 40
2.2857374029074427
  0
CIRCLE
  5
70
330
17
100
AcDbEntity
  8
Aridos
100
AcDbCircle
 10
27.0933394337994
 20
55.541515190258266
 30
0.0
 40
2.070871564544236
  0
CIRCLE
  5
71
330
17
100
AcDbEntity
  8
Aridos
100
AcDbCircle
 10
69.98341214873128
 20
56.08728545090754
 30
0.0
 40
2.1238425055070786
  0
CIRCLE
  5
72
330
17
100
AcDbEntity
  8
Aridos
100
AcDbCircle
 10
62.97231163665371
 20
69.87734154826641
 30
0.0
 40
1.9420616787709117
  0
CIRCLE
  5
73
330
17
100
AcDbEntity
  8
Aridos
100
AcDbCircle
 10
71.6210584826297
 20
50.280543524732764
 30
0.0
 40
2.3663259330224293
  0
CIRCLE
  5
74
330
17
100
AcDbEntity
  8
Aridos
100
AcDbCircle
 10
56.29381347268012
 20
18.721482578063537
 30
0.0
 40
1.7489461165443005
  0
CIRCLE
  5
75
330
17
100
AcDbEntity
  8
Aridos
100
AcDbCircle
 10
9.845958702118581
 20
37.359478389392805
 30
0.0
 40
1.3020264520416944
  0
CIRCLE
  5
76
330
17
100
AcDbEntity
  8
Aridos
100
AcDbCircle
 10
31.620098011382698
 20
4.335187942377966
 30
0.0
 40
2.222713173172787
  0
CIRCLE
  5
77
330
17
100
AcDbEntity
  8
Aridos
100
AcDbCircle
 10
53.656314109440174
 20
38.6443142844073
 30
0.0
 40
2.083571817413422
  0
CIRCLE
  5
78
330
17
100
AcDbEntity
  8
Aridos
100
AcDbCircle
 10
18.08169695394184
 20
29.322445123931796
 30
0.0
 40
1.5375426095883165
  0
CIRCLE
  5
79
330
17
100
AcDbEntity
  8
Aridos
100
AcDbCircle
 10
73.42230144799119
 20
43.896661618244714
 30
0.0
 40
1.4025765407003887
  0
CIRCLE
  5
7A
330
17
100
AcDbEntity
  8
Aridos
100
AcDbCircle
 10
5.480007053024943
 20
21.661827908441904
 30
0.0
 40
1.770752449535836
  0
CIRCLE
  5
7B
330
17
100
AcDbEntity
  8
Aridos
100
AcDbCircle
 10
46.92208840017995
 20
18.363631638310984
 30
0.0
 40
1.2288701217497138
  0
CIRCLE
  5
7C
330
17
100
AcDbEntity
  8
Aridos
100
AcDbCircle
 10
18.795507379640238
 20
23.880011280301044
 30
0.0
 40
1.7516309771631775
  0
CIRCLE
  5
7D
330
17
100
AcDbEntity
  8
Aridos
100
AcDbCircle
 10
70.80271039075527
 20
2.5828551609906243
 30
0.0
 40
1.549243288401314
  0
CIRCLE
  5
7E
330
17
100
AcDbEntity
  8
Aridos
100
AcDbCircle
 10
25.718033380087412
 20
49.167075738844545
 30
0.0
 40
2.2800934136715734
  0
CIRCLE
  5
7F
330
17
100
AcDbEntity
  8
Aridos
100
AcDbCircle
 10
36.41086752939993
 20
59.78913604100923
 30
0.0
 40
2.276945093245928
  0
CIRCLE
  5
80
330
17
100
AcDbEntity
  8
Aridos
100
AcDbCircle
 10
30.18979328038011
 20
73.09045663780226
 30
0.0
 40
1.7398442729600099
  0
CIRCLE
  5
81
330
17
100
AcDbEntity
  8
Aridos
100
AcDbCircle
 10
58.54043540116218
 20
26.69255187995149
 30
0.0
 40
1.4600041344063652
  0
CIRCLE
  5
82
330
17
100
AcDbEntity
  8
Aridos
100
AcDbCircle
 10
2.904840809048559
 20
3.0038880176495866
 30
0.0
 40
1.28734080753468
  0
CIRCLE
  5
83
330
17
100
AcDbEntity
  8
Aridos
100
AcDbCircle
 10
60.85817948027648
 20
2.600903948471181
 30
0.0
 40
1.991887271371183
  0
CIRCLE
  5
84
330
17
100
AcDbEntity
  8
Aridos
100
AcDbCircle
 10
42.19639522368924
 20
50.5931435068058
 30
0.0
 40
1.9638343450949574
  0
CIRCLE
  5
85
330
17
100
AcDbEntity
  8
Ptos_reactivos
100
AcDbCircle
 10
54.01177749677532
 20
20.82638765442761
 30
0.0
 40
0.05
  0
CIRCLE
  5
86
330
17
100
AcDbEntity
  8
Ptos_reactivos
100
AcDbCircle
 10
52.18381587736641
 20
30.84091925957237
 30
0.0
 40
0.05
  0
CIRCLE
  5
87
330
17
100
AcDbEntity
  8
Ptos_reactivos
100
AcDbCircle
 10
40.99177785454244
 20
52.5776489194904
 30
0.0
 40
0.05
  0
CIRCLE
  5
88
330
17
100
AcDbEntity
  8
Ptos_reactivos
100
AcDbCircle
 10
61.29117534415531
 20
20.39408069108036
 30
0.0
 40
0.05
  0
CIRCLE
  5
89
330
17
100
AcDbEntity
  8
Ptos_reactivos
100
AcDbCircle
 10
29.967683559851725
 20
10.427484291380695
 30
0.0
 40
0.05
  0
CIRCLE
  5
8A
330
17
100
AcDbEntity
  8
Ptos_reactivos
100
AcDbCircle
 10
30.76394598712657
 20
30.182569645661236
 30
0.0
 40
0.05
  0
CIRCLE
  5
8B
330
17
100
AcDbEntity
  8
Ptos_reactivos
100
AcDbCircle
 10
4.798454652789108
 20
63.28367048322607
 30
0.0
 40
0.05
  0
CIRCLE
  5
8C
330
17
100
AcDbEntity
  8
Ptos_reactivos
100
AcDbCircle
 10
8.356323083835212
 20
10.078982059503193
 30
0.0
 40
0.05
  0
CIRCLE
  5
8D
330
17
100
AcDbEntity
  8
Ptos_reactivos
100
AcDbCircle
 10
4.298419008439508
 20
50.18985931026248
 30
0.0
 40
0.05
  0
CIRCLE
  5
8E
330
17
100
AcDbEntity
  8
Ptos_reactivos
100
AcDbCircle
 10
67.56216588029564
 20
24.519493190215126
 30
0.0
 40
0.05
  0
CIRCLE
  5
8F
330
17
100
AcDbEntity
  8
Ptos_reactivos
100
AcDbCircle
 10
6.687593167786041
 20
52.6348037837054
 30
0.0
 40
0.05
  0
CIRCLE
  5
90
330
17
100
AcDbEntity
  8
Ptos_reactivos
100
AcDbCircle
 10
63.1791871551307
 20
48.739627693679736
 30
0.0
 40
0.05
  0
CIRCLE
  5
91
330
17
100
AcDbEntity
  8
Ptos_reactivos
100
AcDbCircle
 10
1.8683688384433932
 20
46.93684198391001
 30
0.0
 40
0.05
  0
CIRCLE
  5
92
330
17
100
AcDbEntity
  8
Ptos_reactivos
100
AcDbCircle
 10
62.83571159320666
 20
50.482079397577635
 30
0.0
 40
0.05
  0
CIRCLE
  5
93
330
17
100
AcDbEntity
  8
Ptos_reactivos
100
AcDbCircle
 10
32.57090429654703
 20
70.71651397342784
 30
0.0
 40
0.05
  0
CIRCLE
  5
94
330
17
100
AcDbEntity
  8
Ptos_reactivos
100
AcDbCircle
 10
8.934115791063487
 20
47.1530671794403
 30
0.0
 40
0.05
  0
CIRCLE
  5
95
330
17
100
AcDbEntity
  8
Ptos_reactivos
100
AcDbCircle
 10
69.90778397786826
 20
22.64700944420745
 30
0.0
 40
0.05
  0
CIRCLE
  5
96
330
17
100
AcDbEntity
  8
Ptos_reactivos
100
AcDbCircle
 10
37.38725568588128
 20
8.081994655330158
 30
0.0
 40
0.05
  0
CIRCLE
  5
97
330
17
100
AcDbEntity
  8
Ptos_reactivos
100
AcDbCircle
 10
3.6136566042181517
 20
49.66203723769095
 30
0.0
 40
0.05
  0
CIRCLE
  5
98
330
17
100
AcDbEntity
  8
Ptos_reactivos
100
AcDbCircle
 10
12.055116757061748
 20
43.538756238743346
 30
0.0
 40
0.05
  0
CIRCLE
  5
99
330
17
100
AcDbEntity
  8
Ptos_reactivos
100
AcDbCircle
 10
70.12628092636851
 20
5.711962809459803
 30
0.0
 40
0.05
  0
CIRCLE
  5
9A
330
17
100
AcDbEntity
  8
Ptos_reactivos
100
AcDbCircle
 10
74.05749173334658
 20
16.164359205467
 30
0.0
 40
0.05
  0
CIRCLE
  5
9B
330
17
100
AcDbEntity
  8
Ptos_reactivos
100
AcDbCircle
 10
17.36147071678335
 20
42.86474127437088
 30
0.0
 40
0.05
  0
CIRCLE
  5
9C
330
17
100
AcDbEntity
  8
Ptos_reactivos
100
AcDbCircle
 10
40.61497740034696
 20
22.775019454900463
 30
0.0
 40
0.05
  0
CIRCLE
  5
9D
330
17
100
AcDbEntity
  8
Ptos_reactivos
100
AcDbCircle
 10
4.842733384444086
 20
2.282395396002018
 30
0.0
 40
0.05
  0
CIRCLE
  5
9E
330
17
100
AcDbEntity
  8
Ptos_reactivos
100
AcDbCircle
 10
46.86253912917678
 20
2.3153120880887004
 30
0.0
 40
0.05
  0
CIRCLE
  5
9F
330
17
100
AcDbEntity
  8
Ptos_reactivos
100
AcDbCircle
 10
20.326124856392518
 20
69.67938154302846
 30
0.0
 40
0.05
  0
CIRCLE
  5
A0
330
17
100
AcDbEntity
  8
Ptos_reactivos
100
AcDbCircle
 10
57.35870593129951
 20
59.81456172329828
 30
0.0
 40
0.05
  0
CIRCLE
  5
A1
330
17
100
AcDbEntity
  8
Ptos_reactivos
100
AcDbCircle
 10
50.43092688973344
 20
56.61496870661646
 30
0.0
 40
0.05
  0
CIRCLE
  5
A2
330
17
100
AcDbEntity
  8
Ptos_reactivos
100
AcDbCircle
 10
44.38882191621391
 20
48.91969224380682
 30
0.0
 40
0.05
  0
CIRCLE
  5
A3
330
17
100
AcDbEntity
  8
Ptos_reactivos
100
AcDbCircle
 10
35.425616939260934
 20
37.0700336620927
 30
0.0
 40
0.05
  0
CIRCLE
  5
A4
330
17
100
AcDbEntity
  8
Ptos_reactivos
100
AcDbCircle
 10
4.850463039409497
 20
45.49503683965308
 30
0.0
 40
0.05
  0
CIRCLE
  5
A5
330
17
100
AcDbEntity
  8
Ptos_reactivos
100
AcDbCircle
 10
8.158655601888956
 20
29.436433280961587
 30
0.0
 40
0.05
  0
CIRCLE
  5
A6
330
17
100
AcDbEntity
  8
Ptos_reactivos
100
AcDbCircle
 10
19.740879351620244
 20
5.809540942948613
 30
0.0
 40
0.05
  0
CIRCLE
  5
A7
330
17
100
AcDbEntity
  8
Ptos_reactivos
100
AcDbCircle
 10
56.75381829124903
 20
57.06906475227635
 30
0.0
 40
0.05
  0
CIRCLE
  5
A8
330
17
100
AcDbEntity
  8
Ptos_reactivos
100
AcDbCircle
 10
74.93244050373416
 20
1.1963968883558302
 30
0.0
 40
0.05
  0
CIRCLE
  5
A9
330
17
100
AcDbEntity
  8
Ptos_reactivos
100
AcDbCircle
 10
18.81922813076843
 20
55.88457925403917
 30
0.0
 40
0.05
  0
CIRCLE
  5
AA
330
17
100
AcDbEntity
  8
Ptos_reactivos
100
AcDbCircle
 10
28.84329400718086
 20
27.89568076588448
 30
0.0
 40
0.05
  0
CIRCLE
  5
AB
330
17
100
AcDbEntity
  8
Ptos_reactivos
100
AcDbCircle
 10
50.73350624885858
 20
35.1858335016624
 30
0.0
 40
0.05
  0
CIRCLE
  5
AC
330
17
100
AcDbEntity
  8
Ptos_reactivos
100
AcDbCircle
 10
62.44305409600157
 20
52.513219143732165
 30
0.0
 40
0.05
  0
CIRCLE
  5
AD
330
17
100
AcDbEntity
  8
Ptos_reactivos
100
AcDbCircle
 10
54.34555839811774
 20
38.23392921194193
 30
0.0
 40
0.05
  0
CIRCLE
  5
AE
330
17
100
AcDbEntity
  8
Ptos_reactivos
100
AcDbCircle
 10
48.587287054630856
 20
68.10888702447268
 30
0.0
 40
0.05
  0
CIRCLE
  5
AF
330
17
100
AcDbEntity
  8
Ptos_reactivos
100
AcDbCircle
 10
33.22904314513639
 20
53.14636451255672
 30
0.0
 40
0.05
  0
CIRCLE
  5
B0
330
17
100
AcDbEntity
  8
Ptos_reactivos
100
AcDbCircle
 10
17.124196315161434
 20
54.09970654463095
 30
0.0
 40
0.05
  0
CIRCLE
  5
B1
330
17
100
AcDbEntity
  8
Ptos_reactivos
100
AcDbCircle
 10
37.59199940293441
 20
14.697358689413365
 30
0.0
 40
0.05
  0
CIRCLE
  5
B2
330
17
100
AcDbEntity
  8
Ptos_reactivos
100
AcDbCircle
 10
15.721905158049761
 20
34.73334584922769
 30
0.0
 40
0.05
  0
CIRCLE
  5
B3
330
17
100
AcDbEntity
  8
Ptos_reactivos
100
AcDbCircle
 10
0.5447842162316946
 20
63.080252275599435
 30
0.0
 40
0.05
  0
CIRCLE
  5
B4
330
17
100
AcDbEntity
  8
Ptos_reactivos
100
AcDbCircle
 10
2.0978314003980176
 20
63.53390198752633
 30
0.0
 40
0.05
  0
CIRCLE
  5
B5
330
17
100
AcDbEntity
  8
Ptos_reactivos
100
AcDbCircle
 10
70.7460076441121
 20
69.55702946534277
 30
0.0
 40
0.05
  0
CIRCLE
  5
B6
330
17
100
AcDbEntity
  8
Ptos_reactivos
100
AcDbCircle
 10
28.250353074521747
 20
53.16035871804845
 30
0.0
 40
0.05
  0
CIRCLE
  5
B7
330
17
100
AcDbEntity
  8
Ptos_reactivos
100
AcDbCircle
 10
56.82515365094878
 20
53.87908537479876
 30
0.0
 40
0.05
  0
CIRCLE
  5
B8
330
17
100
AcDbEntity
  8
Ptos_reactivos
100
AcDbCircle
 10
66.06396641570575
 20
42.73672425173744
 30
0.0
 40
0.05
  0
CIRCLE
  5
B9
330
17
100
AcDbEntity
  8
Ptos_reactivos
100
AcDbCircle
 10
48.41733318416439
 20
17.087395803524203
 30
0.0
 40
0.05
  0
CIRCLE
  5
BA
330
17
100
AcDbEntity
  8
Ptos_reactivos
100
AcDbCircle
 10
26.937610506594197
 20
30.02026654905442
 30
0.0
 40
0.05
  0
CIRCLE
  5
BB
330
17
100
AcDbEntity
  8
Ptos_reactivos
100
AcDbCircle
 10
65.68055167128536
 20
57.29321525372167
 30
0.0
 40
0.05
  0
CIRCLE
  5
BC
330
17
100
AcDbEntity
  8
Ptos_reactivos
100
AcDbCircle
 10
66.4654257503669
 20
24.240925873531637
 30
0.0
 40
0.05
  0
CIRCLE
  5
BD
330
17
100
AcDbEntity
  8
Ptos_reactivos
100
AcDbCircle
 10
70.52723443891516
 20
17.83966154993004
 30
0.0
 40
0.05
  0
CIRCLE
  5
BE
330
17
100
AcDbEntity
  8
Ptos_reactivos
100
AcDbCircle
 10
33.72675844272584
 20
74.24402075929926
 30
0.0
 40
0.05
  0
CIRCLE
  5
BF
330
17
100
AcDbEntity
  8
Ptos_reactivos
100
AcDbCircle
 10
60.494748701487
 20
32.39654593355223
 30
0.0
 40
0.05
  0
CIRCLE
  5
C0
330
17
100
AcDbEntity
  8
Ptos_reactivos
100
AcDbCircle
 10
66.11731065228967
 20
5.14117905530489
 30
0.0
 40
0.05
  0
CIRCLE
  5
C1
330
17
100
AcDbEntity
  8
Ptos_reactivos
100
AcDbCircle
 10
9.577166203491577
 20
2.1723344635985242
 30
0.0
 40
0.05
  0
CIRCLE
  5
C2
330
17
100
AcDbEntity
  8
Ptos_reactivos
100
AcDbCircle
 10
7.327104571006926
 20
7.655791129419173
 30
0.0
 40
0.05
  0
CIRCLE
  5
C3
330
17
100
AcDbEntity
  8
Ptos_reactivos
100
AcDbCircle
 10
14.72795019242738
 20
29.31986567197563
 30
0.0
 40
0.05
  0
CIRCLE
  5
C4
330
17
100
AcDbEntity
  8
Ptos_reactivos
100
AcDbCircle
 10
7.228439619575133
 20
57.0445823177258
 30
0.0
 40
0.05
  0
CIRCLE
  5
C5
330
17
100
AcDbEntity
  8
Ptos_reactivos
100
AcDbCircle
 10
11.747799066324943
 20
19.727275189255465
 30
0.0
 40
0.05
  0
CIRCLE
  5
C6
330
17
100
AcDbEntity
  8
Ptos_reactivos
100
AcDbCircle
 10
39.75191872487478
 20
23.84755208943168
 30
0.0
 40
0.05
  0
CIRCLE
  5
C7
330
17
100
AcDbEntity
  8
Ptos_reactivos
100
AcDbCircle
 10
36.49036609020624
 20
48.05130249614887
 30
0.0
 40
0.05
  0
CIRCLE
  5
C8
330
17
100
AcDbEntity
  8
Ptos_reactivos
100
AcDbCircle
 10
2.8491491509912787
 20
2.5451647005738653
 30
0.0
 40
0.05
  0
CIRCLE
  5
C9
330
17
100
AcDbEntity
  8
Ptos_reactivos
100
AcDbCircle
 10
58.41184942201164
 20
54.57193986386725
 30
0.0
 40
0.05
  0
CIRCLE
  5
CA
330
17
100
AcDbEntity
  8
Ptos_reactivos
100
AcDbCircle
 10
59.26784339263664
 20
27.036436657063234
 30
0.0
 40
0.05
  0
CIRCLE
  5
CB
330
17
100
AcDbEntity
  8
Ptos_reactivos
100
AcDbCircle
 10
58.82398765999628
 20
39.870484487126646
 30
0.0
 40
0.05
  0
CIRCLE
  5
CC
330
17
100
AcDbEntity
  8
Ptos_reactivos
100
AcDbCircle
 10
34.414508955825866
 20
25.589338529253844
 30
0.0
 40
0.05
  0
CIRCLE
  5
CD
330
17
100
AcDbEntity
  8
Ptos_reactivos
100
AcDbCircle
 10
57.35611691615197
 20
53.41897122180779
 30
0.0
 40
0.05
  0
CIRCLE
  5
CE
330
17
100
AcDbEntity
  8
Ptos_reactivos
100
AcDbCircle
 10
68.81217544718905
 20
11.860358783940091
 30
0.0
 40
0.05
  0
CIRCLE
  5
CF
330
17
100
AcDbEntity
  8
Ptos_reactivos
100
AcDbCircle
 10
2.5114765433248474
 20
41.69155073385698
 30
0.0
 40
0.05
  0
CIRCLE
  5
D0
330
17
100
AcDbEntity
  8
Ptos_reactivos
100
AcDbCircle
 10
40.673468533631805
 20
60.70896355212956
 30
0.0
 40
0.05
  0
CIRCLE
  5
D1
330
17
100
AcDbEntity
  8
Ptos_reactivos
100
AcDbCircle
 10
2.225198674515644
 20
39.8057862518653
 30
0.0
 40
0.05
  0
CIRCLE
  5
D2
330
17
100
AcDbEntity
  8
Ptos_reactivos
100
AcDbCircle
 10
15.661081144369787
 20
14.118716527545885
 30
0.0
 40
0.05
  0
CIRCLE
  5
D3
330
17
100
AcDbEntity
  8
Ptos_reactivos
100
AcDbCircle
 10
38.48907252591202
 20
0.23704330313851218
 30
0.0
 40
0.05
  0
CIRCLE
  5
D4
330
17
100
AcDbEntity
  8
Ptos_reactivos
100
AcDbCircle
 10
16.038699181418856
 20
18.800505182904246
 30
0.0
 40
0.05
  0
CIRCLE
  5
D5
330
17
100
AcDbEntity
  8
Ptos_reactivos
100
AcDbCircle
 10
19.379975298120115
 20
11.47189207574549
 30
0.0
 40
0.05
  0
CIRCLE
  5
D6
330
17
100
AcDbEntity
  8
Ptos_reactivos
100
AcDbCircle
 10
69.13205019289944
 20
61.36521825444175
 30
0.0
 40
0.05
  0
CIRCLE
  5
D7
330
17
100
AcDbEntity
  8
Ptos_reactivos
100
AcDbCircle
 10
55.22391526682832
 20
53.425598970249126
 30
0.0
 40
0.05
  0
CIRCLE
  5
D8
330
17
100
AcDbEntity
  8
Ptos_reactivos
100
AcDbCircle
 10
39.698533369030656
 20
1.5585233338804627
 30
0.0
 40
0.05
  0
CIRCLE
  5
D9
330
17
100
AcDbEntity
  8
Ptos_reactivos
100
AcDbCircle
 10
55.38310548478041
 20
26.313959153556223
 30
0.0
 40
0.05
  0
CIRCLE
  5
DA
330
17
100
AcDbEntity
  8
Ptos_reactivos
100
AcDbCircle
 10
29.251499704810012
 20
15.698522597074712
 30
0.0
 40
0.05
  0
CIRCLE
  5
DB
330
17
100
AcDbEntity
  8
Ptos_reactivos
100
AcDbCircle
 10
21.811783912335496
 20
27.98997700142561
 30
0.0
 40
0.05
  0
CIRCLE
  5
DC
330
17
100
AcDbEntity
  8
Ptos_reactivos
100
AcDbCircle
 10
12.679618751202238
 20
30.294127501619084
 30
0.0
 40
0.05
  0
CIRCLE
  5
DD
330
17
100
AcDbEntity
  8
Ptos_reactivos
100
AcDbCircle
 10
20.250937467737447
 20
18.95489486935189
 30
0.0
 40
0.05
  0
CIRCLE
  5
DE
330
17
100
AcDbEntity
  8
Ptos_reactivos
100
AcDbCircle
 10
12.424412182506284
 20
3.443539445240176
 30
0.0
 40
0.05
  0
CIRCLE
  5
DF
330
17
100
AcDbEntity
  8
Ptos_reactivos
100
AcDbCircle
 10
41.19060707039002
 20
57.34752844814182
 30
0.0
 40
0.05
  0
CIRCLE
  5
E0
330
17
100
AcDbEntity
  8
Ptos_reactivos
100
AcDbCircle
 10
22.9648131500483
 20
65.0989663257243
 30
0.0
 40
0.05
  0
CIRCLE
  5
E1
330
17
100
AcDbEntity
  8
Ptos_reactivos
100
AcDbCircle
 10
14.59289972490013
 20
39.48824916912891
 30
0.0
 40
0.05
  0
CIRCLE
  5
E2
330
17
100
AcDbEntity
  8
Ptos_reactivos
100
AcDbCircle
 10
9.625707817651854
 20
55.42747848569512
 30
0.0
 40
0.05
  0
CIRCLE
  5
E3
330
17
100
AcDbEntity
  8
Ptos_reactivos
100
AcDbCircle
 10
59.112345468177814
 20
14.329905408023894
 30
0.0
 40
0.05
  0
CIRCLE
  5
E4
330
17
100
AcDbEntity
  8
Ptos_reactivos
100
AcDbCircle
 10
42.81748468797706
 20
21.969207019659137
 30
0.0
 40
0.05
  0
CIRCLE
  5
E5
330
17
100
AcDbEntity
  8
Ptos_reactivos
100
AcDbCircle
 10
68.2352484273159
 20
1.9550464733376793
 30
0.0
 40
0.05
  0
CIRCLE
  5
E6
330
17
100
AcDbEntity
  8
Ptos_reactivos
100
AcDbCircle
 10
49.812417577477554
 20
58.27890615970673
 30
0.0
 40
0.05
  0
CIRCLE
  5
E7
330
17
100
AcDbEntity
  8
Ptos_reactivos
100
AcDbCircle
 10
41.28822696223957
 20
51.984399834516935
 30
0.0
 40
0.05
  0
CIRCLE
  5
E8
330
17
100
AcDbEntity
  8
Ptos_reactivos
100
AcDbCircle
 10
27.321259606612735
 20
65.91773020440449
 30
0.0
 40
0.05
  0
CIRCLE
  5
E9
330
17
100
AcDbEntity
  8
Ptos_reactivos
100
AcDbCircle
 10
61.44604302659501
 20
28.492408048152782
 30
0.0
 40
0.05
  0
CIRCLE
  5
EA
330
17
100
AcDbEntity
  8
Ptos_reactivos
100
AcDbCircle
 10
25.927896746934657
 20
73.54006743396008
 30
0.0
 40
0.05
  0
CIRCLE
  5
EB
330
17
100
AcDbEntity
  8
Ptos_reactivos
100
AcDbCircle
 10
25.104670205483064
 20
53.29411558347767
 30
0.0
 40
0.05
  0
CIRCLE
  5
EC
330
17
100
AcDbEntity
  8
Ptos_reactivos
100
AcDbCircle
 10
64.68136648300847
 20
24.2116722435869
 30
0.0
 40
0.05
  0
CIRCLE
  5
ED
330
17
100
AcDbEntity
  8
Ptos_reactivos
100
AcDbCircle
 10
67.55478314706163
 20
64.1492269418448
 30
0.0
 40
0.05
  0
CIRCLE
  5
EE
330
17
100
AcDbEntity
  8
Ptos_reactivos
100
AcDbCircle
 10
69.23716762228048
 20
61.05081748325428
 30
0.0
 40
0.05
  0
CIRCLE
  5
EF
330
17
100
AcDbEntity
  8
Ptos_reactivos
100
AcDbCircle
 10
66.25603051399929
 20
63.613037646101375
 30
0.0
 40
0.05
  0
CIRCLE
  5
F0
330
17
100
AcDbEntity
  8
Ptos_reactivos
100
AcDbCircle
 10
20.952008756905947
 20
24.745473537512648
 30
0.0
 40
0.05
  0
CIRCLE
  5
F1
330
17
100
AcDbEntity
  8
Ptos_reactivos
100
AcDbCircle
 10
22.341374960676287
 20
1.4795938814936709
 30
0.0
 40
0.05
  0
CIRCLE
  5
F2
330
17
100
AcDbEntity
  8
Ptos_reactivos
100
AcDbCircle
 10
7.351840650735186
 20
30.08238362598084
 30
0.0
 40
0.05
  0
CIRCLE
  5
F3
330
17
100
AcDbEntity
  8
Ptos_reactivos
100
AcDbCircle
 10
10.788196334587944
 20
14.619164711280922
 30
0.0
 40
0.05
  0
CIRCLE
  5
F4
330
17
100
AcDbEntity
  8
Ptos_reactivos
100
AcDbCircle
 10
72.98955189716943
 20
27.396603757173693
 30
0.0
 40
0.05
  0
CIRCLE
  5
F5
330
17
100
AcDbEntity
  8
Ptos_reactivos
100
AcDbCircle
 10
31.160834389988494
 20
74.3724112239765
 30
0.0
 40
0.05
  0
CIRCLE
  5
F6
330
17
100
AcDbEntity
  8
Ptos_reactivos
100
AcDbCircle
 10
53.4407035925712
 20
2.9043625218154068
 30
0.0
 40
0.05
  0
CIRCLE
  5
F7
330
17
100
AcDbEntity
  8
Ptos_reactivos
100
AcDbCircle
 10
43.58307529247056
 20
70.99552401196954
 30
0.0
 40
0.05
  0
CIRCLE
  5
F8
330
17
100
AcDbEntity
  8
Ptos_reactivos
100
AcDbCircle
 10
27.2101371163126
 20
1.057182953569316
 30
0.0
 40
0.05
  0
CIRCLE
  5
F9
330
17
100
AcDbEntity
  8
Ptos_reactivos
100
AcDbCircle
 10
63.655338710448255
 20
67.81220533693569
 30
0.0
 40
0.05
  0
CIRCLE
  5
FA
330
17
100
AcDbEntity
  8
Ptos_reactivos
100
AcDbCircle
 10
57.2988175742141
 20
35.38298842597559
 30
0.0
 40
0.05
  0
CIRCLE
  5
FB
330
17
100
AcDbEntity
  8
Ptos_reactivos
100
AcDbCircle
 10
3.916256062469961
 20
31.321202765448128
 30
0.0
 40
0.05
  0
CIRCLE
  5
FC
330
17
100
AcDbEntity
  8
Ptos_reactivos
100
AcDbCircle
 10
37.86429207863463
 20
0.587562824125587
 30
0.0
 40
0.05
  0
CIRCLE
  5
FD
330
17
100
AcDbEntity
  8
Ptos_reactivos
100
AcDbCircle
 10
15.214216862106955
 20
55.47917446003886
 30
0.0
 40
0.05
  0
CIRCLE
  5
FE
330
17
100
AcDbEntity
  8
Ptos_reactivos
100
AcDbCircle
 10
17.186920024824246
 20
73.78313827756706
 30
0.0
 40
0.05
  0
CIRCLE
  5
FF
330
17
100
AcDbEntity
  8
Ptos_reactivos
100
AcDbCircle
 10
16.938162194569827
 20
47.975001148305516
 30
0.0
 40
0.05
  0
CIRCLE
  5
100
330
17
100
AcDbEntity
  8
Ptos_reactivos
100
AcDbCircle
 10
40.45748924517148
 20
25.730610096258992
 30
0.0
 40
0.05
  0
CIRCLE
  5
101
330
17
100
AcDbEntity
  8
Ptos_reactivos
100
AcDbCircle
 10
66.73153585337582
 20
56.01070094305457
 30
0.0
 40
0.05
  0
CIRCLE
  5
102
330
17
100
AcDbEntity
  8
Ptos_reactivos
100
AcDbCircle
 10
11.958777250654165
 20
23.569566425559927
 30
0.0
 40
0.05
  0
CIRCLE
  5
103
330
17
100
AcDbEntity
  8
Ptos_reactivos
100
AcDbCircle
 10
35.97070940268276
 20
5.112318367609758
 30
0.0
 40
0.05
  0
CIRCLE
  5
104
330
17
100
AcDbEntity
  8
Ptos_reactivos
100
AcDbCircle
 10
68.52067185535425
 20
60.768107467205795
 30
0.0
 40
0.05
  0
CIRCLE
  5
105
330
17
100
AcDbEntity
  8
Ptos_reactivos
100
AcDbCircle
 10
43.44971983329321
 20
37.6078765826091
 30
0.0
 40
0.05
  0
CIRCLE
  5
106
330
17
100
AcDbEntity
  8
Ptos_reactivos
100
AcDbCircle
 10
29.62025078549888
 20
67.04280482850272
 30
0.0
 40
0.05
  0
CIRCLE
  5
107
330
17
100
AcDbEntity
  8
Ptos_reactivos
100
AcDbCircle
 10
6.7833275378818305
 20
69.13438992101831
 30
0.0
 40
0.05
  0
CIRCLE
  5
108
330
17
100
AcDbEntity
  8
Ptos_reactivos
100
AcDbCircle
 10
22.071855573329433
 20
56.4704274131569
 30
0.0
 40
0.05
  0
CIRCLE
  5
109
330
17
100
AcDbEntity
  8
Ptos_reactivos
100
AcDbCircle
 10
48.140641750582105
 20
36.06630291132519
 30
0.0
 40
0.05
  0
CIRCLE
  5
10A
330
17
100
AcDbEntity
  8
Ptos_reactivos
100
AcDbCircle
 10
73.19455725473203
 20
1.2481158703801816
 30
0.0
 40
0.05
  0
CIRCLE
  5
10B
330
17
100
AcDbEntity
  8
Ptos_reactivos
100
AcDbCircle
 10
49.761007783124
 20
33.84147149415682
 30
0.0
 40
0.05
  0
CIRCLE
  5
10C
330
17
100
AcDbEntity
  8
Ptos_reactivos
100
AcDbCircle
 10
52.94862484815523
 20
56.26284144469047
 30
0.0
 40
0.05
  0
CIRCLE
  5
10D
330
17
100
AcDbEntity
  8
Ptos_reactivos
100
AcDbCircle
 10
17.575637237618427
 20
18.88807690741879
 30
0.0
 40
0.05
  0
CIRCLE
  5
10E
330
17
100
AcDbEntity
  8
Ptos_reactivos
100
AcDbCircle
 10
15.220728279374661
 20
35.8722015761308
 30
0.0
 40
0.05
  0
CIRCLE
  5
10F
330
17
100
AcDbEntity
  8
Ptos_reactivos
100
AcDbCircle
 10
42.429289970603264
 20
32.85778069944326
 30
0.0
 40
0.05
  0
CIRCLE
  5
110
330
17
100
AcDbEntity
  8
Ptos_reactivos
100
AcDbCircle
 10
37.23134383600798
 20
19.33661941139829
 30
0.0
 40
0.05
  0
CIRCLE
  5
111
330
17
100
AcDbEntity
  8
Ptos_reactivos
100
AcDbCircle
 10
28.510752965439174
 20
42.37854663923946
 30
0.0
 40
0.05
  0
CIRCLE
  5
112
330
17
100
AcDbEntity
  8
Ptos_reactivos
100
AcDbCircle
 10
66.45516770511063
 20
29.9207972451526
 30
0.0
 40
0.05
  0
CIRCLE
  5
113
330
17
100
AcDbEntity
  8
Ptos_reactivos
100
AcDbCircle
 10
62.87162789680637
 20
14.93192348134593
 30
0.0
 40
0.05
  0
CIRCLE
  5
114
330
17
100
AcDbEntity
  8
Ptos_reactivos
100
AcDbCircle
 10
8.72074250808936
 20
42.59568060038693
 30
0.0
 40
0.05
  0
CIRCLE
  5
115
330
17
100
AcDbEntity
  8
Ptos_reactivos
100
AcDbCircle
 10
74.30367550293792
 20
8.663482592500701
 30
0.0
 40
0.05
  0
CIRCLE
  5
116
330
17
100
AcDbEntity
  8
Ptos_reactivos
100
AcDbCircle
 10
68.05295002382044
 20
51.12837051543737
 30
0.0
 40
0.05
  0
CIRCLE
  5
117
330
17
100
AcDbEntity
  8
Ptos_reactivos
100
AcDbCircle
 10
0.5810139538907272
 20
25.87334909156443
 30
0.0
 40
0.05
  0
CIRCLE
  5
118
330
17
100
AcDbEntity
  8
Ptos_reactivos
100
AcDbCircle
 10
37.22933788341891
 20
10.583879066016683
 30
0.0
 40
0.05
  0
CIRCLE
  5
119
330
17
100
AcDbEntity
  8
Ptos_reactivos
100
AcDbCircle
 10
56.993428279819845
 20
7.974602057139449
 30
0.0
 40
0.05
  0
CIRCLE
  5
11A
330
17
100
AcDbEntity
  8
Ptos_reactivos
100
AcDbCircle
 10
61.87650081834841
 20
54.868995263681406
 30
0.0
 40
0.05
  0
CIRCLE
  5
11B
330
17
100
AcDbEntity
  8
Ptos_reactivos
100
AcDbCircle
 10
47.544069877690795
 20
23.03615528339834
 30
0.0
 40
0.05
  0
CIRCLE
  5
11C
330
17
100
AcDbEntity
  8
Ptos_reactivos
100
AcDbCircle
 10
66.31329523162988
 20
52.465005922857536
 30
0.0
 40
0.05
  0
CIRCLE
  5
11D
330
17
100
AcDbEntity
  8
Ptos_reactivos
100
AcDbCircle
 10
38.897640198711095
 20
6.142277855701458
 30
0.0
 40
0.05
  0
CIRCLE
  5
11E
330
17
100
AcDbEntity
  8
Ptos_reactivos
100
AcDbCircle
 10
3.961364542261589
 20
25.15521805031166
 30
0.0
 40
0.05
  0
CIRCLE
  5
11F
330
17
100
AcDbEntity
  8
Ptos_reactivos
100
AcDbCircle
 10
68.20581142801407
 20
55.78811451707106
 30
0.0
 40
0.05
  0
CIRCLE
  5
120
330
17
100
AcDbEntity
  8
Ptos_reactivos
100
AcDbCircle
 10
43.78537089678228
 20
3.785522665387603
 30
0.0
 40
0.05
  0
CIRCLE
  5
121
330
17
100
AcDbEntity
  8
Ptos_reactivos
100
AcDbCircle
 10
73.65198040774757
 20
24.229515640768007
 30
0.0
 40
0.05
  0
CIRCLE
  5
122
330
17
100
AcDbEntity
  8
Ptos_reactivos
100
AcDbCircle
 10
16.250496971236082
 20
6.398483105458677
 30
0.0
 40
0.05
  0
CIRCLE
  5
123
330
17
100
AcDbEntity
  8
Ptos_reactivos
100
AcDbCircle
 10
50.85285288852625
 20
69.5584427065198
 30
0.0
 40
0.05
  0
CIRCLE
  5
124
330
17
100
AcDbEntity
  8
Ptos_reactivos
100
AcDbCircle
 10
27.116878783665836
 20
61.725868706973586
 30
0.0
 40
0.05
  0
CIRCLE
  5
125
330
17
100
AcDbEntity
  8
Ptos_reactivos
100
AcDbCircle
 10
71.53922567021534
 20
43.204520135667316
 30
0.0
 40
0.05
  0
CIRCLE
  5
126
330
17
100
AcDbEntity
  8
Ptos_reactivos
100
AcDbCircle
 10
64.99751946919416
 20
23.121105446304853
 30
0.0
 40
0.05
  0
CIRCLE
  5
127
330
17
100
AcDbEntity
  8
Ptos_reactivos
100
AcDbCircle
 10
68.05031766715766
 20
65.12097307873424
 30
0.0
 40
0.05
  0
CIRCLE
  5
128
330
17
100
AcDbEntity
  8
Ptos_reactivos
100
AcDbCircle
 10
10.37372202805015
 20
28.72595557834287
 30
0.0
 40
0.05
  0
CIRCLE
  5
129
330
17
100
AcDbEntity
  8
Ptos_reactivos
100
AcDbCircle
 10
20.455242647223876
 20
35.529439338306176
 30
0.0
 40
0.05
  0
CIRCLE
  5
12A
330
17
100
AcDbEntity
  8
Ptos_reactivos
100
AcDbCircle
 10
5.376836230542651
 20
32.42463731649368
 30
0.0
 40
0.05
  0
CIRCLE
  5
12B
330
17
100
AcDbEntity
  8
Ptos_reactivos
100
AcDbCircle
 10
55.22012232602199
 20
43.711914775348724
 30
0.0
 40
0.05
  0
CIRCLE
  5
12C
330
17
100
AcDbEntity
  8
Ptos_reactivos
100
AcDbCircle
 10
37.8560470339459
 20
32.38769086433232
 30
0.0
 40
0.05
  0
CIRCLE
  5
12D
330
17
100
AcDbEntity
  8
Ptos_reactivos
100
AcDbCircle
 10
44.939072873684
 20
73.34236947262204
 30
0.0
 40
0.05
  0
CIRCLE
  5
12E
330
17
100
AcDbEntity
  8
Ptos_reactivos
100
AcDbCircle
 10
26.746190246657886
 20
45.868076133270485
 30
0.0
 40
0.05
  0
CIRCLE
  5
12F
330
17
100
AcDbEntity
  8
Ptos_reactivos
100
AcDbCircle
 10
70.73863891740167
 20
44.46601443492922
 30
0.0
 40
0.05
  0
CIRCLE
  5
130
330
17
100
AcDbEntity
  8
Ptos_reactivos
100
AcDbCircle
 10
22.878196832676597
 20
11.52169087332834
 30
0.0
 40
0.05
  0
CIRCLE
  5
131
330
17
100
AcDbEntity
  8
Ptos_reactivos
100
AcDbCircle
 10
29.757067721105972
 20
36.784391061777406
 30
0.0
 40
0.05
  0
CIRCLE
  5
132
330
17
100
AcDbEntity
  8
Ptos_reactivos
100
AcDbCircle
 10
25.94645943972771
 20
29.37027604658303
 30
0.0
 40
0.05
  0
CIRCLE
  5
133
330
17
100
AcDbEntity
  8
Ptos_reactivos
100
AcDbCircle
 10
61.88149724128451
 20
25.618311909536803
 30
0.0
 40
0.05
  0
CIRCLE
  5
134
330
17
100
AcDbEntity
  8
Ptos_reactivos
100
AcDbCircle
 10
5.050175738929593
 20
51.86181823876798
 30
0.0
 40
0.05
  0
CIRCLE
  5
135
330
17
100
AcDbEntity
  8
Ptos_reactivos
100
AcDbCircle
 10
25.441885496158
 20
2.0266588007579633
 30
0.0
 40
0.05
  0
CIRCLE
  5
136
330
17
100
AcDbEntity
  8
Ptos_reactivos
100
AcDbCircle
 10
54.216510695210175
 20
39.92445748783238
 30
0.0
 40
0.05
  0
CIRCLE
  5
137
330
17
100
AcDbEntity
  8
Ptos_reactivos
100
AcDbCircle
 10
29.421973867323697
 20
49.45951993166882
 30
0.0
 40
0.05
  0
CIRCLE
  5
138
330
17
100
AcDbEntity
  8
Ptos_reactivos
100
AcDbCircle
 10
72.65939602043673
 20
43.98067721463593
 30
0.0
 40
0.05
  0
CIRCLE
  5
139
330
17
100
AcDbEntity
  8
Ptos_reactivos
100
AcDbCircle
 10
32.50845271787612
 20
54.899963542043444
 30
0.0
 40
0.05
  0
CIRCLE
  5
13A
330
17
100
AcDbEntity
  8
Ptos_reactivos
100
AcDbCircle
 10
5.104749725485283
 20
28.559563055984633
 30
0.0
 40
0.05
  0
CIRCLE
  5
13B
330
17
100
AcDbEntity
  8
Ptos_reactivos
100
AcDbCircle
 10
66.71278388322793
 20
17.49462053499498
 30
0.0
 40
0.05
  0
CIRCLE
  5
13C
330
17
100
AcDbEntity
  8
Ptos_reactivos
100
AcDbCircle
 10
52.44020193989622
 20
58.29337360309921
 30
0.0
 40
0.05
  0
CIRCLE
  5
13D
330
17
100
AcDbEntity
  8
Ptos_reactivos
100
AcDbCircle
 10
73.00820482272
 20
73.54038733076135
 30
0.0
 40
0.05
  0
CIRCLE
  5
13E
330
17
100
AcDbEntity
  8
Ptos_reactivos
100
AcDbCircle
 10
19.022178981129002
 20
40.78733856943261
 30
0.0
 40
0.05
  0
CIRCLE
  5
13F
330
17
100
AcDbEntity
  8
Ptos_reactivos
100
AcDbCircle
 10
16.94887988867868
 20
35.178316449940105
 30
0.0
 40
0.05
  0
CIRCLE
  5
140
330
17
100
AcDbEntity
  8
Ptos_reactivos
100
AcDbCircle
 10
28.40721549648915
 20
41.76023461128755
 30
0.0
 40
0.05
  0
CIRCLE
  5
141
330
17
100
AcDbEntity
  8
Ptos_reactivos
100
AcDbCircle
 10
64.47078520588444
 20
41.00910669642375
 30
0.0
 40
0.05
  0
CIRCLE
  5
142
330
17
100
AcDbEntity
  8
Ptos_reactivos
100
AcDbCircle
 10
48.187046081421066
 20
56.59139318230959
 30
0.0
 40
0.05
  0
CIRCLE
  5
143
330
17
100
AcDbEntity
  8
Ptos_reactivos
100
AcDbCircle
 10
37.22421028809664
 20
53.49865192584542
 30
0.0
 40
0.05
  0
CIRCLE
  5
144
330
17
100
AcDbEntity
  8
Ptos_reactivos
100
AcDbCircle
 10
2.4415630791272873
 20
51.61908873715711
 30
0.0
 40
0.05
  0
CIRCLE
  5
145
330
17
100
AcDbEntity
  8
Ptos_reactivos
100
AcDbCircle
 10
33.96117783853207
 20
8.03381903060722
 30
0.0
 40
0.05
  0
CIRCLE
  5
146
330
17
100
AcDbEntity
  8
Ptos_reactivos
100
AcDbCircle
 10
43.15379771468133
 20
2.856881366614758
 30
0.0
 40
0.05
  0
CIRCLE
  5
147
330
17
100
AcDbEntity
  8
Ptos_reactivos
100
AcDbCircle
 10
28.214072213071304
 20
3.134201462482744
 30
0.0
 40
0.05
  0
CIRCLE
  5
148
330
17
100
AcDbEntity
  8
Ptos_reactivos
100
AcDbCircle
 10
39.872874099358974
 20
43.32220382128033
 30
0.0
 40
0.05
  0
CIRCLE
  5
149
330
17
100
AcDbEntity
  8
Ptos_reactivos
100
AcDbCircle
 10
34.23002723082283
 20
55.309198436860555
 30
0.0
 40
0.05
  0
CIRCLE
  5
14A
330
17
100
AcDbEntity
  8
Ptos_reactivos
100
AcDbCircle
 10
27.33343356594819
 20
34.79657392038303
 30
0.0
 40
0.05
  0
CIRCLE
  5
14B
330
17
100
AcDbEntity
  8
Ptos_reactivos
100
AcDbCircle
 10
72.23086584270398
 20
1.7592760240990186
 30
0.0
 40
0.05
  0
CIRCLE
  5
14C
330
17
100
AcDbEntity
  8
Ptos_reactivos
100
AcDbCircle
 10
29.030570699093193
 20
49.596672279726455
 30
0.0
 40
0.05
  0
CIRCLE
  5
14D
330
17
100
AcDbEntity
  8
Ptos_reactivos
100
AcDbCircle
 10
67.71718059917322
 20
0.2882439344613019
 30
0.0
 40
0.05
  0
CIRCLE
  5
14E
330
17
100
AcDbEntity
  8
Ptos_reactivos
100
AcDbCircle
 10
69.52684999243992
 20
9.008523656902117
 30
0.0
 40
0.05
  0
CIRCLE
  5
14F
330
17
100
AcDbEntity
  8
Ptos_reactivos
100
AcDbCircle
 10
24.571960080569227
 20
39.41297844250846
 30
0.0
 40
0.05
  0
CIRCLE
  5
150
330
17
100
AcDbEntity
  8
Ptos_reactivos
100
AcDbCircle
 10
52.90395601097581
 20
56.36778991081867
 30
0.0
 40
0.05
  0
CIRCLE
  5
151
330
17
100
AcDbEntity
  8
Ptos_reactivos
100
AcDbCircle
 10
42.10487111270753
 20
2.214433310084571
 30
0.0
 40
0.05
  0
CIRCLE
  5
152
330
17
100
AcDbEntity
  8
Ptos_reactivos
100
AcDbCircle
 10
4.822176581665897
 20
19.549028768712827
 30
0.0
 40
0.05
  0
CIRCLE
  5
153
330
17
100
AcDbEntity
  8
Ptos_reactivos
100
AcDbCircle
 10
21.676606401608662
 20
50.64776938946062
 30
0.0
 40
0.05
  0
CIRCLE
  5
154
330
17
100
AcDbEntity
  8
Ptos_reactivos
100
AcDbCircle
 10
22.06577747425669
 20
48.37548287542759
 30
0.0
 40
0.05
  0
CIRCLE
  5
155
330
17
100
AcDbEntity
  8
Ptos_reactivos
100
AcDbCircle
 10
35.42892163521224
 20
27.163236302351056
 30
0.0
 40
0.05
  0
CIRCLE
  5
156
330
17
100
AcDbEntity
  8
Ptos_reactivos
100
AcDbCircle
 10
46.796554716019976
 20
22.5154496765765
 30
0.0
 40
0.05
  0
CIRCLE
  5
157
330
17
100
AcDbEntity
  8
Ptos_reactivos
100
AcDbCircle
 10
40.43603048943899
 20
59.36240730294111
 30
0.0
 40
0.05
  0
CIRCLE
  5
158
330
17
100
AcDbEntity
  8
Ptos_reactivos
100
AcDbCircle
 10
49.37999555273401
 20
54.45465666684967
 30
0.0
 40
0.05
  0
CIRCLE
  5
159
330
17
100
AcDbEntity
  8
Ptos_reactivos
100
AcDbCircle
 10
31.375547317853638
 20
8.456126621170615
 30
0.0
 40
0.05
  0
CIRCLE
  5
15A
330
17
100
AcDbEntity
  8
Ptos_reactivos
100
AcDbCircle
 10
47.85999586609554
 20
34.55032587713238
 30
0.0
 40
0.05
  0
CIRCLE
  5
15B
330
17
100
AcDbEntity
  8
Ptos_reactivos
100
AcDbCircle
 10
14.385989304272002
 20
33.615840408614
 30
0.0
 40
0.05
  0
CIRCLE
  5
15C
330
17
100
AcDbEntity
  8
Ptos_reactivos
100
AcDbCircle
 10
1.3065154292071863
 20
1.30615903309578
 30
0.0
 40
0.05
  0
CIRCLE
  5
15D
330
17
100
AcDbEntity
  8
Ptos_reactivos
100
AcDbCircle
 10
12.777906924503975
 20
68.26877245039103
 30
0.0
 40
0.05
  0
CIRCLE
  5
15E
330
17
100
AcDbEntity
  8
Ptos_reactivos
100
AcDbCircle
 10
50.90579506241279
 20
27.44375839095429
 30
0.0
 40
0.05
  0
CIRCLE
  5
15F
330
17
100
AcDbEntity
  8
Ptos_reactivos
100
AcDbCircle
 10
21.884678709590027
 20
63.279650560455586
 30
0.0
 40
0.05
  0
CIRCLE
  5
160
330
17
100
AcDbEntity
  8
Ptos_reactivos
100
AcDbCircle
 10
28.673046353936765
 20
3.4218122903071135
 30
0.0
 40
0.05
  0
CIRCLE
  5
161
330
17
100
AcDbEntity
  8
Ptos_reactivos
100
AcDbCircle
 10
59.734742650986405
 20
68.8050253847706
 30
0.0
 40
0.05
  0
CIRCLE
  5
162
330
17
100
AcDbEntity
  8
Ptos_reactivos
100
AcDbCircle
 10
6.285112270032661
 20
3.8695178730263624
 30
0.0
 40
0.05
  0
CIRCLE
  5
163
330
17
100
AcDbEntity
  8
Ptos_reactivos
100
AcDbCircle
 10
63.48551473169754
 20
2.1190979882630634
 30
0.0
 40
0.05
  0
CIRCLE
  5
164
330
17
100
AcDbEntity
  8
Ptos_reactivos
100
AcDbCircle
 10
47.43187257726141
 20
42.82436215554814
 30
0.0
 40
0.05
  0
CIRCLE
  5
165
330
17
100
AcDbEntity
  8
Ptos_reactivos
100
AcDbCircle
 10
31.83638346637699
 20
58.55611909117251
 30
0.0
 40
0.05
  0
CIRCLE
  5
166
330
17
100
AcDbEntity
  8
Ptos_reactivos
100
AcDbCircle
 10
9.672601398420369
 20
12.409621893835638
 30
0.0
 40
0.05
  0
CIRCLE
  5
167
330
17
100
AcDbEntity
  8
Ptos_reactivos
100
AcDbCircle
 10
34.59551137703014
 20
35.4268965972601
 30
0.0
 40
0.05
  0
CIRCLE
  5
168
330
17
100
AcDbEntity
  8
Ptos_reactivos
100
AcDbCircle
 10
26.293266247029386
 20
60.11732384271319
 30
0.0
 40
0.05
  0
CIRCLE
  5
169
330
17
100
AcDbEntity
  8
Ptos_reactivos
100
AcDbCircle
 10
41.58038385898181
 20
32.63869156830757
 30
0.0
 40
0.05
  0
CIRCLE
  5
16A
330
17
100
AcDbEntity
  8
Ptos_reactivos
100
AcDbCircle
 10
60.090928319282675
 20
25.359599261264293
 30
0.0
 40
0.05
  0
CIRCLE
  5
16B
330
17
100
AcDbEntity
  8
Ptos_reactivos
100
AcDbCircle
 10
65.89740727849826
 20
30.41663749525026
 30
0.0
 40
0.05
  0
CIRCLE
  5
16C
330
17
100
AcDbEntity
  8
Ptos_reactivos
100
AcDbCircle
 10
41.66083665103222
 20
43.95158299339104
 30
0.0
 40
0.05
  0
CIRCLE
  5
16D
330
17
100
AcDbEntity
  8
Ptos_reactivos
100
AcDbCircle
 10
7.2367861017944515
 20
13.295968214659815
 30
0.0
 40
0.05
  0
CIRCLE
  5
16E
330
17
100
AcDbEntity
  8
Ptos_reactivos
100
AcDbCircle
 10
19.59677766424929
 20
6.70147342561771
 30
0.0
 40
0.05
  0
CIRCLE
  5
16F
330
17
100
AcDbEntity
  8
Ptos_reactivos
100
AcDbCircle
 10
38.99020569476086
 20
35.06879660581947
 30
0.0
 40
0.05
  0
CIRCLE
  5
170
330
17
100
AcDbEntity
  8
Ptos_reactivos
100
AcDbCircle
 10
31.64759175128094
 20
47.09805600336991
 30
0.0
 40
0.05
  0
CIRCLE
  5
171
330
17
100
AcDbEntity
  8
Ptos_reactivos
100
AcDbCircle
 10
2.7605895637049183
 20
63.950542687686166
 30
0.0
 40
0.05
  0
CIRCLE
  5
172
330
17
100
AcDbEntity
  8
Ptos_reactivos
100
AcDbCircle
 10
14.312026210267984
 20
62.53179224407738
 30
0.0
 40
0.05
  0
CIRCLE
  5
173
330
17
100
AcDbEntity
  8
Ptos_reactivos
100
AcDbCircle
 10
19.382284793284416
 20
59.82004273787781
 30
0.0
 40
0.05
  0
CIRCLE
  5
174
330
17
100
AcDbEntity
  8
Ptos_reactivos
100
AcDbCircle
 10
30.677090197845825
 20
10.731258239560509
 30
0.0
 40
0.05
  0
CIRCLE
  5
175
330
17
100
AcDbEntity
  8
Ptos_reactivos
100
AcDbCircle
 10
4.323014709831321
 20
24.36454145870752
 30
0.0
 40
0.05
  0
CIRCLE
  5
176
330
17
100
AcDbEntity
  8
Ptos_reactivos
100
AcDbCircle
 10
1.34204984981853
 20
71.30105317151002
 30
0.0
 40
0.05
  0
CIRCLE
  5
177
330
17
100
AcDbEntity
  8
Ptos_reactivos
100
AcDbCircle
 10
27.05817265221502
 20
39.13463725252742
 30
0.0
 40
0.05
  0
CIRCLE
  5
178
330
17
100
AcDbEntity
  8
Ptos_reactivos
100
AcDbCircle
 10
16.796873042126155
 20
60.95566061802309
 30
0.0
 40
0.05
  0
CIRCLE
  5
179
330
17
100
AcDbEntity
  8
Ptos_reactivos
100
AcDbCircle
 10
71.69264176063668
 20
54.17814507683794
 30
0.0
 40
0.05
  0
CIRCLE
  5
17A
330
17
100
AcDbEntity
  8
Ptos_reactivos
100
AcDbCircle
 10
33.37590641466871
 20
54.64432327692625
 30
0.0
 40
0.05
  0
CIRCLE
  5
17B
330
17
100
AcDbEntity
  8
Ptos_reactivos
100
AcDbCircle
 10
39.255477894195806
 20
57.34365006345488
 30
0.0
 40
0.05
  0
CIRCLE
  5
17C
330
17
100
AcDbEntity
  8
Ptos_reactivos
100
AcDbCircle
 10
57.03169390327467
 20
44.5097877499921
 30
0.0
 40
0.05
  0
CIRCLE
  5
17D
330
17
100
AcDbEntity
  8
Ptos_reactivos
100
AcDbCircle
 10
47.731610335829494
 20
37.6929687493555
 30
0.0
 40
0.05
  0
CIRCLE
  5
17E
330
17
100
AcDbEntity
  8
Ptos_reactivos
100
AcDbCircle
 10
73.44781214238843
 20
31.26057188553659
 30
0.0
 40
0.05
  0
CIRCLE
  5
17F
330
17
100
AcDbEntity
  8
Ptos_reactivos
100
AcDbCircle
 10
26.857854420107245
 20
41.6131629120913
 30
0.0
 40
0.05
  0
CIRCLE
  5
180
330
17
100
AcDbEntity
  8
Ptos_reactivos
100
AcDbCircle
 10
10.24283408340348
 20
62.19411084392458
 30
0.0
 40
0.05
  0
CIRCLE
  5
181
330
17
100
AcDbEntity
  8
Ptos_reactivos
100
AcDbCircle
 10
33.01417481941557
 20
26.207541808935584
 30
0.0
 40
0.05
  0
CIRCLE
  5
182
330
17
100
AcDbEntity
  8
Ptos_reactivos
100
AcDbCircle
 10
70.40386628039312
 20
48.06641487050979
 30
0.0
 40
0.05
  0
CIRCLE
  5
183
330
17
100
AcDbEntity
  8
Ptos_reactivos
100
AcDbCircle
 10
32.29365308339854
 20
16.746118028090255
 30
0.0
 40
0.05
  0
CIRCLE
  5
184
330
17
100
AcDbEntity
  8
Ptos_reactivos
100
AcDbCircle
 10
21.899923214453366
 20
41.67036856594124
 30
0.0
 40
0.05
  0
CIRCLE
  5
185
330
17
100
AcDbEntity
  8
Ptos_reactivos
100
AcDbCircle
 10
57.83757851151065
 20
65.36696529854987
 30
0.0
 40
0.05
  0
CIRCLE
  5
186
330
17
100
AcDbEntity
  8
Ptos_reactivos
100
AcDbCircle
 10
32.37612827612762
 20
52.67623285524406
 30
0.0
 40
0.05
  0
CIRCLE
  5
187
330
17
100
AcDbEntity
  8
Ptos_reactivos
100
AcDbCircle
 10
62.513495831667456
 20
28.34465118712191
 30
0.0
 40
0.05
  0
CIRCLE
  5
188
330
17
100
AcDbEntity
  8
Ptos_reactivos
100
AcDbCircle
 10
41.31995388816267
 20
46.025775817164806
 30
0.0
 40
0.05
  0
CIRCLE
  5
189
330
17
100
AcDbEntity
  8
Ptos_reactivos
100
AcDbCircle
 10
22.56284486269752
 20
19.752718671921095
 30
0.0
 40
0.05
  0
CIRCLE
  5
18A
330
17
100
AcDbEntity
  8
Ptos_reactivos
100
AcDbCircle
 10
11.290591032185732
 20
23.33837442563477
 30
0.0
 40
0.05
  0
CIRCLE
  5
18B
330
17
100
AcDbEntity
  8
Ptos_reactivos
100
AcDbCircle
 10
69.94177783202153
 20
69.73449937873774
 30
0.0
 40
0.05
  0
CIRCLE
  5
18C
330
17
100
AcDbEntity
  8
Ptos_reactivos
100
AcDbCircle
 10
38.61285495164864
 20
22.58849891571921
 30
0.0
 40
0.05
  0
CIRCLE
  5
18D
330
17
100
AcDbEntity
  8
Ptos_reactivos
100
AcDbCircle
 10
73.31961973616347
 20
33.20259865839864
 30
0.0
 40
0.05
  0
CIRCLE
  5
18E
330
17
100
AcDbEntity
  8
Ptos_reactivos
100
AcDbCircle
 10
34.1766482150349
 20
12.78711767844913
 30
0.0
 40
0.05
  0
CIRCLE
  5
18F
330
17
100
AcDbEntity
  8
Ptos_reactivos
100
AcDbCircle
 10
67.79235094535639
 20
20.66243969271235
 30
0.0
 40
0.05
  0
CIRCLE
  5
190
330
17
100
AcDbEntity
  8
Ptos_reactivos
100
AcDbCircle
 10
12.230759306741817
 20
17.54290935107657
 30
0.0
 40
0.05
  0
CIRCLE
  5
191
330
17
100
AcDbEntity
  8
Ptos_reactivos
100
AcDbCircle
 10
62.33385378217502
 20
44.918095506956206
 30
0.0
 40
0.05
  0
CIRCLE
  5
192
330
17
100
AcDbEntity
  8
Ptos_reactivos
100
AcDbCircle
 10
1.0240710985993717
 20
2.3285195037072492
 30
0.0
 40
0.05
  0
CIRCLE
  5
193
330
17
100
AcDbEntity
  8
Ptos_reactivos
100
AcDbCircle
 10
13.48917195292169
 20
67.85549565322663
 30
0.0
 40
0.05
  0
CIRCLE
  5
194
330
17
100
AcDbEntity
  8
Ptos_reactivos
100
AcDbCircle
 10
53.928632558571074
 20
44.81730109158657
 30
0.0
 40
0.05
  0
CIRCLE
  5
195
330
17
100
AcDbEntity
  8
Ptos_reactivos
100
AcDbCircle
 10
21.057048901178334
 20
10.262398346610238
 30
0.0
 40
0.05
  0
CIRCLE
  5
196
330
17
100
AcDbEntity
  8
Ptos_reactivos
100
AcDbCircle
 10
26.635057597281207
 20
3.309977287100091
 30
0.0
 40
0.05
  0
CIRCLE
  5
197
330
17
100
AcDbEntity
  8
Ptos_reactivos
100
AcDbCircle
 10
58.8297816129672
 20
49.06589160604121
 30
0.0
 40
0.05
  0
CIRCLE
  5
198
330
17
100
AcDbEntity
  8
Ptos_reactivos
100
AcDbCircle
 10
29.76872470796651
 20
63.08248451115411
 30
0.0
 40
0.05
  0
CIRCLE
  5
199
330
17
100
AcDbEntity
  8
Ptos_reactivos
100
AcDbCircle
 10
54.16857577019291
 20
36.140644311149664
 30
0.0
 40
0.05
  0
CIRCLE
  5
19A
330
17
100
AcDbEntity
  8
Ptos_reactivos
100
AcDbCircle
 10
8.593936120026651
 20
71.13604742027938
 30
0.0
 40
0.05
  0
CIRCLE
  5
19B
330
17
100
AcDbEntity
  8
Ptos_reactivos
100
AcDbCircle
 10
56.98738791053726
 20
20.550223359867946
 30
0.0
 40
0.05
  0
CIRCLE
  5
19C
330
17
100
AcDbEntity
  8
Ptos_reactivos
100
AcDbCircle
 10
43.896412801218595
 20
61.048627370018046
 30
0.0
 40
0.05
  0
CIRCLE
  5
19D
330
17
100
AcDbEntity
  8
Ptos_reactivos
100
AcDbCircle
 10
20.720670156289405
 20
65.62987607640329
 30
0.0
 40
0.05
  0
CIRCLE
  5
19E
330
17
100
AcDbEntity
  8
Ptos_reactivos
100
AcDbCircle
 10
65.05216531276655
 20
62.25496420396626
 30
0.0
 40
0.05
  0
CIRCLE
  5
19F
330
17
100
AcDbEntity
  8
Ptos_reactivos
100
AcDbCircle
 10
4.1530258668275675
 20
36.93984224438804
 30
0.0
 40
0.05
  0
CIRCLE
  5
1A0
330
17
100
AcDbEntity
  8
Ptos_reactivos
100
AcDbCircle
 10
15.024950149270458
 20
12.066986074181019
 30
0.0
 40
0.05
  0
CIRCLE
  5
1A1
330
17
100
AcDbEntity
  8
Ptos_reactivos
100
AcDbCircle
 10
25.131908919351527
 20
70.80496080179957
 30
0.0
 40
0.05
  0
CIRCLE
  5
1A2
330
17
100
AcDbEntity
  8
Ptos_reactivos
100
AcDbCircle
 10
21.448102205429876
 20
53.56518941898839
 30
0.0
 40
0.05
  0
CIRCLE
  5
1A3
330
17
100
AcDbEntity
  8
Ptos_reactivos
100
AcDbCircle
 10
34.971489445531894
 20
70.70084496652764
 30
0.0
 40
0.05
  0
CIRCLE
  5
1A4
330
17
100
AcDbEntity
  8
Ptos_reactivos
100
AcDbCircle
 10
15.521413467657483
 20
66.00048519029481
 30
0.0
 40
0.05
  0
CIRCLE
  5
1A5
330
17
100
AcDbEntity
  8
Ptos_reactivos
100
AcDbCircle
 10
71.929076510869
 20
53.16447889799893
 30
0.0
 40
0.05
  0
CIRCLE
  5
1A6
330
17
100
AcDbEntity
  8
Ptos_reactivos
100
AcDbCircle
 10
67.40124315203661
 20
22.54028487495131
 30
0.0
 40
0.05
  0
CIRCLE
  5
1A7
330
17
100
AcDbEntity
  8
Ptos_reactivos
100
AcDbCircle
 10
73.61037784690151
 20
3.9222003876836524
 30
0.0
 40
0.05
  0
CIRCLE
  5
1A8
330
17
100
AcDbEntity
  8
Ptos_reactivos
100
AcDbCircle
 10
33.672869454577835
 20
69.40953217190732
 30
0.0
 40
0.05
  0
CIRCLE
  5
1A9
330
17
100
AcDbEntity
  8
Ptos_reactivos
100
AcDbCircle
 10
10.726362818071161
 20
15.060957340762936
 30
0.0
 40
0.05
  0
CIRCLE
  5
1AA
330
17
100
AcDbEntity
  8
Ptos_reactivos
100
AcDbCircle
 10
46.919722532696085
 20
13.20914345608857
 30
0.0
 40
0.05
  0
CIRCLE
  5
1AB
330
17
100
AcDbEntity
  8
Ptos_reactivos
100
AcDbCircle
 10
36.03504038880702
 20
52.59089420220804
 30
0.0
 40
0.05
  0
CIRCLE
  5
1AC
330
17
100
AcDbEntity
  8
Ptos_reactivos
100
AcDbCircle
 10
0.8191311108455751
 20
45.877922440545774
 30
0.0
 40
0.05
  0
CIRCLE
  5
1AD
330
17
100
AcDbEntity
  8
Ptos_reactivos
100
AcDbCircle
 10
7.313400557076388
 20
33.04647386257755
 30
0.0
 40
0.05
  0
CIRCLE
  5
1AE
330
17
100
AcDbEntity
  8
Ptos_reactivos
100
AcDbCircle
 10
68.05333449506217
 20
21.441567029406247
 30
0.0
 40
0.05
  0
CIRCLE
  5
1AF
330
17
100
AcDbEntity
  8
Ptos_reactivos
100
AcDbCircle
 10
73.44711250386567
 20
32.86038245496809
 30
0.0
 40
0.05
  0
CIRCLE
  5
1B0
330
17
100
AcDbEntity
  8
Ptos_reactivos
100
AcDbCircle
 10
70.99340449201509
 20
49.85427826249284
 30
0.0
 40
0.05
  0
CIRCLE
  5
1B1
330
17
100
AcDbEntity
  8
Ptos_reactivos
100
AcDbCircle
 10
45.6614725651773
 20
52.39595496324407
 30
0.0
 40
0.05
  0
CIRCLE
  5
1B2
330
17
100
AcDbEntity
  8
Ptos_reactivos
100
AcDbCircle
 10
69.3061882176785
 20
52.629431223805554
 30
0.0
 40
0.05
  0
CIRCLE
  5
1B3
330
17
100
AcDbEntity
  8
Ptos_reactivos
100
AcDbCircle
 10
35.19896086437607
 20
63.0029747005315
 30
0.0
 40
0.05
  0
CIRCLE
  5
1B4
330
17
100
AcDbEntity
  8
Ptos_reactivos
100
AcDbCircle
 10
47.043400628514114
 20
60.29050889771943
 30
0.0
 40
0.05
  0
CIRCLE
  5
1B5
330
17
100
AcDbEntity
  8
Ptos_reactivos
100
AcDbCircle
 10
67.62489700565551
 20
74.03294041694896
 30
0.0
 40
0.05
  0
CIRCLE
  5
1B6
330
17
100
AcDbEntity
  8
Ptos_reactivos
100
AcDbCircle
 10
57.21862126119465
 20
20.27978927363748
 30
0.0
 40
0.05
  0
CIRCLE
  5
1B7
330
17
100
AcDbEntity
  8
Ptos_reactivos
100
AcDbCircle
 10
32.23138273472716
 20
51.03204067745555
 30
0.0
 40
0.05
  0
CIRCLE
  5
1B8
330
17
100
AcDbEntity
  8
Ptos_reactivos
100
AcDbCircle
 10
50.113824368320635
 20
15.004468665091967
 30
0.0
 40
0.05
  0
CIRCLE
  5
1B9
330
17
100
AcDbEntity
  8
Ptos_reactivos
100
AcDbCircle
 10
47.967912007728295
 20
4.610522958273469
 30
0.0
 40
0.05
  0
CIRCLE
  5
1BA
330
17
100
AcDbEntity
  8
Ptos_reactivos
100
AcDbCircle
 10
70.49488991258308
 20
14.52457354920906
 30
0.0
 40
0.05
  0
CIRCLE
  5
1BB
330
17
100
AcDbEntity
  8
Ptos_reactivos
100
AcDbCircle
 10
13.82099185311341
 20
45.025665445856255
 30
0.0
 40
0.05
  0
CIRCLE
  5
1BC
330
17
100
AcDbEntity
  8
Ptos_reactivos
100
AcDbCircle
 10
1.1954660058065198
 20
52.40252923868948
 30
0.0
 40
0.05
  0
CIRCLE
  5
1BD
330
17
100
AcDbEntity
  8
Ptos_reactivos
100
AcDbCircle
 10
55.60934533233004
 20
66.99814935918863
 30
0.0
 40
0.05
  0
CIRCLE
  5
1BE
330
17
100
AcDbEntity
  8
Ptos_reactivos
100
AcDbCircle
 10
59.29610751995026
 20
73.58674710455449
 30
0.0
 40
0.05
  0
CIRCLE
  5
1BF
330
17
100
AcDbEntity
  8
Ptos_reactivos
100
AcDbCircle
 10
14.441977842343936
 20
39.35625275540169
 30
0.0
 40
0.05
  0
CIRCLE
  5
1C0
330
17
100
AcDbEntity
  8
Ptos_reactivos
100
AcDbCircle
 10
56.11487801478925
 20
12.03765345803059
 30
0.0
 40
0.05
  0
CIRCLE
  5
1C1
330
17
100
AcDbEntity
  8
Ptos_reactivos
100
AcDbCircle
 10
18.662319294030596
 20
38.372124969405675
 30
0.0
 40
0.05
  0
CIRCLE
  5
1C2
330
17
100
AcDbEntity
  8
Ptos_reactivos
100
AcDbCircle
 10
26.273716213465335
 20
49.91057275730542
 30
0.0
 40
0.05
  0
CIRCLE
  5
1C3
330
17
100
AcDbEntity
  8
Ptos_reactivos
100
AcDbCircle
 10
65.23575818116926
 20
21.956203998990727
 30
0.0
 40
0.05
  0
CIRCLE
  5
1C4
330
17
100
AcDbEntity
  8
Ptos_reactivos
100
AcDbCircle
 10
35.347292053536044
 20
65.35115030157529
 30
0.0
 40
0.05
  0
CIRCLE
  5
1C5
330
17
100
AcDbEntity
  8
Ptos_reactivos
100
AcDbCircle
 10
35.818364158907315
 20
70.40675344182849
 30
0.0
 40
0.05
  0
CIRCLE
  5
1C6
330
17
100
AcDbEntity
  8
Ptos_reactivos
100
AcDbCircle
 10
6.473573520793622
 20
53.75823993989465
 30
0.0
 40
0.05
  0
CIRCLE
  5
1C7
330
17
100
AcDbEntity
  8
Ptos_reactivos
100
AcDbCircle
 10
4.199482003389623
 20
71.07380760533923
 30
0.0
 40
0.05
  0
CIRCLE
  5
1C8
330
17
100
AcDbEntity
  8
Ptos_reactivos
100
AcDbCircle
 10
43.51886564365124
 20
67.5381603484531
 30
0.0
 40
0.05
  0
CIRCLE
  5
1C9
330
17
100
AcDbEntity
  8
Ptos_reactivos
100
AcDbCircle
 10
10.898406320889228
 20
50.501828820754824
 30
0.0
 40
0.05
  0
CIRCLE
  5
1CA
330
17
100
AcDbEntity
  8
Ptos_reactivos
100
AcDbCircle
 10
50.292153951151
 20
65.97190287141875
 30
0.0
 40
0.05
  0
CIRCLE
  5
1CB
330
17
100
AcDbEntity
  8
Ptos_reactivos
100
AcDbCircle
 10
57.93907304746043
 20
19.995036124557135
 30
0.0
 40
0.05
  0
CIRCLE
  5
1CC
330
17
100
AcDbEntity
  8
Ptos_reactivos
100
AcDbCircle
 10
26.233970800049754
 20
57.374922350177144
 30
0.0
 40
0.05
  0
CIRCLE
  5
1CD
330
17
100
AcDbEntity
  8
Ptos_reactivos
100
AcDbCircle
 10
64.52835527634538
 20
35.85819022519702
 30
0.0
 40
0.05
  0
CIRCLE
  5
1CE
330
17
100
AcDbEntity
  8
Ptos_reactivos
100
AcDbCircle
 10
36.025143185426955
 20
54.28149571931848
 30
0.0
 40
0.05
  0
CIRCLE
  5
1CF
330
17
100
AcDbEntity
  8
Ptos_reactivos
100
AcDbCircle
 10
28.46598189394883
 20
57.695866868460996
 30
0.0
 40
0.05
  0
CIRCLE
  5
1D0
330
17
100
AcDbEntity
  8
Ptos_reactivos
100
AcDbCircle
 10
56.69250797800952
 20
37.352974636590865
 30
0.0
 40
0.05
  0
CIRCLE
  5
1D1
330
17
100
AcDbEntity
  8
Ptos_reactivos
100
AcDbCircle
 10
68.29160371406799
 20
66.44543751782498
 30
0.0
 40
0.05
  0
CIRCLE
  5
1D2
330
17
100
AcDbEntity
  8
Ptos_reactivos
100
AcDbCircle
 10
37.11037095465397
 20
24.07175173892088
 30
0.0
 40
0.05
  0
CIRCLE
  5
1D3
330
17
100
AcDbEntity
  8
Ptos_reactivos
100
AcDbCircle
 10
72.46218155190854
 20
68.69567323450931
 30
0.0
 40
0.05
  0
CIRCLE
  5
1D4
330
17
100
AcDbEntity
  8
Ptos_reactivos
100
AcDbCircle
 10
33.269284759713486
 20
63.07900438441217
 30
0.0
 40
0.05
  0
CIRCLE
  5
1D5
330
17
100
AcDbEntity
  8
Ptos_reactivos
100
AcDbCircle
 10
37.94870451342813
 20
64.83533628237171
 30
0.0
 40
0.05
  0
CIRCLE
  5
1D6
330
17
100
AcDbEntity
  8
Ptos_reactivos
100
AcDbCircle
 10
23.34620666875214
 20
60.78871326495238
 30
0.0
 40
0.05
  0
CIRCLE
  5
1D7
330
17
100
AcDbEntity
  8
Ptos_reactivos
100
AcDbCircle
 10
65.91813095311197
 20
35.33446305626163
 30
0.0
 40
0.05
  0
CIRCLE
  5
1D8
330
17
100
AcDbEntity
  8
Ptos_reactivos
100
AcDbCircle
 10
13.663702998115085
 20
52.95115145816381
 30
0.0
 40
0.05
  0
CIRCLE
  5
1D9
330
17
100
AcDbEntity
  8
Ptos_reactivos
100
AcDbCircle
 10
32.92906012549424
 20
62.5132361617639
 30
0.0
 40
0.05
  0
CIRCLE
  5
1DA
330
17
100
AcDbEntity
  8
Ptos_reactivos
100
AcDbCircle
 10
27.974268746898137
 20
61.142808251072054
 30
0.0
 40
0.05
  0
CIRCLE
  5
1DB
330
17
100
AcDbEntity
  8
Ptos_reactivos
100
AcDbCircle
 10
23.305763434588094
 20
56.28920428517269
 30
0.0
 40
0.05
  0
CIRCLE
  5
1DC
330
17
100
AcDbEntity
  8
Ptos_reactivos
100
AcDbCircle
 10
73.95923794894799
 20
33.3158970218373
 30
0.0
 40
0.05
  0
CIRCLE
  5
1DD
330
17
100
AcDbEntity
  8
Ptos_reactivos
100
AcDbCircle
 10
4.039406463869236
 20
74.61882115215862
 30
0.0
 40
0.05
  0
CIRCLE
  5
1DE
330
17
100
AcDbEntity
  8
Ptos_reactivos
100
AcDbCircle
 10
34.86171335596859
 20
53.84094571765673
 30
0.0
 40
0.05
  0
CIRCLE
  5
1DF
330
17
100
AcDbEntity
  8
Ptos_reactivos
100
AcDbCircle
 10
20.00935609538349
 20
25.668641492514656
 30
0.0
 40
0.05
  0
CIRCLE
  5
1E0
330
17
100
AcDbEntity
  8
Ptos_reactivos
100
AcDbCircle
 10
1.7745610899559283
 20
64.49942095544952
 30
0.0
 40
0.05
  0
CIRCLE
  5
1E1
330
17
100
AcDbEntity
  8
Ptos_reactivos
100
AcDbCircle
 10
14.199959446382246
 20
38.25729709569087
 30
0.0
 40
0.05
  0
CIRCLE
  5
1E2
330
17
100
AcDbEntity
  8
Ptos_reactivos
100
AcDbCircle
 10
15.888265763404094
 20
18.948243561697193
 30
0.0
 40
0.05
  0
CIRCLE
  5
1E3
330
17
100
AcDbEntity
  8
Ptos_reactivos
100
AcDbCircle
 10
48.13619699510687
 20
20.814323209214358
 30
0.0
 40
0.05
  0
CIRCLE
  5
1E4
330
17
100
AcDbEntity
  8
Ptos_reactivos
100
AcDbCircle
 10
46.55010463754477
 20
6.674249042914415
 30
0.0
 40
0.05
  0
CIRCLE
  5
1E5
330
17
100
AcDbEntity
  8
Ptos_reactivos
100
AcDbCircle
 10
36.56763161480787
 20
69.38243173313987
 30
0.0
 40
0.05
  0
CIRCLE
  5
1E6
330
17
100
AcDbEntity
  8
Ptos_reactivos
100
AcDbCircle
 10
4.800588327977307
 20
8.863158175065456
 30
0.0
 40
0.05
  0
CIRCLE
  5
1E7
330
17
100
AcDbEntity
  8
Ptos_reactivos
100
AcDbCircle
 10
46.565341499210206
 20
38.145302640651174
 30
0.0
 40
0.05
  0
CIRCLE
  5
1E8
330
17
100
AcDbEntity
  8
Ptos_reactivos
100
AcDbCircle
 10
18.744971501363924
 20
40.658536469940294
 30
0.0
 40
0.05
  0
CIRCLE
  5
1E9
330
17
100
AcDbEntity
  8
Ptos_reactivos
100
AcDbCircle
 10
60.26803142706986
 20
66.79138538306398
 30
0.0
 40
0.05
  0
CIRCLE
  5
1EA
330
17
100
AcDbEntity
  8
Ptos_reactivos
100
AcDbCircle
 10
4.661058712836386
 20
54.1367513815213
 30
0.0
 40
0.05
  0
CIRCLE
  5
1EB
330
17
100
AcDbEntity
  8
Ptos_reactivos
100
AcDbCircle
 10
22.131495140822384
 20
58.473878581174795
 30
0.0
 40
0.05
  0
CIRCLE
  5
1EC
330
17
100
AcDbEntity
  8
Ptos_reactivos
100
AcDbCircle
 10
10.526024555013228
 20
59.35294639126406
 30
0.0
 40
0.05
  0
CIRCLE
  5
1ED
330
17
100
AcDbEntity
  8
Ptos_reactivos
100
AcDbCircle
 10
50.290649653236464
 20
41.559349007980614
 30
0.0
 40
0.05
  0
CIRCLE
  5
1EE
330
17
100
AcDbEntity
  8
Ptos_reactivos
100
AcDbCircle
 10
68.96580265954111
 20
11.750920479762867
 30
0.0
 40
0.05
  0
CIRCLE
  5
1EF
330
17
100
AcDbEntity
  8
Ptos_reactivos
100
AcDbCircle
 10
9.31535571304853
 20
60.893183918030836
 30
0.0
 40
0.05
  0
CIRCLE
  5
1F0
330
17
100
AcDbEntity
  8
Ptos_reactivos
100
AcDbCircle
 10
2.88690320795181
 20
16.922519213491533
 30
0.0
 40
0.05
  0
CIRCLE
  5
1F1
330
17
100
AcDbEntity
  8
Ptos_reactivos
100
AcDbCircle
 10
33.56968848119189
 20
8.238381374184211
 30
0.0
 40
0.05
  0
CIRCLE
  5
1F2
330
17
100
AcDbEntity
  8
Ptos_reactivos
100
AcDbCircle
 10
34.98625549562127
 20
60.74050559391093
 30
0.0
 40
0.05
  0
CIRCLE
  5
1F3
330
17
100
AcDbEntity
  8
Ptos_reactivos
100
AcDbCircle
 10
53.250732847096565
 20
62.456507948936476
 30
0.0
 40
0.05
  0
CIRCLE
  5
1F4
330
17
100
AcDbEntity
  8
Ptos_reactivos
100
AcDbCircle
 10
62.49411710194856
 20
40.611534776949696
 30
0.0
 40
0.05
  0
CIRCLE
  5
1F5
330
17
100
AcDbEntity
  8
Ptos_reactivos
100
AcDbCircle
 10
19.95643872816045
 20
27.755734400437262
 30
0.0
 40
0.05
  0
CIRCLE
  5
1F6
330
17
100
AcDbEntity
  8
Ptos_reactivos
100
AcDbCircle
 10
24.476894107091375
 20
24.409524582437317
 30
0.0
 40
0.05
  0
CIRCLE
  5
1F7
330
17
100
AcDbEntity
  8
Ptos_reactivos
100
AcDbCircle
 10
49.97992492023978
 20
1.4546965730524137
 30
0.0
 40
0.05
  0
CIRCLE
  5
1F8
330
17
100
AcDbEntity
  8
Ptos_reactivos
100
AcDbCircle
 10
17.61308429195588
 20
13.252364635252395
 30
0.0
 40
0.05
  0
CIRCLE
  5
1F9
330
17
100
AcDbEntity
  8
Ptos_reactivos
100
AcDbCircle
 10
4.442873840447908
 20
19.192441143503068
 30
0.0
 40
0.05
  0
CIRCLE
  5
1FA
330
17
100
AcDbEntity
  8
Ptos_reactivos
100
AcDbCircle
 10
67.97061823894163
 20
61.9833565284666
 30
0.0
 40
0.05
  0
CIRCLE
  5
1FB
330
17
100
AcDbEntity
  8
Ptos_reactivos
100
AcDbCircle
 10
1.129456961569511
 20
42.68182797111805
 30
0.0
 40
0.05
  0
CIRCLE
  5
1FC
330
17
100
AcDbEntity
  8
Ptos_reactivos
100
AcDbCircle
 10
13.770471631038273
 20
65.69018475675522
 30
0.0
 40
0.05
  0
CIRCLE
  5
1FD
330
17
100
AcDbEntity
  8
Ptos_reactivos
100
AcDbCircle
 10
38.9043380105292
 20
57.10256862142312
 30
0.0
 40
0.05
  0
CIRCLE
  5
1FE
330
17
100
AcDbEntity
  8
Ptos_reactivos
100
AcDbCircle
 10
29.231522458749183
 20
1.5271314004299401
 30
0.0
 40
0.05
  0
CIRCLE
  5
1FF
330
17
100
AcDbEntity
  8
Ptos_reactivos
100
AcDbCircle
 10
55.45622303992132
 20
9.654683249482279
 30
0.0
 40
0.05
  0
CIRCLE
  5
200
330
17
100
AcDbEntity
  8
Ptos_reactivos
100
AcDbCircle
 10
20.08667570295451
 20
50.95640326559434
 30
0.0
 40
0.05
  0
CIRCLE
  5
201
330
17
100
AcDbEntity
  8
Ptos_reactivos
100
AcDbCircle
 10
57.6268073982272
 20
17.49822045256876
 30
0.0
 40
0.05
  0
CIRCLE
  5
202
330
17
100
AcDbEntity
  8
Ptos_reactivos
100
AcDbCircle
 10
24.46973892111002
 20
3.8447234371527026
 30
0.0
 40
0.05
  0
CIRCLE
  5
203
330
17
100
AcDbEntity
  8
Ptos_reactivos
100
AcDbCircle
 10
54.463367225618505
 20
39.79538600348956
 30
0.0
 40
0.05
  0
CIRCLE
  5
204
330
17
100
AcDbEntity
  8
Ptos_reactivos
100
AcDbCircle
 10
5.996223729339867
 20
20.102429444796297
 30
0.0
 40
0.05
  0
CIRCLE
  5
205
330
17
100
AcDbEntity
  8
Ptos_reactivos
100
AcDbCircle
 10
74.81592433683348
 20
13.7663101371818
 30
0.0
 40
0.05
  0
CIRCLE
  5
206
330
17
100
AcDbEntity
  8
Ptos_reactivos
100
AcDbCircle
 10
68.46064667389847
 20
40.054434924258885
 30
0.0
 40
0.05
  0
CIRCLE
  5
207
330
17
100
AcDbEntity
  8
Ptos_reactivos
100
AcDbCircle
 10
18.680762519259233
 20
56.849530071851454
 30
0.0
 40
0.05
  0
CIRCLE
  5
208
330
17
100
AcDbEntity
  8
Ptos_reactivos
100
AcDbCircle
 10
21.12567119805012
 20
68.42363250338056
 30
0.0
 40
0.05
  0
CIRCLE
  5
209
330
17
100
AcDbEntity
  8
Ptos_reactivos
100
AcDbCircle
 10
34.658812403484895
 20
5.993542053723974
 30
0.0
 40
0.05
  0
CIRCLE
  5
20A
330
17
100
AcDbEntity
  8
Ptos_reactivos
100
AcDbCircle
 10
42.59228588153732
 20
70.59067575742638
 30
0.0
 40
0.05
  0
CIRCLE
  5
20B
330
17
100
AcDbEntity
  8
Ptos_reactivos
100
AcDbCircle
 10
0.6514182690810055
 20
14.604031332603936
 30
0.0
 40
0.05
  0
CIRCLE
  5
20C
330
17
100
AcDbEntity
  8
Ptos_reactivos
100
AcDbCircle
 10
41.598152272946365
 20
60.74086904408321
 30
0.0
 40
0.05
  0
CIRCLE
  5
20D
330
17
100
AcDbEntity
  8
Ptos_reactivos
100
AcDbCircle
 10
60.961283066413955
 20
21.577445285155335
 30
0.0
 40
0.05
  0
CIRCLE
  5
20E
330
17
100
AcDbEntity
  8
Ptos_reactivos
100
AcDbCircle
 10
22.682768667078843
 20
61.67048822625539
 30
0.0
 40
0.05
  0
CIRCLE
  5
20F
330
17
100
AcDbEntity
  8
Ptos_reactivos
100
AcDbCircle
 10
8.192038838079322
 20
13.942288071654815
 30
0.0
 40
0.05
  0
CIRCLE
  5
210
330
17
100
AcDbEntity
  8
Ptos_reactivos
100
AcDbCircle
 10
40.924848294373305
 20
54.69704770728815
 30
0.0
 40
0.05
  0
CIRCLE
  5
211
330
17
100
AcDbEntity
  8
Ptos_reactivos
100
AcDbCircle
 10
27.50002048396586
 20
29.25936048184809
 30
0.0
 40
0.05
  0
CIRCLE
  5
212
330
17
100
AcDbEntity
  8
Ptos_reactivos
100
AcDbCircle
 10
40.8401826981993
 20
65.57030185806111
 30
0.0
 40
0.05
  0
CIRCLE
  5
213
330
17
100
AcDbEntity
  8
Ptos_reactivos
100
AcDbCircle
 10
63.500147406804075
 20
45.88760543423604
 30
0.0
 40
0.05
  0
CIRCLE
  5
214
330
17
100
AcDbEntity
  8
Ptos_reactivos
100
AcDbCircle
 10
8.47699446887801
 20
71.34166980538112
 30
0.0
 40
0.05
  0
CIRCLE
  5
215
330
17
100
AcDbEntity
  8
Ptos_reactivos
100
AcDbCircle
 10
39.167667650639956
 20
54.19459316804124
 30
0.0
 40
0.05
  0
CIRCLE
  5
216
330
17
100
AcDbEntity
  8
Ptos_reactivos
100
AcDbCircle
 10
20.333953213518203
 20
51.787849354282834
 30
0.0
 40
0.05
  0
CIRCLE
  5
217
330
17
100
AcDbEntity
  8
Ptos_reactivos
100
AcDbCircle
 10
6.384047697910552
 20
11.973016536037074
 30
0.0
 40
0.05
  0
CIRCLE
  5
218
330
17
100
AcDbEntity
  8
Ptos_reactivos
100
AcDbCircle
 10
13.42532731118689
 20
24.27357056642883
 30
0.0
 40
0.05
  0
CIRCLE
  5
219
330
17
100
AcDbEntity
  8
Ptos_reactivos
100
AcDbCircle
 10
37.55783408781586
 20
11.696880529261696
 30
0.0
 40
0.05
  0
CIRCLE
  5
21A
330
17
100
AcDbEntity
  8
Ptos_reactivos
100
AcDbCircle
 10
72.38242220077188
 20
1.6849207369709824
 30
0.0
 40
0.05
  0
CIRCLE
  5
21B
330
17
100
AcDbEntity
  8
Ptos_reactivos
100
AcDbCircle
 10
51.159725495121904
 20
69.09729241665762
 30
0.0
 40
0.05
  0
CIRCLE
  5
21C
330
17
100
AcDbEntity
  8
Ptos_reactivos
100
AcDbCircle
 10
18.521409225963765
 20
45.424121000012974
 30
0.0
 40
0.05
  0
CIRCLE
  5
21D
330
17
100
AcDbEntity
  8
Ptos_reactivos
100
AcDbCircle
 10
18.6681709832098
 20
44.39150563343533
 30
0.0
 40
0.05
  0
CIRCLE
  5
21E
330
17
100
AcDbEntity
  8
Ptos_reactivos
100
AcDbCircle
 10
64.98186575138828
 20
8.03116620544392
 30
0.0
 40
0.05
  0
CIRCLE
  5
21F
330
17
100
AcDbEntity
  8
Ptos_reactivos
100
AcDbCircle
 10
3.06787026838638
 20
54.69120288333225
 30
0.0
 40
0.05
  0
CIRCLE
  5
220
330
17
100
AcDbEntity
  8
Ptos_reactivos
100
AcDbCircle
 10
63.69287121089693
 20
36.35581995442139
 30
0.0
 40
0.05
  0
CIRCLE
  5
221
330
17
100
AcDbEntity
  8
Ptos_reactivos
100
AcDbCircle
 10
59.18446652054884
 20
7.7170826661590395
 30
0.0
 40
0.05
  0
CIRCLE
  5
222
330
17
100
AcDbEntity
  8
Ptos_reactivos
100
AcDbCircle
 10
34.96471290058776
 20
35.51983095848041
 30
0.0
 40
0.05
  0
CIRCLE
  5
223
330
17
100
AcDbEntity
  8
Ptos_reactivos
100
AcDbCircle
 10
74.82102929078349
 20
67.28111037739639
 30
0.0
 40
0.05
  0
CIRCLE
  5
224
330
17
100
AcDbEntity
  8
Ptos_reactivos
100
AcDbCircle
 10
56.87210021489706
 20
1.1519751996028005
 30
0.0
 40
0.05
  0
CIRCLE
  5
225
330
17
100
AcDbEntity
  8
Ptos_reactivos
100
AcDbCircle
 10
4.976686149684362
 20
23.898734012976128
 30
0.0
 40
0.05
  0
CIRCLE
  5
226
330
17
100
AcDbEntity
  8
Ptos_reactivos
100
AcDbCircle
 10
57.05375939562301
 20
41.757506024618074
 30
0.0
 40
0.05
  0
CIRCLE
  5
227
330
17
100
AcDbEntity
  8
Ptos_reactivos
100
AcDbCircle
 10
66.70859869610244
 20
24.042509430154915
 30
0.0
 40
0.05
  0
CIRCLE
  5
228
330
17
100
AcDbEntity
  8
Ptos_reactivos
100
AcDbCircle
 10
74.78548301528997
 20
53.452667662512766
 30
0.0
 40
0.05
  0
CIRCLE
  5
229
330
17
100
AcDbEntity
  8
Ptos_reactivos
100
AcDbCircle
 10
20.833664652581987
 20
61.62541829860143
 30
0.0
 40
0.05
  0
CIRCLE
  5
22A
330
17
100
AcDbEntity
  8
Ptos_reactivos
100
AcDbCircle
 10
66.15336842803707
 20
31.57307063561129
 30
0.0
 40
0.05
  0
CIRCLE
  5
22B
330
17
100
AcDbEntity
  8
Ptos_reactivos
100
AcDbCircle
 10
67.48797840522363
 20
12.575710616607022
 30
0.0
 40
0.05
  0
CIRCLE
  5
22C
330
17
100
AcDbEntity
  8
Ptos_reactivos
100
AcDbCircle
 10
47.774343893172386
 20
60.18093943891392
 30
0.0
 40
0.05
  0
CIRCLE
  5
22D
330
17
100
AcDbEntity
  8
Ptos_reactivos
100
AcDbCircle
 10
45.12251121372914
 20
33.04551916695408
 30
0.0
 40
0.05
  0
CIRCLE
  5
22E
330
17
100
AcDbEntity
  8
Ptos_reactivos
100
AcDbCircle
 10
4.575965085550313
 20
63.469646159733045
 30
0.0
 40
0.05
  0
CIRCLE
  5
22F
330
17
100
AcDbEntity
  8
Ptos_reactivos
100
AcDbCircle
 10
9.489902207261098
 20
48.76350629427
 30
0.0
 40
0.05
  0
CIRCLE
  5
230
330
17
100
AcDbEntity
  8
Ptos_reactivos
100
AcDbCircle
 10
72.6887439808835
 20
49.4225650787214
 30
0.0
 40
0.05
  0
CIRCLE
  5
231
330
17
100
AcDbEntity
  8
Ptos_reactivos
100
AcDbCircle
 10
47.69133995243902
 20
23.310754278593308
 30
0.0
 40
0.05
  0
CIRCLE
  5
232
330
17
100
AcDbEntity
  8
Ptos_reactivos
100
AcDbCircle
 10
35.802070803409855
 20
40.24470132718741
 30
0.0
 40
0.05
  0
CIRCLE
  5
233
330
17
100
AcDbEntity
  8
Ptos_reactivos
100
AcDbCircle
 10
24.990457068281376
 20
61.11013031107293
 30
0.0
 40
0.05
  0
CIRCLE
  5
234
330
17
100
AcDbEntity
  8
Ptos_reactivos
100
AcDbCircle
 10
19.551844110533175
 20
31.638622851052933
 30
0.0
 40
0.05
  0
CIRCLE
  5
235
330
17
100
AcDbEntity
  8
Ptos_reactivos
100
AcDbCircle
 10
61.901177216137604
 20
44.78719424820324
 30
0.0
 40
0.05
  0
CIRCLE
  5
236
330
17
100
AcDbEntity
  8
Ptos_reactivos
100
AcDbCircle
 10
1.0968708038482489
 20
2.031776995990114
 30
0.0
 40
0.05
  0
CIRCLE
  5
237
330
17
100
AcDbEntity
  8
Ptos_reactivos
100
AcDbCircle
 10
72.78099633443188
 20
48.91759847637965
 30
0.0
 40
0.05
  0
CIRCLE
  5
238
330
17
100
AcDbEntity
  8
Ptos_reactivos
100
AcDbCircle
 10
55.83090633214341
 20
11.956839157734006
 30
0.0
 40
0.05
  0
CIRCLE
  5
239
330
17
100
AcDbEntity
  8
Ptos_reactivos
100
AcDbCircle
 10
71.05262703318883
 20
20.365430350831033
 30
0.0
 40
0.05
  0
CIRCLE
  5
23A
330
17
100
AcDbEntity
  8
Ptos_reactivos
100
AcDbCircle
 10
45.506357357537055
 20
60.43122676838283
 30
0.0
 40
0.05
  0
CIRCLE
  5
23B
330
17
100
AcDbEntity
  8
Ptos_reactivos
100
AcDbCircle
 10
71.89816935278427
 20
45.626322354822044
 30
0.0
 40
0.05
  0
CIRCLE
  5
23C
330
17
100
AcDbEntity
  8
Ptos_reactivos
100
AcDbCircle
 10
9.317297387178503
 20
26.862986311986294
 30
0.0
 40
0.05
  0
CIRCLE
  5
23D
330
17
100
AcDbEntity
  8
Ptos_reactivos
100
AcDbCircle
 10
64.06211304857547
 20
70.40832950283868
 30
0.0
 40
0.05
  0
CIRCLE
  5
23E
330
17
100
AcDbEntity
  8
Ptos_reactivos
100
AcDbCircle
 10
21.62672415428492
 20
67.46213173232039
 30
0.0
 40
0.05
  0
CIRCLE
  5
23F
330
17
100
AcDbEntity
  8
Ptos_reactivos
100
AcDbCircle
 10
28.964914076347956
 20
24.45520252043028
 30
0.0
 40
0.05
  0
CIRCLE
  5
240
330
17
100
AcDbEntity
  8
Ptos_reactivos
100
AcDbCircle
 10
17.23586804274077
 20
69.91712796531685
 30
0.0
 40
0.05
  0
CIRCLE
  5
241
330
17
100
AcDbEntity
  8
Ptos_reactivos
100
AcDbCircle
 10
30.29107925470389
 20
65.70537087987026
 30
0.0
 40
0.05
  0
CIRCLE
  5
242
330
17
100
AcDbEntity
  8
Ptos_reactivos
100
AcDbCircle
 10
10.32053684543551
 20
67.78067358845394
 30
0.0
 40
0.05
  0
CIRCLE
  5
243
330
17
100
AcDbEntity
  8
Ptos_reactivos
100
AcDbCircle
 10
49.70346808545532
 20
70.76693817412935
 30
0.0
 40
0.05
  0
CIRCLE
  5
244
330
17
100
AcDbEntity
  8
Ptos_reactivos
100
AcDbCircle
 10
13.948467138354264
 20
26.551554984723875
 30
0.0
 40
0.05
  0
CIRCLE
  5
245
330
17
100
AcDbEntity
  8
Ptos_reactivos
100
AcDbCircle
 10
38.18425119338123
 20
26.26342960607623
 30
0.0
 40
0.05
  0
CIRCLE
  5
246
330
17
100
AcDbEntity
  8
Ptos_reactivos
100
AcDbCircle
 10
31.07154184653019
 20
0.6959969870284327
 30
0.0
 40
0.05
  0
CIRCLE
  5
247
330
17
100
AcDbEntity
  8
Ptos_reactivos
100
AcDbCircle
 10
67.31675785613655
 20
53.838700163355746
 30
0.0
 40
0.05
  0
CIRCLE
  5
248
330
17
100
AcDbEntity
  8
Ptos_reactivos
100
AcDbCircle
 10
50.19285808827424
 20
12.003598429665068
 30
0.0
 40
0.05
  0
CIRCLE
  5
249
330
17
100
AcDbEntity
  8
Ptos_reactivos
100
AcDbCircle
 10
16.55192920518309
 20
19.44603532218206
 30
0.0
 40
0.05
  0
CIRCLE
  5
24A
330
17
100
AcDbEntity
  8
Ptos_reactivos
100
AcDbCircle
 10
57.71734069558305
 20
40.0594680796939
 30
0.0
 40
0.05
  0
CIRCLE
  5
24B
330
17
100
AcDbEntity
  8
Ptos_reactivos
100
AcDbCircle
 10
12.960307174703154
 20
41.359842714516226
 30
0.0
 40
0.05
  0
CIRCLE
  5
24C
330
17
100
AcDbEntity
  8
Ptos_reactivos
100
AcDbCircle
 10
31.846355002283225
 20
33.714183498590714
 30
0.0
 40
0.05
  0
CIRCLE
  5
24D
330
17
100
AcDbEntity
  8
Ptos_reactivos
100
AcDbCircle
 10
51.54618336868639
 20
32.6473692157442
 30
0.0
 40
0.05
  0
CIRCLE
  5
24E
330
17
100
AcDbEntity
  8
Ptos_reactivos
100
AcDbCircle
 10
31.739299649942787
 20
65.69142785822285
 30
0.0
 40
0.05
  0
CIRCLE
  5
24F
330
17
100
AcDbEntity
  8
Ptos_reactivos
100
AcDbCircle
 10
70.75525212419953
 20
18.512996835810185
 30
0.0
 40
0.05
  0
CIRCLE
  5
250
330
17
100
AcDbEntity
  8
Ptos_reactivos
100
AcDbCircle
 10
58.96000498884377
 20
65.25473705597692
 30
0.0
 40
0.05
  0
CIRCLE
  5
251
330
17
100
AcDbEntity
  8
Ptos_reactivos
100
AcDbCircle
 10
73.4063363053391
 20
69.13143858460722
 30
0.0
 40
0.05
  0
CIRCLE
  5
252
330
17
100
AcDbEntity
  8
Ptos_reactivos
100
AcDbCircle
 10
42.74657929763531
 20
50.077251310258774
 30
0.0
 40
0.05
  0
CIRCLE
  5
253
330
17
100
AcDbEntity
  8
Ptos_reactivos
100
AcDbCircle
 10
9.727906799779998
 20
74.351527506828
 30
0.0
 40
0.05
  0
CIRCLE
  5
254
330
17
100
AcDbEntity
  8
Ptos_reactivos
100
AcDbCircle
 10
48.783019159757714
 20
58.47487420070113
 30
0.0
 40
0.05
  0
CIRCLE
  5
255
330
17
100
AcDbEntity
  8
Ptos_reactivos
100
AcDbCircle
 10
47.99151667696364
 20
25.01274597587432
 30
0.0
 40
0.05
  0
CIRCLE
  5
256
330
17
100
AcDbEntity
  8
Ptos_reactivos
100
AcDbCircle
 10
47.040922711597595
 20
28.80303137200171
 30
0.0
 40
0.05
  0
CIRCLE
  5
257
330
17
100
AcDbEntity
  8
Ptos_reactivos
100
AcDbCircle
 10
72.00530439814136
 20
12.95749753413357
 30
0.0
 40
0.05
  0
CIRCLE
  5
258
330
17
100
AcDbEntity
  8
Ptos_reactivos
100
AcDbCircle
 10
66.80739336461298
 20
23.124131682681202
 30
0.0
 40
0.05
  0
CIRCLE
  5
259
330
17
100
AcDbEntity
  8
Ptos_reactivos
100
AcDbCircle
 10
11.296270742381218
 20
74.55529468501882
 30
0.0
 40
0.05
  0
CIRCLE
  5
25A
330
17
100
AcDbEntity
  8
Ptos_reactivos
100
AcDbCircle
 10
33.72166814287023
 20
36.23780563891288
 30
0.0
 40
0.05
  0
CIRCLE
  5
25B
330
17
100
AcDbEntity
  8
Ptos_reactivos
100
AcDbCircle
 10
21.98523012781235
 20
38.99852372094244
 30
0.0
 40
0.05
  0
CIRCLE
  5
25C
330
17
100
AcDbEntity
  8
Ptos_reactivos
100
AcDbCircle
 10
28.407706593187317
 20
40.248494203251624
 30
0.0
 40
0.05
  0
CIRCLE
  5
25D
330
17
100
AcDbEntity
  8
Ptos_reactivos
100
AcDbCircle
 10
57.79827120853378
 20
13.946307725556014
 30
0.0
 40
0.05
  0
CIRCLE
  5
25E
330
17
100
AcDbEntity
  8
Ptos_reactivos
100
AcDbCircle
 10
69.8248454597763
 20
58.27810000818904
 30
0.0
 40
0.05
  0
CIRCLE
  5
25F
330
17
100
AcDbEntity
  8
Ptos_reactivos
100
AcDbCircle
 10
0.19331717847599073
 20
45.80471277179547
 30
0.0
 40
0.05
  0
CIRCLE
  5
260
330
17
100
AcDbEntity
  8
Ptos_reactivos
100
AcDbCircle
 10
39.05878948689022
 20
26.763356345592612
 30
0.0
 40
0.05
  0
CIRCLE
  5
261
330
17
100
AcDbEntity
  8
Ptos_reactivos
100
AcDbCircle
 10
6.6989639815963535
 20
12.182182444162057
 30
0.0
 40
0.05
  0
CIRCLE
  5
262
330
17
100
AcDbEntity
  8
Ptos_reactivos
100
AcDbCircle
 10
35.056425841889336
 20
49.41760042156954
 30
0.0
 40
0.05
  0
CIRCLE
  5
263
330
17
100
AcDbEntity
  8
Ptos_reactivos
100
AcDbCircle
 10
43.20436068039878
 20
47.52077187698992
 30
0.0
 40
0.05
  0
CIRCLE
  5
264
330
17
100
AcDbEntity
  8
Ptos_reactivos
100
AcDbCircle
 10
21.165722710310657
 20
67.45409747624849
 30
0.0
 40
0.05
  0
CIRCLE
  5
265
330
17
100
AcDbEntity
  8
Ptos_reactivos
100
AcDbCircle
 10
32.882009593397555
 20
34.044977659605706
 30
0.0
 40
0.05
  0
CIRCLE
  5
266
330
17
100
AcDbEntity
  8
Ptos_reactivos
100
AcDbCircle
 10
19.928708835258647
 20
34.31218489266114
 30
0.0
 40
0.05
  0
CIRCLE
  5
267
330
17
100
AcDbEntity
  8
Ptos_reactivos
100
AcDbCircle
 10
61.050030988590905
 20
62.63585864175342
 30
0.0
 40
0.05
  0
CIRCLE
  5
268
330
17
100
AcDbEntity
  8
Ptos_reactivos
100
AcDbCircle
 10
58.96044404879701
 20
56.60397538109884
 30
0.0
 40
0.05
  0
CIRCLE
  5
269
330
17
100
AcDbEntity
  8
Ptos_reactivos
100
AcDbCircle
 10
15.43286447963737
 20
27.64492659729046
 30
0.0
 40
0.05
  0
CIRCLE
  5
26A
330
17
100
AcDbEntity
  8
Ptos_reactivos
100
AcDbCircle
 10
74.75594199567125
 20
31.01169027463732
 30
0.0
 40
0.05
  0
CIRCLE
  5
26B
330
17
100
AcDbEntity
  8
Ptos_reactivos
100
AcDbCircle
 10
42.00594788354267
 20
0.4313635043131009
 30
0.0
 40
0.05
  0
CIRCLE
  5
26C
330
17
100
AcDbEntity
  8
Ptos_reactivos
100
AcDbCircle
 10
35.93121233866622
 20
6.421692602647891
 30
0.0
 40
0.05
  0
CIRCLE
  5
26D
330
17
100
AcDbEntity
  8
Ptos_reactivos
100
AcDbCircle
 10
24.227563412891083
 20
13.4025318250513
 30
0.0
 40
0.05
  0
CIRCLE
  5
26E
330
17
100
AcDbEntity
  8
Ptos_reactivos
100
AcDbCircle
 10
8.482822766197659
 20
39.081603982599326
 30
0.0
 40
0.05
  0
CIRCLE
  5
26F
330
17
100
AcDbEntity
  8
Ptos_reactivos
100
AcDbCircle
 10
33.49276682534184
 20
70.25710291552342
 30
0.0
 40
0.05
  0
CIRCLE
  5
270
330
17
100
AcDbEntity
  8
Ptos_reactivos
100
AcDbCircle
 10
50.82982564432752
 20
10.532841752331331
 30
0.0
 40
0.05
  0
CIRCLE
  5
271
330
17
100
AcDbEntity
  8
Ptos_reactivos
100
AcDbCircle
 10
36.90554639097177
 20
31.781348688933463
 30
0.0
 40
0.05
  0
CIRCLE
  5
272
330
17
100
AcDbEntity
  8
Ptos_reactivos
100
AcDbCircle
 10
33.919614339350886
 20
72.6647660857094
 30
0.0
 40
0.05
  0
CIRCLE
  5
273
330
17
100
AcDbEntity
  8
Ptos_reactivos
100
AcDbCircle
 10
21.068645471089017
 20
60.39516558284859
 30
0.0
 40
0.05
  0
CIRCLE
  5
274
330
17
100
AcDbEntity
  8
Ptos_reactivos
100
AcDbCircle
 10
20.409628919707814
 20
47.488159712408475
 30
0.0
 40
0.05
  0
CIRCLE
  5
275
330
17
100
AcDbEntity
  8
Ptos_reactivos
100
AcDbCircle
 10
41.747193665804055
 20
21.9718429374498
 30
0.0
 40
0.05
  0
CIRCLE
  5
276
330
17
100
AcDbEntity
  8
Ptos_reactivos
100
AcDbCircle
 10
1.0433020816989687
 20
1.324060400515095
 30
0.0
 40
0.05
  0
CIRCLE
  5
277
330
17
100
AcDbEntity
  8
Ptos_reactivos
100
AcDbCircle
 10
2.333665178950567
 20
19.21569733312749
 30
0.0
 40
0.05
  0
CIRCLE
  5
278
330
17
100
AcDbEntity
  8
Ptos_reactivos
100
AcDbCircle
 10
58.13499629738858
 20
27.354348509766517
 30
0.0
 40
0.05
  0
CIRCLE
  5
279
330
17
100
AcDbEntity
  8
Ptos_reactivos
100
AcDbCircle
 10
17.353098292781148
 20
29.238162165207875
 30
0.0
 40
0.05
  0
CIRCLE
  5
27A
330
17
100
AcDbEntity
  8
Ptos_reactivos
100
AcDbCircle
 10
54.14239853511624
 20
44.45492510011906
 30
0.0
 40
0.05
  0
CIRCLE
  5
27B
330
17
100
AcDbEntity
  8
Ptos_reactivos
100
AcDbCircle
 10
34.1941233733503
 20
64.94871711009485
 30
0.0
 40
0.05
  0
CIRCLE
  5
27C
330
17
100
AcDbEntity
  8
Ptos_reactivos
100
AcDbCircle
 10
11.83380753949981
 20
55.515535519617195
 30
0.0
 40
0.05
  0
CIRCLE
  5
27D
330
17
100
AcDbEntity
  8
Ptos_reactivos
100
AcDbCircle
 10
54.37842674047635
 20
39.306984717850355
 30
0.0
 40
0.05
  0
CIRCLE
  5
27E
330
17
100
AcDbEntity
  8
Ptos_reactivos
100
AcDbCircle
 10
68.55324821813983
 20
69.69819714838003
 30
0.0
 40
0.05
  0
CIRCLE
  5
27F
330
17
100
AcDbEntity
  8
Ptos_reactivos
100
AcDbCircle
 10
11.688752541558426
 20
29.38505807231096
 30
0.0
 40
0.05
  0
CIRCLE
  5
280
330
17
100
AcDbEntity
  8
Ptos_reactivos
100
AcDbCircle
 10
68.75050307283405
 20
39.32284931583912
 30
0.0
 40
0.05
  0
CIRCLE
  5
281
330
17
100
AcDbEntity
  8
Ptos_reactivos
100
AcDbCircle
 10
15.905932107982462
 20
29.1285401391784
 30
0.0
 40
0.05
  0
CIRCLE
  5
282
330
17
100
AcDbEntity
  8
Ptos_reactivos
100
AcDbCircle
 10
52.12102026424643
 20
18.496638103721182
 30
0.0
 40
0.05
  0
CIRCLE
  5
283
330
17
100
AcDbEntity
  8
Ptos_reactivos
100
AcDbCircle
 10
68.37395319369419
 20
26.76402392280184
 30
0.0
 40
0.05
  0
CIRCLE
  5
284
330
17
100
AcDbEntity
  8
Ptos_reactivos
100
AcDbCircle
 10
61.59669250403908
 20
25.45628201622857
 30
0.0
 40
0.05
  0
CIRCLE
  5
285
330
17
100
AcDbEntity
  8
Ptos_reactivos
100
AcDbCircle
 10
10.888211441690585
 20
68.39136813520224
 30
0.0
 40
0.05
  0
CIRCLE
  5
286
330
17
100
AcDbEntity
  8
Ptos_reactivos
100
AcDbCircle
 10
36.364513330767
 20
27.09600301405615
 30
0.0
 40
0.05
  0
CIRCLE
  5
287
330
17
100
AcDbEntity
  8
Ptos_reactivos
100
AcDbCircle
 10
30.646992931326338
 20
54.056610705750145
 30
0.0
 40
0.05
  0
CIRCLE
  5
288
330
17
100
AcDbEntity
  8
Ptos_reactivos
100
AcDbCircle
 10
17.97164060931792
 20
56.16170375566208
 30
0.0
 40
0.05
  0
CIRCLE
  5
289
330
17
100
AcDbEntity
  8
Ptos_reactivos
100
AcDbCircle
 10
34.65146928703522
 20
4.5715421157301845
 30
0.0
 40
0.05
  0
CIRCLE
  5
28A
330
17
100
AcDbEntity
  8
Ptos_reactivos
100
AcDbCircle
 10
52.03098160683809
 20
29.77357532529136
 30
0.0
 40
0.05
  0
CIRCLE
  5
28B
330
17
100
AcDbEntity
  8
Ptos_reactivos
100
AcDbCircle
 10
0.8012983721974593
 20
74.33436229328692
 30
0.0
 40
0.05
  0
CIRCLE
  5
28C
330
17
100
AcDbEntity
  8
Ptos_reactivos
100
AcDbCircle
 10
40.029689985252034
 20
4.2252051246777445
 30
0.0
 40
0.05
  0
CIRCLE
  5
28D
330
17
100
AcDbEntity
  8
Ptos_reactivos
100
AcDbCircle
 10
70.70806352217794
 20
55.355116603777326
 30
0.0
 40
0.05
  0
CIRCLE
  5
28E
330
17
100
AcDbEntity
  8
Ptos_reactivos
100
AcDbCircle
 10
12.353962287721556
 20
8.860160478813627
 30
0.0
 40
0.05
  0
CIRCLE
  5
28F
330
17
100
AcDbEntity
  8
Ptos_reactivos
100
AcDbCircle
 10
1.8218472073071978
 20
58.87586419749005
 30
0.0
 40
0.05
  0
CIRCLE
  5
290
330
17
100
AcDbEntity
  8
Ptos_reactivos
100
AcDbCircle
 10
54.035094556302276
 20
31.400721429967795
 30
0.0
 40
0.05
  0
CIRCLE
  5
291
330
17
100
AcDbEntity
  8
Ptos_reactivos
100
AcDbCircle
 10
74.68562594022613
 20
42.762293994242306
 30
0.0
 40
0.05
  0
CIRCLE
  5
292
330
17
100
AcDbEntity
  8
Ptos_reactivos
100
AcDbCircle
 10
5.677916915850559
 20
51.38694957016333
 30
0.0
 40
0.05
  0
CIRCLE
  5
293
330
17
100
AcDbEntity
  8
Ptos_reactivos
100
AcDbCircle
 10
4.67657816711406
 20
35.475345702532934
 30
0.0
 40
0.05
  0
CIRCLE
  5
294
330
17
100
AcDbEntity
  8
Ptos_reactivos
100
AcDbCircle
 10
71.13185170429836
 20
52.922996921121076
 30
0.0
 40
0.05
  0
CIRCLE
  5
295
330
17
100
AcDbEntity
  8
Ptos_reactivos
100
AcDbCircle
 10
16.486163962497276
 20
6.126832494967768
 30
0.0
 40
0.05
  0
CIRCLE
  5
296
330
17
100
AcDbEntity
  8
Ptos_reactivos
100
AcDbCircle
 10
45.95058969364442
 20
5.753124214836319
 30
0.0
 40
0.05
  0
CIRCLE
  5
297
330
17
100
AcDbEntity
  8
Ptos_reactivos
100
AcDbCircle
 10
20.776328990414978
 20
48.432327333662236
 30
0.0
 40
0.05
  0
CIRCLE
  5
298
330
17
100
AcDbEntity
  8
Ptos_reactivos
100
AcDbCircle
 10
5.189156480794427
 20
15.069758369467989
 30
0.0
 40
0.05
  0
CIRCLE
  5
299
330
17
100
AcDbEntity
  8
Ptos_reactivos
100
AcDbCircle
 10
47.24664817928836
 20
32.543681996261014
 30
0.0
 40
0.05
  0
CIRCLE
  5
29A
330
17
100
AcDbEntity
  8
Ptos_reactivos
100
AcDbCircle
 10
55.09288963026235
 20
57.35089766507202
 30
0.0
 40
0.05
  0
CIRCLE
  5
29B
330
17
100
AcDbEntity
  8
Ptos_reactivos
100
AcDbCircle
 10
35.328516139540895
 20
37.747928084610564
 30
0.0
 40
0.05
  0
CIRCLE
  5
29C
330
17
100
AcDbEntity
  8
Ptos_reactivos
100
AcDbCircle
 10
20.869206182218
 20
55.52018188756905
 30
0.0
 40
0.05
  0
CIRCLE
  5
29D
330
17
100
AcDbEntity
  8
Ptos_reactivos
100
AcDbCircle
 10
74.85659477443326
 20
50.81613163257512
 30
0.0
 40
0.05
  0
CIRCLE
  5
29E
330
17
100
AcDbEntity
  8
Ptos_reactivos
100
AcDbCircle
 10
6.443688560229485
 20
64.65660405344823
 30
0.0
 40
0.05
  0
CIRCLE
  5
29F
330
17
100
AcDbEntity
  8
Ptos_reactivos
100
AcDbCircle
 10
15.601361857475895
 20
55.75238722274255
 30
0.0
 40
0.05
  0
CIRCLE
  5
2A0
330
17
100
AcDbEntity
  8
Ptos_reactivos
100
AcDbCircle
 10
44.35654088391978
 20
0.8595435561549097
 30
0.0
 40
0.05
  0
CIRCLE
  5
2A1
330
17
100
AcDbEntity
  8
Ptos_reactivos
100
AcDbCircle
 10
60.41819388684426
 20
62.58067315018595
 30
0.0
 40
0.05
  0
CIRCLE
  5
2A2
330
17
100
AcDbEntity
  8
Ptos_reactivos
100
AcDbCircle
 10
50.99602416490851
 20
1.7227298771367945
 30
0.0
 40
0.05
  0
CIRCLE
  5
2A3
330
17
100
AcDbEntity
  8
Ptos_reactivos
100
AcDbCircle
 10
3.144644379806802
 20
5.0899915365700075
 30
0.0
 40
0.05
  0
CIRCLE
  5
2A4
330
17
100
AcDbEntity
  8
Ptos_reactivos
100
AcDbCircle
 10
27.826245003888893
 20
70.49320274667211
 30
0.0
 40
0.05
  0
CIRCLE
  5
2A5
330
17
100
AcDbEntity
  8
Ptos_reactivos
100
AcDbCircle
 10
3.401612359987949
 20
70.2995095039636
 30
0.0
 40
0.05
  0
CIRCLE
  5
2A6
330
17
100
AcDbEntity
  8
Ptos_reactivos
100
AcDbCircle
 10
23.181970735624443
 20
44.41822286667863
 30
0.0
 40
0.05
  0
CIRCLE
  5
2A7
330
17
100
AcDbEntity
  8
Ptos_reactivos
100
AcDbCircle
 10
8.931158116799102
 20
13.571789941526319
 30
0.0
 40
0.05
  0
CIRCLE
  5
2A8
330
17
100
AcDbEntity
  8
Ptos_reactivos
100
AcDbCircle
 10
2.0471464307225933
 20
31.425207724139742
 30
0.0
 40
0.05
  0
CIRCLE
  5
2A9
330
17
100
AcDbEntity
  8
Ptos_reactivos
100
AcDbCircle
 10
41.21486022466997
 20
31.24158704585619
 30
0.0
 40
0.05
  0
CIRCLE
  5
2AA
330
17
100
AcDbEntity
  8
Ptos_reactivos
100
AcDbCircle
 10
49.100313790345005
 20
66.72643850152932
 30
0.0
 40
0.05
  0
CIRCLE
  5
2AB
330
17
100
AcDbEntity
  8
Ptos_reactivos
100
AcDbCircle
 10
29.361615970644202
 20
45.29181236814275
 30
0.0
 40
0.05
  0
CIRCLE
  5
2AC
330
17
100
AcDbEntity
  8
Ptos_reactivos
100
AcDbCircle
 10
18.709422198666044
 20
10.603227496758723
 30
0.0
 40
0.05
  0
CIRCLE
  5
2AD
330
17
100
AcDbEntity
  8
Ptos_reactivos
100
AcDbCircle
 10
54.21554137234876
 20
44.26305881913986
 30
0.0
 40
0.05
  0
CIRCLE
  5
2AE
330
17
100
AcDbEntity
  8
Ptos_reactivos
100
AcDbCircle
 10
23.860406469806993
 20
44.69145991486361
 30
0.0
 40
0.05
  0
CIRCLE
  5
2AF
330
17
100
AcDbEntity
  8
Ptos_reactivos
100
AcDbCircle
 10
38.91590955279901
 20
69.00313329175012
 30
0.0
 40
0.05
  0
CIRCLE
  5
2B0
330
17
100
AcDbEntity
  8
Ptos_reactivos
100
AcDbCircle
 10
6.984529749552748
 20
51.80952153142474
 30
0.0
 40
0.05
  0
CIRCLE
  5
2B1
330
17
100
AcDbEntity
  8
Ptos_reactivos
100
AcDbCircle
 10
29.70058206781509
 20
19.711999351454274
 30
0.0
 40
0.05
  0
CIRCLE
  5
2B2
330
17
100
AcDbEntity
  8
Ptos_reactivos
100
AcDbCircle
 10
60.53206541012264
 20
57.90362029948287
 30
0.0
 40
0.05
  0
CIRCLE
  5
2B3
330
17
100
AcDbEntity
  8
Ptos_reactivos
100
AcDbCircle
 10
20.09500042816229
 20
42.38830210333226
 30
0.0
 40
0.05
  0
CIRCLE
  5
2B4
330
17
100
AcDbEntity
  8
Ptos_reactivos
100
AcDbCircle
 10
58.85155062346928
 20
74.14962334098209
 30
0.0
 40
0.05
  0
CIRCLE
  5
2B5
330
17
100
AcDbEntity
  8
Ptos_reactivos
100
AcDbCircle
 10
10.501844336939357
 20
50.89221369070381
 30
0.0
 40
0.05
  0
CIRCLE
  5
2B6
330
17
100
AcDbEntity
  8
Ptos_reactivos
100
AcDbCircle
 10
57.15503626831043
 20
45.99129734274773
 30
0.0
 40
0.05
  0
CIRCLE
  5
2B7
330
17
100
AcDbEntity
  8
Ptos_reactivos
100
AcDbCircle
 10
59.536894322704505
 20
8.555315256018197
 30
0.0
 40
0.05
  0
CIRCLE
  5
2B8
330
17
100
AcDbEntity
  8
Ptos_reactivos
100
AcDbCircle
 10
6.678417360762076
 20
59.5497174522052
 30
0.0
 40
0.05
  0
CIRCLE
  5
2B9
330
17
100
AcDbEntity
  8
Ptos_reactivos
100
AcDbCircle
 10
13.570483198342508
 20
69.91771503436692
 30
0.0
 40
0.05
  0
CIRCLE
  5
2BA
330
17
100
AcDbEntity
  8
Ptos_reactivos
100
AcDbCircle
 10
40.706048106082605
 20
43.03692230043672
 30
0.0
 40
0.05
  0
CIRCLE
  5
2BB
330
17
100
AcDbEntity
  8
Ptos_reactivos
100
AcDbCircle
 10
59.63061417683255
 20
32.86878213814471
 30
0.0
 40
0.05
  0
CIRCLE
  5
2BC
330
17
100
AcDbEntity
  8
Ptos_reactivos
100
AcDbCircle
 10
22.175509849919465
 20
30.207146435845242
 30
0.0
 40
0.05
  0
CIRCLE
  5
2BD
330
17
100
AcDbEntity
  8
Ptos_reactivos
100
AcDbCircle
 10
56.81496986620399
 20
58.74520456218576
 30
0.0
 40
0.05
  0
CIRCLE
  5
2BE
330
17
100
AcDbEntity
  8
Ptos_reactivos
100
AcDbCircle
 10
39.127659739705685
 20
44.99477068270487
 30
0.0
 40
0.05
  0
CIRCLE
  5
2BF
330
17
100
AcDbEntity
  8
Ptos_reactivos
100
AcDbCircle
 10
9.098372039042491
 20
58.8253892064415
 30
0.0
 40
0.05
  0
CIRCLE
  5
2C0
330
17
100
AcDbEntity
  8
Ptos_reactivos
100
AcDbCircle
 10
45.538569717987414
 20
12.616568251096844
 30
0.0
 40
0.05
  0
CIRCLE
  5
2C1
330
17
100
AcDbEntity
  8
Ptos_reactivos
100
AcDbCircle
 10
34.55851865483371
 20
56.773476625407405
 30
0.0
 40
0.05
  0
CIRCLE
  5
2C2
330
17
100
AcDbEntity
  8
Ptos_reactivos
100
AcDbCircle
 10
10.70703924144899
 20
21.535335247254032
 30
0.0
 40
0.05
  0
CIRCLE
  5
2C3
330
17
100
AcDbEntity
  8
Ptos_reactivos
100
AcDbCircle
 10
39.62332490770021
 20
46.78805624864535
 30
0.0
 40
0.05
  0
CIRCLE
  5
2C4
330
17
100
AcDbEntity
  8
Ptos_reactivos
100
AcDbCircle
 10
69.22826534241894
 20
56.003002811872214
 30
0.0
 40
0.05
  0
CIRCLE
  5
2C5
330
17
100
AcDbEntity
  8
Ptos_reactivos
100
AcDbCircle
 10
66.74822413210896
 20
43.37599783511148
 30
0.0
 40
0.05
  0
CIRCLE
  5
2C6
330
17
100
AcDbEntity
  8
Ptos_reactivos
100
AcDbCircle
 10
58.059360685715205
 20
46.886117248615875
 30
0.0
 40
0.05
  0
CIRCLE
  5
2C7
330
17
100
AcDbEntity
  8
Ptos_reactivos
100
AcDbCircle
 10
43.433519856096346
 20
42.50155879227242
 30
0.0
 40
0.05
  0
CIRCLE
  5
2C8
330
17
100
AcDbEntity
  8
Ptos_reactivos
100
AcDbCircle
 10
34.03276281529738
 20
24.79762347058429
 30
0.0
 40
0.05
  0
CIRCLE
  5
2C9
330
17
100
AcDbEntity
  8
Ptos_reactivos
100
AcDbCircle
 10
16.40290954228879
 20
20.24541715128308
 30
0.0
 40
0.05
  0
CIRCLE
  5
2CA
330
17
100
AcDbEntity
  8
Ptos_reactivos
100
AcDbCircle
 10
55.50026830828434
 20
8.13399757158358
 30
0.0
 40
0.05
  0
CIRCLE
  5
2CB
330
17
100
AcDbEntity
  8
Ptos_reactivos
100
AcDbCircle
 10
72.05647645779133
 20
19.964305765128685
 30
0.0
 40
0.05
  0
CIRCLE
  5
2CC
330
17
100
AcDbEntity
  8
Ptos_reactivos
100
AcDbCircle
 10
37.19060664747822
 20
70.84220873939256
 30
0.0
 40
0.05
  0
CIRCLE
  5
2CD
330
17
100
AcDbEntity
  8
Ptos_reactivos
100
AcDbCircle
 10
25.51323598774272
 20
47.11276003723814
 30
0.0
 40
0.05
  0
CIRCLE
  5
2CE
330
17
100
AcDbEntity
  8
Ptos_reactivos
100
AcDbCircle
 10
52.92045329582802
 20
3.1586566991914227
 30
0.0
 40
0.05
  0
CIRCLE
  5
2CF
330
17
100
AcDbEntity
  8
Ptos_reactivos
100
AcDbCircle
 10
74.34645828950173
 20
19.158430457926602
 30
0.0
 40
0.05
  0
CIRCLE
  5
2D0
330
17
100
AcDbEntity
  8
Ptos_reactivos
100
AcDbCircle
 10
68.85634859589351
 20
14.658090584231203
 30
0.0
 40
0.05
  0
CIRCLE
  5
2D1
330
17
100
AcDbEntity
  8
Ptos_reactivos
100
AcDbCircle
 10
16.94172118529866
 20
30.309796548303044
 30
0.0
 40
0.05
  0
CIRCLE
  5
2D2
330
17
100
AcDbEntity
  8
Ptos_reactivos
100
AcDbCircle
 10
63.50008340263133
 20
60.73033137034736
 30
0.0
 40
0.05
  0
CIRCLE
  5
2D3
330
17
100
AcDbEntity
  8
Ptos_reactivos
100
AcDbCircle
 10
73.60268512574434
 20
69.5061242081561
 30
0.0
 40
0.05
  0
CIRCLE
  5
2D4
330
17
100
AcDbEntity
  8
Ptos_reactivos
100
AcDbCircle
 10
71.2761747622547
 20
40.264860688441296
 30
0.0
 40
0.05
  0
CIRCLE
  5
2D5
330
17
100
AcDbEntity
  8
Ptos_reactivos
100
AcDbCircle
 10
74.83773906870275
 20
17.258251141089616
 30
0.0
 40
0.05
  0
CIRCLE
  5
2D6
330
17
100
AcDbEntity
  8
Ptos_reactivos
100
AcDbCircle
 10
41.37241420226261
 20
24.090343427570733
 30
0.0
 40
0.05
  0
CIRCLE
  5
2D7
330
17
100
AcDbEntity
  8
Ptos_reactivos
100
AcDbCircle
 10
20.642718587313066
 20
33.72775736942793
 30
0.0
 40
0.05
  0
CIRCLE
  5
2D8
330
17
100
AcDbEntity
  8
Ptos_reactivos
100
AcDbCircle
 10
23.711087506251445
 20
43.99199094713735
 30
0.0
 40
0.05
  0
CIRCLE
  5
2D9
330
17
100
AcDbEntity
  8
Ptos_reactivos
100
AcDbCircle
 10
33.82569838840003
 20
58.31616384918697
 30
0.0
 40
0.05
  0
CIRCLE
  5
2DA
330
17
100
AcDbEntity
  8
Ptos_reactivos
100
AcDbCircle
 10
66.44395933726615
 20
69.19617415337432
 30
0.0
 40
0.05
  0
CIRCLE
  5
2DB
330
17
100
AcDbEntity
  8
Ptos_reactivos
100
AcDbCircle
 10
19.698467282961722
 20
51.790327602282765
 30
0.0
 40
0.05
  0
CIRCLE
  5
2DC
330
17
100
AcDbEntity
  8
Ptos_reactivos
100
AcDbCircle
 10
23.33041987454472
 20
59.717475862824706
 30
0.0
 40
0.05
  0
CIRCLE
  5
2DD
330
17
100
AcDbEntity
  8
Ptos_reactivos
100
AcDbCircle
 10
61.863588196812884
 20
74.68577761934172
 30
0.0
 40
0.05
  0
CIRCLE
  5
2DE
330
17
100
AcDbEntity
  8
Ptos_reactivos
100
AcDbCircle
 10
19.237134777352612
 20
57.624427947580365
 30
0.0
 40
0.05
  0
CIRCLE
  5
2DF
330
17
100
AcDbEntity
  8
Ptos_reactivos
100
AcDbCircle
 10
61.33082468332763
 20
73.71876185131312
 30
0.0
 40
0.05
  0
CIRCLE
  5
2E0
330
17
100
AcDbEntity
  8
Ptos_reactivos
100
AcDbCircle
 10
13.617913667300947
 20
71.78606118021935
 30
0.0
 40
0.05
  0
CIRCLE
  5
2E1
330
17
100
AcDbEntity
  8
Ptos_reactivos
100
AcDbCircle
 10
63.71569596315787
 20
41.86298812383674
 30
0.0
 40
0.05
  0
CIRCLE
  5
2E2
330
17
100
AcDbEntity
  8
Ptos_reactivos
100
AcDbCircle
 10
62.77722860784338
 20
59.37688205183014
 30
0.0
 40
0.05
  0
CIRCLE
  5
2E3
330
17
100
AcDbEntity
  8
Ptos_reactivos
100
AcDbCircle
 10
73.2766488748695
 20
70.59889771301211
 30
0.0
 40
0.05
  0
CIRCLE
  5
2E4
330
17
100
AcDbEntity
  8
Ptos_reactivos
100
AcDbCircle
 10
18.155041293609223
 20
1.8024805900869412
 30
0.0
 40
0.05
  0
CIRCLE
  5
2E5
330
17
100
AcDbEntity
  8
Ptos_reactivos
100
AcDbCircle
 10
33.523889091091576
 20
29.591926913473703
 30
0.0
 40
0.05
  0
CIRCLE
  5
2E6
330
17
100
AcDbEntity
  8
Ptos_reactivos
100
AcDbCircle
 10
15.760771304376922
 20
66.57592157055157
 30
0.0
 40
0.05
  0
CIRCLE
  5
2E7
330
17
100
AcDbEntity
  8
Ptos_reactivos
100
AcDbCircle
 10
53.86709702744386
 20
50.975494000370986
 30
0.0
 40
0.05
  0
CIRCLE
  5
2E8
330
17
100
AcDbEntity
  8
Ptos_reactivos
100
AcDbCircle
 10
17.75880820644584
 20
73.19626858693232
 30
0.0
 40
0.05
  0
CIRCLE
  5
2E9
330
17
100
AcDbEntity
  8
Ptos_reactivos
100
AcDbCircle
 10
21.488709842479597
 20
29.375939363812307
 30
0.0
 40
0.05
  0
CIRCLE
  5
2EA
330
17
100
AcDbEntity
  8
Ptos_reactivos
100
AcDbCircle
 10
16.2114075065624
 20
17.85168692696002
 30
0.0
 40
0.05
  0
CIRCLE
  5
2EB
330
17
100
AcDbEntity
  8
Ptos_reactivos
100
AcDbCircle
 10
47.025933819987536
 20
17.064771936341295
 30
0.0
 40
0.05
  0
CIRCLE
  5
2EC
330
17
100
AcDbEntity
  8
Ptos_reactivos
100
AcDbCircle
 10
20.623491399897954
 20
46.56085115764542
 30
0.0
 40
0.05
  0
CIRCLE
  5
2ED
330
17
100
AcDbEntity
  8
Ptos_reactivos
100
AcDbCircle
 10
25.777682537385324
 20
8.180290336178905
 30
0.0
 40
0.05
  0
CIRCLE
  5
2EE
330
17
100
AcDbEntity
  8
Ptos_reactivos
100
AcDbCircle
 10
11.368715762799173
 20
64.39396646723408
 30
0.0
 40
0.05
  0
CIRCLE
  5
2EF
330
17
100
AcDbEntity
  8
Ptos_reactivos
100
AcDbCircle
 10
27.098421657698033
 20
55.712385371062986
 30
0.0
 40
0.05
  0
CIRCLE
  5
2F0
330
17
100
AcDbEntity
  8
Ptos_reactivos
100
AcDbCircle
 10
25.609521178403398
 20
52.22172712626734
 30
0.0
 40
0.05
  0
CIRCLE
  5
2F1
330
17
100
AcDbEntity
  8
Ptos_reactivos
100
AcDbCircle
 10
70.41609952907494
 20
51.41550656641622
 30
0.0
 40
0.05
  0
CIRCLE
  5
2F2
330
17
100
AcDbEntity
  8
Ptos_reactivos
100
AcDbCircle
 10
9.393132205749275
 20
21.2070070730041
 30
0.0
 40
0.05
  0
CIRCLE
  5
2F3
330
17
100
AcDbEntity
  8
Ptos_reactivos
100
AcDbCircle
 10
69.71288413275418
 20
44.83799623542956
 30
0.0
 40
0.05
  0
CIRCLE
  5
2F4
330
17
100
AcDbEntity
  8
Ptos_reactivos
100
AcDbCircle
 10
41.7396707435244
 20
31.340480740845237
 30
0.0
 40
0.05
  0
CIRCLE
  5
2F5
330
17
100
AcDbEntity
  8
Ptos_reactivos
100
AcDbCircle
 10
27.175999952832193
 20
63.24406915229838
 30
0.0
 40
0.05
  0
CIRCLE
  5
2F6
330
17
100
AcDbEntity
  8
Ptos_reactivos
100
AcDbCircle
 10
5.870792647289058
 20
59.55098397288616
 30
0.0
 40
0.05
  0
CIRCLE
  5
2F7
330
17
100
AcDbEntity
  8
Ptos_reactivos
100
AcDbCircle
 10
18.653306492211165
 20
72.53418202508401
 30
0.0
 40
0.05
  0
CIRCLE
  5
2F8
330
17
100
AcDbEntity
  8
Ptos_reactivos
100
AcDbCircle
 10
24.8271349217505
 20
2.3770719002883993
 30
0.0
 40
0.05
  0
CIRCLE
  5
2F9
330
17
100
AcDbEntity
  8
Ptos_reactivos
100
AcDbCircle
 10
9.82990595429849
 20
6.463245106230262
 30
0.0
 40
0.05
  0
CIRCLE
  5
2FA
330
17
100
AcDbEntity
  8
Ptos_reactivos
100
AcDbCircle
 10
22.110305606468668
 20
22.83166152006041
 30
0.0
 40
0.05
  0
CIRCLE
  5
2FB
330
17
100
AcDbEntity
  8
Ptos_reactivos
100
AcDbCircle
 10
33.58787173202583
 20
24.809184650968266
 30
0.0
 40
0.05
  0
CIRCLE
  5
2FC
330
17
100
AcDbEntity
  8
Ptos_reactivos
100
AcDbCircle
 10
48.56860442080914
 20
25.506223032690894
 30
0.0
 40
0.05
  0
CIRCLE
  5
2FD
330
17
100
AcDbEntity
  8
Ptos_reactivos
100
AcDbCircle
 10
13.108961155257859
 20
38.729819459195205
 30
0.0
 40
0.05
  0
CIRCLE
  5
2FE
330
17
100
AcDbEntity
  8
Ptos_reactivos
100
AcDbCircle
 10
19.03551108992569
 20
4.56739067957665
 30
0.0
 40
0.05
  0
CIRCLE
  5
2FF
330
17
100
AcDbEntity
  8
Ptos_reactivos
100
AcDbCircle
 10
34.67003820907867
 20
1.305578564815804
 30
0.0
 40
0.05
  0
CIRCLE
  5
300
330
17
100
AcDbEntity
  8
Ptos_reactivos
100
AcDbCircle
 10
14.073321712298577
 20
42.68262930192585
 30
0.0
 40
0.05
  0
CIRCLE
  5
301
330
17
100
AcDbEntity
  8
Ptos_reactivos
100
AcDbCircle
 10
30.585919716769972
 20
45.11902173471841
 30
0.0
 40
0.05
  0
CIRCLE
  5
302
330
17
100
AcDbEntity
  8
Ptos_reactivos
100
AcDbCircle
 10
54.57071489362337
 20
17.691848701147432
 30
0.0
 40
0.05
  0
CIRCLE
  5
303
330
17
100
AcDbEntity
  8
Ptos_reactivos
100
AcDbCircle
 10
17.878342351670753
 20
1.0009832225685522
 30
0.0
 40
0.05
  0
CIRCLE
  5
304
330
17
100
AcDbEntity
  8
Ptos_reactivos
100
AcDbCircle
 10
60.151104998511435
 20
48.574324880351284
 30
0.0
 40
0.05
  0
CIRCLE
  5
305
330
17
100
AcDbEntity
  8
Ptos_reactivos
100
AcDbCircle
 10
64.63796007786686
 20
46.19096581184108
 30
0.0
 40
0.05
  0
CIRCLE
  5
306
330
17
100
AcDbEntity
  8
Ptos_reactivos
100
AcDbCircle
 10
12.334749374639342
 20
7.319224044218406
 30
0.0
 40
0.05
  0
CIRCLE
  5
307
330
17
100
AcDbEntity
  8
Ptos_reactivos
100
AcDbCircle
 10
28.34332216601045
 20
20.56310597895902
 30
0.0
 40
0.05
  0
CIRCLE
  5
308
330
17
100
AcDbEntity
  8
Ptos_reactivos
100
AcDbCircle
 10
27.092093075221033
 20
32.71056230637246
 30
0.0
 40
0.05
  0
CIRCLE
  5
309
330
17
100
AcDbEntity
  8
Ptos_reactivos
100
AcDbCircle
 10
3.506377737063382
 20
31.179554869089607
 30
0.0
 40
0.05
  0
CIRCLE
  5
30A
330
17
100
AcDbEntity
  8
Ptos_reactivos
100
AcDbCircle
 10
66.07592505041181
 20
40.50170576125517
 30
0.0
 40
0.05
  0
CIRCLE
  5
30B
330
17
100
AcDbEntity
  8
Ptos_reactivos
100
AcDbCircle
 10
1.274542151265909
 20
3.113832403853106
 30
0.0
 40
0.05
  0
CIRCLE
  5
30C
330
17
100
AcDbEntity
  8
Ptos_reactivos
100
AcDbCircle
 10
15.78580220207606
 20
41.11178834490027
 30
0.0
 40
0.05
  0
CIRCLE
  5
30D
330
17
100
AcDbEntity
  8
Ptos_reactivos
100
AcDbCircle
 10
4.08574807058163
 20
69.87118339911477
 30
0.0
 40
0.05
  0
CIRCLE
  5
30E
330
17
100
AcDbEntity
  8
Ptos_reactivos
100
AcDbCircle
 10
52.470375337745615
 20
62.0636021323822
 30
0.0
 40
0.05
  0
CIRCLE
  5
30F
330
17
100
AcDbEntity
  8
Ptos_reactivos
100
AcDbCircle
 10
45.53032170724593
 20
22.206419311385016
 30
0.0
 40
0.05
  0
CIRCLE
  5
310
330
17
100
AcDbEntity
  8
Ptos_reactivos
100
AcDbCircle
 10
36.291741979932375
 20
25.888173163380717
 30
0.0
 40
0.05
  0
CIRCLE
  5
311
330
17
100
AcDbEntity
  8
Ptos_reactivos
100
AcDbCircle
 10
68.8679874839316
 20
18.936078758247127
 30
0.0
 40
0.05
  0
CIRCLE
  5
312
330
17
100
AcDbEntity
  8
Ptos_reactivos
100
AcDbCircle
 10
32.79935810381735
 20
0.06304418402832412
 30
0.0
 40
0.05
  0
CIRCLE
  5
313
330
17
100
AcDbEntity
  8
Ptos_reactivos
100
AcDbCircle
 10
73.58189398265516
 20
14.573066667928734
 30
0.0
 40
0.05
  0
CIRCLE
  5
314
330
17
100
AcDbEntity
  8
Ptos_reactivos
100
AcDbCircle
 10
56.12417860682162
 20
52.64120741487961
 30
0.0
 40
0.05
  0
CIRCLE
  5
315
330
17
100
AcDbEntity
  8
Ptos_reactivos
100
AcDbCircle
 10
70.40202677700665
 20
46.28104197141999
 30
0.0
 40
0.05
  0
CIRCLE
  5
316
330
17
100
AcDbEntity
  8
Ptos_reactivos
100
AcDbCircle
 10
0.363504384096236
 20
67.57171294750117
 30
0.0
 40
0.05
  0
CIRCLE
  5
317
330
17
100
AcDbEntity
  8
Ptos_reactivos
100
AcDbCircle
 10
62.89251431658014
 20
19.061415372227852
 30
0.0
 40
0.05
  0
CIRCLE
  5
318
330
17
100
AcDbEntity
  8
Ptos_reactivos
100
AcDbCircle
 10
73.95626628230885
 20
37.35236361922679
 30
0.0
 40
0.05
  0
CIRCLE
  5
319
330
17
100
AcDbEntity
  8
Ptos_reactivos
100
AcDbCircle
 10
16.99683096375334
 20
36.05361919306061
 30
0.0
 40
0.05
  0
CIRCLE
  5
31A
330
17
100
AcDbEntity
  8
Ptos_reactivos
100
AcDbCircle
 10
59.99712492404694
 20
55.03583082657131
 30
0.0
 40
0.05
  0
CIRCLE
  5
31B
330
17
100
AcDbEntity
  8
Ptos_reactivos
100
AcDbCircle
 10
19.640028451611652
 20
32.24701909282915
 30
0.0
 40
0.05
  0
CIRCLE
  5
31C
330
17
100
AcDbEntity
  8
Ptos_reactivos
100
AcDbCircle
 10
74.63025559474502
 20
30.97568906225794
 30
0.0
 40
0.05
  0
CIRCLE
  5
31D
330
17
100
AcDbEntity
  8
Ptos_reactivos
100
AcDbCircle
 10
55.191851144370005
 20
72.54910327100636
 30
0.0
 40
0.05
  0
CIRCLE
  5
31E
330
17
100
AcDbEntity
  8
Ptos_reactivos
100
AcDbCircle
 10
20.911206409514733
 20
45.66466521018474
 30
0.0
 40
0.05
  0
CIRCLE
  5
31F
330
17
100
AcDbEntity
  8
Ptos_reactivos
100
AcDbCircle
 10
9.587526453395567
 20
63.713586169688234
 30
0.0
 40
0.05
  0
CIRCLE
  5
320
330
17
100
AcDbEntity
  8
Ptos_reactivos
100
AcDbCircle
 10
38.605773165643065
 20
17.593722544588335
 30
0.0
 40
0.05
  0
CIRCLE
  5
321
330
17
100
AcDbEntity
  8
Ptos_reactivos
100
AcDbCircle
 10
33.44365115757489
 20
8.314649853707115
 30
0.0
 40
0.05
  0
CIRCLE
  5
322
330
17
100
AcDbEntity
  8
Ptos_reactivos
100
AcDbCircle
 10
15.026237480239523
 20
14.208999027048975
 30
0.0
 40
0.05
  0
CIRCLE
  5
323
330
17
100
AcDbEntity
  8
Ptos_reactivos
100
AcDbCircle
 10
60.60631809372633
 20
28.18216687412073
 30
0.0
 40
0.05
  0
CIRCLE
  5
324
330
17
100
AcDbEntity
  8
Ptos_reactivos
100
AcDbCircle
 10
67.08650144376145
 20
44.65689648148541
 30
0.0
 40
0.05
  0
CIRCLE
  5
325
330
17
100
AcDbEntity
  8
Ptos_reactivos
100
AcDbCircle
 10
3.3169922667894673
 20
34.1063609323877
 30
0.0
 40
0.05
  0
CIRCLE
  5
326
330
17
100
AcDbEntity
  8
Ptos_reactivos
100
AcDbCircle
 10
74.2899753066617
 20
39.45435016377861
 30
0.0
 40
0.05
  0
CIRCLE
  5
327
330
17
100
AcDbEntity
  8
Ptos_reactivos
100
AcDbCircle
 10
59.66716747411836
 20
74.21957639601028
 30
0.0
 40
0.05
  0
CIRCLE
  5
328
330
17
100
AcDbEntity
  8
Ptos_reactivos
100
AcDbCircle
 10
22.306828435090825
 20
1.1277097653799084
 30
0.0
 40
0.05
  0
CIRCLE
  5
329
330
17
100
AcDbEntity
  8
Ptos_reactivos
100
AcDbCircle
 10
54.63263259863793
 20
72.9736505111406
 30
0.0
 40
0.05
  0
CIRCLE
  5
32A
330
17
100
AcDbEntity
  8
Ptos_reactivos
100
AcDbCircle
 10
25.394226548333304
 20
25.17127400422825
 30
0.0
 40
0.05
  0
CIRCLE
  5
32B
330
17
100
AcDbEntity
  8
Ptos_reactivos
100
AcDbCircle
 10
19.47503469373015
 20
11.344084287399303
 30
0.0
 40
0.05
  0
CIRCLE
  5
32C
330
17
100
AcDbEntity
  8
Ptos_reactivos
100
AcDbCircle
 10
39.426293046635614
 20
62.03044449718876
 30
0.0
 40
0.05
  0
CIRCLE
  5
32D
330
17
100
AcDbEntity
  8
Ptos_reactivos
100
AcDbCircle
 10
63.33240431740431
 20
7.786455788945526
 30
0.0
 40
0.05
  0
CIRCLE
  5
32E
330
17
100
AcDbEntity
  8
Ptos_reactivos
100
AcDbCircle
 10
0.15566389598927477
 20
56.96877765251927
 30
0.0
 40
0.05
  0
CIRCLE
  5
32F
330
17
100
AcDbEntity
  8
Ptos_reactivos
100
AcDbCircle
 10
47.53116993489651
 20
20.892878710497833
 30
0.0
 40
0.05
  0
CIRCLE
  5
330
330
17
100
AcDbEntity
  8
Ptos_reactivos
100
AcDbCircle
 10
5.907139552275706
 20
58.48864968997266
 30
0.0
 40
0.05
  0
CIRCLE
  5
331
330
17
100
AcDbEntity
  8
Ptos_reactivos
100
AcDbCircle
 10
7.021675589568413
 20
69.19542279472391
 30
0.0
 40
0.05
  0
CIRCLE
  5
332
330
17
100
AcDbEntity
  8
Ptos_reactivos
100
AcDbCircle
 10
37.58261254839507
 20
57.194820792609995
 30
0.0
 40
0.05
  0
CIRCLE
  5
333
330
17
100
AcDbEntity
  8
Ptos_reactivos
100
AcDbCircle
 10
13.558068452937752
 20
46.058268311293915
 30
0.0
 40
0.05
  0
CIRCLE
  5
334
330
17
100
AcDbEntity
  8
Ptos_reactivos
100
AcDbCircle
 10
12.537224742958317
 20
60.48331913182484
 30
0.0
 40
0.05
  0
CIRCLE
  5
335
330
17
100
AcDbEntity
  8
Ptos_reactivos
100
AcDbCircle
 10
59.96399903928721
 20
52.955402722795725
 30
0.0
 40
0.05
  0
CIRCLE
  5
336
330
17
100
AcDbEntity
  8
Ptos_reactivos
100
AcDbCircle
 10
70.761293798268
 20
55.20072434697879
 30
0.0
 40
0.05
  0
CIRCLE
  5
337
330
17
100
AcDbEntity
  8
Ptos_reactivos
100
AcDbCircle
 10
26.568436944812174
 20
16.53862028888714
 30
0.0
 40
0.05
  0
CIRCLE
  5
338
330
17
100
AcDbEntity
  8
Ptos_reactivos
100
AcDbCircle
 10
23.597333248251225
 20
60.69872517749194
 30
0.0
 40
0.05
  0
CIRCLE
  5
339
330
17
100
AcDbEntity
  8
Ptos_reactivos
100
AcDbCircle
 10
27.817239855740375
 20
66.00310322174418
 30
0.0
 40
0.05
  0
CIRCLE
  5
33A
330
17
100
AcDbEntity
  8
Ptos_reactivos
100
AcDbCircle
 10
43.895997563689896
 20
15.890247396999701
 30
0.0
 40
0.05
  0
CIRCLE
  5
33B
330
17
100
AcDbEntity
  8
Ptos_reactivos
100
AcDbCircle
 10
1.4099595753748473
 20
55.74637890788914
 30
0.0
 40
0.05
  0
CIRCLE
  5
33C
330
17
100
AcDbEntity
  8
Ptos_reactivos
100
AcDbCircle
 10
30.09470950977083
 20
60.37120939569958
 30
0.0
 40
0.05
  0
CIRCLE
  5
33D
330
17
100
AcDbEntity
  8
Ptos_reactivos
100
AcDbCircle
 10
22.51340622851141
 20
31.47634373944657
 30
0.0
 40
0.05
  0
CIRCLE
  5
33E
330
17
100
AcDbEntity
  8
Ptos_reactivos
100
AcDbCircle
 10
73.25558739833916
 20
13.061886613800636
 30
0.0
 40
0.05
  0
CIRCLE
  5
33F
330
17
100
AcDbEntity
  8
Ptos_reactivos
100
AcDbCircle
 10
41.51334744075952
 20
55.69156151213255
 30
0.0
 40
0.05
  0
CIRCLE
  5
340
330
17
100
AcDbEntity
  8
Ptos_reactivos
100
AcDbCircle
 10
73.84984548150238
 20
70.04457637297311
 30
0.0
 40
0.05
  0
CIRCLE
  5
341
330
17
100
AcDbEntity
  8
Ptos_reactivos
100
AcDbCircle
 10
61.16397437781557
 20
65.09812634124332
 30
0.0
 40
0.05
  0
CIRCLE
  5
342
330
17
100
AcDbEntity
  8
Ptos_reactivos
100
AcDbCircle
 10
40.59466577720724
 20
36.41407608642136
 30
0.0
 40
0.05
  0
CIRCLE
  5
343
330
17
100
AcDbEntity
  8
Ptos_reactivos
100
AcDbCircle
 10
55.40785456272369
 20
14.869317427835114
 30
0.0
 40
0.05
  0
CIRCLE
  5
344
330
17
100
AcDbEntity
  8
Ptos_reactivos
100
AcDbCircle
 10
47.492471045012834
 20
45.330291029669915
 30
0.0
 40
0.05
  0
CIRCLE
  5
345
330
17
100
AcDbEntity
  8
Ptos_reactivos
100
AcDbCircle
 10
60.008027801524044
 20
45.36026699886093
 30
0.0
 40
0.05
  0
CIRCLE
  5
346
330
17
100
AcDbEntity
  8
Ptos_reactivos
100
AcDbCircle
 10
12.169655323722505
 20
24.073758276007652
 30
0.0
 40
0.05
  0
CIRCLE
  5
347
330
17
100
AcDbEntity
  8
Ptos_reactivos
100
AcDbCircle
 10
36.53890709960472
 20
38.86079432617316
 30
0.0
 40
0.05
  0
CIRCLE
  5
348
330
17
100
AcDbEntity
  8
Ptos_reactivos
100
AcDbCircle
 10
23.912435116969018
 20
72.3154727628059
 30
0.0
 40
0.05
  0
CIRCLE
  5
349
330
17
100
AcDbEntity
  8
Ptos_reactivos
100
AcDbCircle
 10
40.074582711306036
 20
25.083661852546964
 30
0.0
 40
0.05
  0
CIRCLE
  5
34A
330
17
100
AcDbEntity
  8
Ptos_reactivos
100
AcDbCircle
 10
57.489457280574854
 20
63.94722853672093
 30
0.0
 40
0.05
  0
CIRCLE
  5
34B
330
17
100
AcDbEntity
  8
Ptos_reactivos
100
AcDbCircle
 10
5.6258490569870725
 20
13.053574923706057
 30
0.0
 40
0.05
  0
CIRCLE
  5
34C
330
17
100
AcDbEntity
  8
Ptos_reactivos
100
AcDbCircle
 10
51.11174089454378
 20
17.318874700765097
 30
0.0
 40
0.05
  0
CIRCLE
  5
34D
330
17
100
AcDbEntity
  8
Ptos_reactivos
100
AcDbCircle
 10
41.42082163748779
 20
2.367760378720707
 30
0.0
 40
0.05
  0
CIRCLE
  5
34E
330
17
100
AcDbEntity
  8
Ptos_reactivos
100
AcDbCircle
 10
41.9045383678727
 20
5.014280587852701
 30
0.0
 40
0.05
  0
CIRCLE
  5
34F
330
17
100
AcDbEntity
  8
Ptos_reactivos
100
AcDbCircle
 10
39.08143246604972
 20
24.46268840969957
 30
0.0
 40
0.05
  0
CIRCLE
  5
350
330
17
100
AcDbEntity
  8
Ptos_reactivos
100
AcDbCircle
 10
12.73659247271864
 20
7.2712196205464625
 30
0.0
 40
0.05
  0
CIRCLE
  5
351
330
17
100
AcDbEntity
  8
Ptos_reactivos
100
AcDbCircle
 10
35.257699470443285
 20
66.95601534809039
 30
0.0
 40
0.05
  0
CIRCLE
  5
352
330
17
100
AcDbEntity
  8
Ptos_reactivos
100
AcDbCircle
 10
73.20000850631823
 20
16.802747350879518
 30
0.0
 40
0.05
  0
CIRCLE
  5
353
330
17
100
AcDbEntity
  8
Ptos_reactivos
100
AcDbCircle
 10
13.595055023560384
 20
50.53190730454668
 30
0.0
 40
0.05
  0
CIRCLE
  5
354
330
17
100
AcDbEntity
  8
Ptos_reactivos
100
AcDbCircle
 10
66.43891782499948
 20
16.06928894536508
 30
0.0
 40
0.05
  0
CIRCLE
  5
355
330
17
100
AcDbEntity
  8
Ptos_reactivos
100
AcDbCircle
 10
38.65999760936437
 20
71.78255592371895
 30
0.0
 40
0.05
  0
CIRCLE
  5
356
330
17
100
AcDbEntity
  8
Ptos_reactivos
100
AcDbCircle
 10
39.0122804461642
 20
73.93080208957261
 30
0.0
 40
0.05
  0
CIRCLE
  5
357
330
17
100
AcDbEntity
  8
Ptos_reactivos
100
AcDbCircle
 10
7.515379294139252
 20
33.758864840933924
 30
0.0
 40
0.05
  0
CIRCLE
  5
358
330
17
100
AcDbEntity
  8
Ptos_reactivos
100
AcDbCircle
 10
55.71648359138723
 20
57.88706705281994
 30
0.0
 40
0.05
  0
CIRCLE
  5
359
330
17
100
AcDbEntity
  8
Ptos_reactivos
100
AcDbCircle
 10
72.08384841009207
 20
0.08511192384050292
 30
0.0
 40
0.05
  0
CIRCLE
  5
35A
330
17
100
AcDbEntity
  8
Ptos_reactivos
100
AcDbCircle
 10
13.595401931590628
 20
34.91925358704967
 30
0.0
 40
0.05
  0
CIRCLE
  5
35B
330
17
100
AcDbEntity
  8
Ptos_reactivos
100
AcDbCircle
 10
16.6551825101047
 20
30.017072059469697
 30
0.0
 40
0.05
  0
CIRCLE
  5
35C
330
17
100
AcDbEntity
  8
Ptos_reactivos
100
AcDbCircle
 10
6.769137325393229
 20
50.47719913344371
 30
0.0
 40
0.05
  0
CIRCLE
  5
35D
330
17
100
AcDbEntity
  8
Ptos_reactivos
100
AcDbCircle
 10
21.57456021774525
 20
30.489630356727048
 30
0.0
 40
0.05
  0
CIRCLE
  5
35E
330
17
100
AcDbEntity
  8
Ptos_reactivos
100
AcDbCircle
 10
38.43132128356296
 20
43.19565690299457
 30
0.0
 40
0.05
  0
CIRCLE
  5
35F
330
17
100
AcDbEntity
  8
Ptos_reactivos
100
AcDbCircle
 10
24.819904221196467
 20
1.9870895683964607
 30
0.0
 40
0.05
  0
CIRCLE
  5
360
330
17
100
AcDbEntity
  8
Ptos_reactivos
100
AcDbCircle
 10
46.2700663449501
 20
1.659826240669851
 30
0.0
 40
0.05
  0
CIRCLE
  5
361
330
17
100
AcDbEntity
  8
Ptos_reactivos
100
AcDbCircle
 10
67.40278837687914
 20
72.44752277799162
 30
0.0
 40
0.05
  0
CIRCLE
  5
362
330
17
100
AcDbEntity
  8
Ptos_reactivos
100
AcDbCircle
 10
30.025017278902393
 20
35.18460510081047
 30
0.0
 40
0.05
  0
CIRCLE
  5
363
330
17
100
AcDbEntity
  8
Ptos_reactivos
100
AcDbCircle
 10
13.951284132787043
 20
7.650324980967094
 30
0.0
 40
0.05
  0
CIRCLE
  5
364
330
17
100
AcDbEntity
  8
Ptos_reactivos
100
AcDbCircle
 10
7.6579059485388985
 20
2.458408986315047
 30
0.0
 40
0.05
  0
CIRCLE
  5
365
330
17
100
AcDbEntity
  8
Ptos_reactivos
100
AcDbCircle
 10
51.41142900191847
 20
71.51934376949349
 30
0.0
 40
0.05
  0
CIRCLE
  5
366
330
17
100
AcDbEntity
  8
Ptos_reactivos
100
AcDbCircle
 10
34.74201186435989
 20
74.79813304268514
 30
0.0
 40
0.05
  0
CIRCLE
  5
367
330
17
100
AcDbEntity
  8
Ptos_reactivos
100
AcDbCircle
 10
66.53256709366491
 20
39.15369968278663
 30
0.0
 40
0.05
  0
CIRCLE
  5
368
330
17
100
AcDbEntity
  8
Ptos_reactivos
100
AcDbCircle
 10
27.52827707090921
 20
21.918428529297135
 30
0.0
 40
0.05
  0
CIRCLE
  5
369
330
17
100
AcDbEntity
  8
Ptos_reactivos
100
AcDbCircle
 10
63.62649579040748
 20
43.83894591176451
 30
0.0
 40
0.05
  0
CIRCLE
  5
36A
330
17
100
AcDbEntity
  8
Ptos_reactivos
100
AcDbCircle
 10
36.65143405554014
 20
74.36370307753673
 30
0.0
 40
0.05
  0
CIRCLE
  5
36B
330
17
100
AcDbEntity
  8
Ptos_reactivos
100
AcDbCircle
 10
44.63440242794029
 20
39.12326884247058
 30
0.0
 40
0.05
  0
CIRCLE
  5
36C
330
17
100
AcDbEntity
  8
Ptos_reactivos
100
AcDbCircle
 10
4.273663878765809
 20
67.20172398496554
 30
0.0
 40
0.05
  0
CIRCLE
  5
36D
330
17
100
AcDbEntity
  8
Ptos_reactivos
100
AcDbCircle
 10
58.82532806412325
 20
0.8033224945355744
 30
0.0
 40
0.05
  0
CIRCLE
  5
36E
330
17
100
AcDbEntity
  8
Ptos_reactivos
100
AcDbCircle
 10
70.47710820577707
 20
48.30603040653443
 30
0.0
 40
0.05
  0
CIRCLE
  5
36F
330
17
100
AcDbEntity
  8
Ptos_reactivos
100
AcDbCircle
 10
43.29050554608971
 20
52.81079712036622
 30
0.0
 40
0.05
  0
CIRCLE
  5
370
330
17
100
AcDbEntity
  8
Ptos_reactivos
100
AcDbCircle
 10
40.39410130114696
 20
70.36944949423037
 30
0.0
 40
0.05
  0
CIRCLE
  5
371
330
17
100
AcDbEntity
  8
Ptos_reactivos
100
AcDbCircle
 10
8.516386599073122
 20
3.2252980140231617
 30
0.0
 40
0.05
  0
CIRCLE
  5
372
330
17
100
AcDbEntity
  8
Ptos_reactivos
100
AcDbCircle
 10
0.6718047107986541
 20
34.32333395357141
 30
0.0
 40
0.05
  0
CIRCLE
  5
373
330
17
100
AcDbEntity
  8
Ptos_reactivos
100
AcDbCircle
 10
15.383820323421906
 20
64.9814855842734
 30
0.0
 40
0.05
  0
CIRCLE
  5
374
330
17
100
AcDbEntity
  8
Ptos_reactivos
100
AcDbCircle
 10
47.19678176466195
 20
63.57333670604182
 30
0.0
 40
0.05
  0
CIRCLE
  5
375
330
17
100
AcDbEntity
  8
Ptos_reactivos
100
AcDbCircle
 10
3.5268177431857923
 20
40.939880143241176
 30
0.0
 40
0.05
  0
CIRCLE
  5
376
330
17
100
AcDbEntity
  8
Ptos_reactivos
100
AcDbCircle
 10
41.98305934072332
 20
73.35997310544568
 30
0.0
 40
0.05
  0
CIRCLE
  5
377
330
17
100
AcDbEntity
  8
Ptos_reactivos
100
AcDbCircle
 10
24.116702256713353
 20
8.689594080725874
 30
0.0
 40
0.05
  0
CIRCLE
  5
378
330
17
100
AcDbEntity
  8
Ptos_reactivos
100
AcDbCircle
 10
7.444055482337481
 20
67.95043754124232
 30
0.0
 40
0.05
  0
CIRCLE
  5
379
330
17
100
AcDbEntity
  8
Ptos_reactivos
100
AcDbCircle
 10
55.47519695718255
 20
47.1530458093565
 30
0.0
 40
0.05
  0
CIRCLE
  5
37A
330
17
100
AcDbEntity
  8
Ptos_reactivos
100
AcDbCircle
 10
5.887270958285323
 20
14.676870326645307
 30
0.0
 40
0.05
  0
CIRCLE
  5
37B
330
17
100
AcDbEntity
  8
Ptos_reactivos
100
AcDbCircle
 10
73.36193481120144
 20
31.472382836715855
 30
0.0
 40
0.05
  0
CIRCLE
  5
37C
330
17
100
AcDbEntity
  8
Ptos_reactivos
100
AcDbCircle
 10
53.635967067438955
 20
52.16335884321114
 30
0.0
 40
0.05
  0
CIRCLE
  5
37D
330
17
100
AcDbEntity
  8
Ptos_reactivos
100
AcDbCircle
 10
66.36230175899259
 20
18.525630778471005
 30
0.0
 40
0.05
  0
CIRCLE
  5
37E
330
17
100
AcDbEntity
  8
Ptos_reactivos
100
AcDbCircle
 10
48.70266088056043
 20
41.4749490322344
 30
0.0
 40
0.05
  0
CIRCLE
  5
37F
330
17
100
AcDbEntity
  8
Ptos_reactivos
100
AcDbCircle
 10
65.83396139799783
 20
67.44445071064266
 30
0.0
 40
0.05
  0
CIRCLE
  5
380
330
17
100
AcDbEntity
  8
Ptos_reactivos
100
AcDbCircle
 10
0.6726269800846146
 20
69.77064159361147
 30
0.0
 40
0.05
  0
CIRCLE
  5
381
330
17
100
AcDbEntity
  8
Ptos_reactivos
100
AcDbCircle
 10
46.97588633174375
 20
69.25080662522751
 30
0.0
 40
0.05
  0
CIRCLE
  5
382
330
17
100
AcDbEntity
  8
Ptos_reactivos
100
AcDbCircle
 10
2.2866267229848134
 20
42.76764714994085
 30
0.0
 40
0.05
  0
CIRCLE
  5
383
330
17
100
AcDbEntity
  8
Ptos_reactivos
100
AcDbCircle
 10
58.39294094834089
 20
10.139296447016601
 30
0.0
 40
0.05
  0
CIRCLE
  5
384
330
17
100
AcDbEntity
  8
Ptos_reactivos
100
AcDbCircle
 10
71.88708265233073
 20
37.55121512567443
 30
0.0
 40
0.05
  0
CIRCLE
  5
385
330
17
100
AcDbEntity
  8
Ptos_reactivos
100
AcDbCircle
 10
67.76655834157549
 20
34.487752779214624
 30
0.0
 40
0.05
  0
CIRCLE
  5
386
330
17
100
AcDbEntity
  8
Ptos_reactivos
100
AcDbCircle
 10
67.81999430490364
 20
63.695915463315295
 30
0.0
 40
0.05
  0
CIRCLE
  5
387
330
17
100
AcDbEntity
  8
Ptos_reactivos
100
AcDbCircle
 10
53.69434045245935
 20
70.75805307187791
 30
0.0
 40
0.05
  0
CIRCLE
  5
388
330
17
100
AcDbEntity
  8
Ptos_reactivos
100
AcDbCircle
 10
30.36669281991175
 20
36.97248703101056
 30
0.0
 40
0.05
  0
CIRCLE
  5
389
330
17
100
AcDbEntity
  8
Ptos_reactivos
100
AcDbCircle
 10
74.26110835551225
 20
44.91155354178916
 30
0.0
 40
0.05
  0
CIRCLE
  5
38A
330
17
100
AcDbEntity
  8
Ptos_reactivos
100
AcDbCircle
 10
3.9474582763528443
 20
3.8776900438941526
 30
0.0
 40
0.05
  0
CIRCLE
  5
38B
330
17
100
AcDbEntity
  8
Ptos_reactivos
100
AcDbCircle
 10
17.318467275890416
 20
67.11756034486758
 30
0.0
 40
0.05
  0
CIRCLE
  5
38C
330
17
100
AcDbEntity
  8
Ptos_reactivos
100
AcDbCircle
 10
24.640958042789226
 20
65.2708275293561
 30
0.0
 40
0.05
  0
CIRCLE
  5
38D
330
17
100
AcDbEntity
  8
Ptos_reactivos
100
AcDbCircle
 10
11.931979434239478
 20
73.08834431376314
 30
0.0
 40
0.05
  0
CIRCLE
  5
38E
330
17
100
AcDbEntity
  8
Ptos_reactivos
100
AcDbCircle
 10
72.18854520004952
 20
40.19336225398987
 30
0.0
 40
0.05
  0
CIRCLE
  5
38F
330
17
100
AcDbEntity
  8
Ptos_reactivos
100
AcDbCircle
 10
3.665104980619527
 20
12.670918532267716
 30
0.0
 40
0.05
  0
CIRCLE
  5
390
330
17
100
AcDbEntity
  8
Ptos_reactivos
100
AcDbCircle
 10
44.39042769606349
 20
67.4543104989535
 30
0.0
 40
0.05
  0
CIRCLE
  5
391
330
17
100
AcDbEntity
  8
Ptos_reactivos
100
AcDbCircle
 10
4.6957793308105344
 20
46.49681318715706
 30
0.0
 40
0.05
  0
CIRCLE
  5
392
330
17
100
AcDbEntity
  8
Ptos_reactivos
100
AcDbCircle
 10
34.61415443708971
 20
30.432964669692286
 30
0.0
 40
0.05
  0
CIRCLE
  5
393
330
17
100
AcDbEntity
  8
Ptos_reactivos
100
AcDbCircle
 10
21.028827639987206
 20
41.07104355857601
 30
0.0
 40
0.05
  0
CIRCLE
  5
394
330
17
100
AcDbEntity
  8
Ptos_reactivos
100
AcDbCircle
 10
19.896464097713906
 20
51.74564531842848
 30
0.0
 40
0.05
  0
CIRCLE
  5
395
330
17
100
AcDbEntity
  8
Ptos_reactivos
100
AcDbCircle
 10
20.47481053157994
 20
26.29340104607841
 30
0.0
 40
0.05
  0
CIRCLE
  5
396
330
17
100
AcDbEntity
  8
Ptos_reactivos
100
AcDbCircle
 10
73.02066949231026
 20
61.479269781590695
 30
0.0
 40
0.05
  0
CIRCLE
  5
397
330
17
100
AcDbEntity
  8
Ptos_reactivos
100
AcDbCircle
 10
30.143351870727493
 20
13.337234159921262
 30
0.0
 40
0.05
  0
CIRCLE
  5
398
330
17
100
AcDbEntity
  8
Ptos_reactivos
100
AcDbCircle
 10
44.35344105112503
 20
47.30900339213872
 30
0.0
 40
0.05
  0
CIRCLE
  5
399
330
17
100
AcDbEntity
  8
Ptos_reactivos
100
AcDbCircle
 10
44.75187469580927
 20
71.24376051181177
 30
0.0
 40
0.05
  0
CIRCLE
  5
39A
330
17
100
AcDbEntity
  8
Ptos_reactivos
100
AcDbCircle
 10
24.298521242776467
 20
17.948242337619945
 30
0.0
 40
0.05
  0
CIRCLE
  5
39B
330
17
100
AcDbEntity
  8
Ptos_reactivos
100
AcDbCircle
 10
54.96446651140576
 20
41.43000285882434
 30
0.0
 40
0.05
  0
CIRCLE
  5
39C
330
17
100
AcDbEntity
  8
Ptos_reactivos
100
AcDbCircle
 10
54.762694816015134
 20
74.54801206743535
 30
0.0
 40
0.05
  0
CIRCLE
  5
39D
330
17
100
AcDbEntity
  8
Ptos_reactivos
100
AcDbCircle
 10
34.75960862797412
 20
27.717169861316528
 30
0.0
 40
0.05
  0
CIRCLE
  5
39E
330
17
100
AcDbEntity
  8
Ptos_reactivos
100
AcDbCircle
 10
70.36306023093833
 20
70.06397678613187
 30
0.0
 40
0.05
  0
CIRCLE
  5
39F
330
17
100
AcDbEntity
  8
Ptos_reactivos
100
AcDbCircle
 10
25.982823207080436
 20
67.23851003366642
 30
0.0
 40
0.05
  0
CIRCLE
  5
3A0
330
17
100
AcDbEntity
  8
Ptos_reactivos
100
AcDbCircle
 10
57.04370438422578
 20
32.418934885260065
 30
0.0
 40
0.05
  0
CIRCLE
  5
3A1
330
17
100
AcDbEntity
  8
Ptos_reactivos
100
AcDbCircle
 10
64.77838999540069
 20
2.7591224378479664
 30
0.0
 40
0.05
  0
CIRCLE
  5
3A2
330
17
100
AcDbEntity
  8
Ptos_reactivos
100
AcDbCircle
 10
71.90499822748893
 20
39.09845837768065
 30
0.0
 40
0.05
  0
CIRCLE
  5
3A3
330
17
100
AcDbEntity
  8
Ptos_reactivos
100
AcDbCircle
 10
68.50153648491451
 20
51.172533284049436
 30
0.0
 40
0.05
  0
CIRCLE
  5
3A4
330
17
100
AcDbEntity
  8
Ptos_reactivos
100
AcDbCircle
 10
9.679912712108019
 20
68.90400251336587
 30
0.0
 40
0.05
  0
CIRCLE
  5
3A5
330
17
100
AcDbEntity
  8
Ptos_reactivos
100
AcDbCircle
 10
11.773944746845086
 20
25.543953162769675
 30
0.0
 40
0.05
  0
CIRCLE
  5
3A6
330
17
100
AcDbEntity
  8
Ptos_reactivos
100
AcDbCircle
 10
56.11014796426715
 20
6.038624152060549
 30
0.0
 40
0.05
  0
CIRCLE
  5
3A7
330
17
100
AcDbEntity
  8
Ptos_reactivos
100
AcDbCircle
 10
1.4188981344004565
 20
19.48842872186285
 30
0.0
 40
0.05
  0
CIRCLE
  5
3A8
330
17
100
AcDbEntity
  8
Ptos_reactivos
100
AcDbCircle
 10
44.64807574381672
 20
4.164202213967771
 30
0.0
 40
0.05
  0
CIRCLE
  5
3A9
330
17
100
AcDbEntity
  8
Ptos_reactivos
100
AcDbCircle
 10
6.2576900120167895
 20
17.43284274753012
 30
0.0
 40
0.05
  0
CIRCLE
  5
3AA
330
17
100
AcDbEntity
  8
Ptos_reactivos
100
AcDbCircle
 10
45.51961227625868
 20
67.13226007758351
 30
0.0
 40
0.05
  0
CIRCLE
  5
3AB
330
17
100
AcDbEntity
  8
Ptos_reactivos
100
AcDbCircle
 10
29.718961196192335
 20
71.99494612183018
 30
0.0
 40
0.05
  0
CIRCLE
  5
3AC
330
17
100
AcDbEntity
  8
Ptos_reactivos
100
AcDbCircle
 10
38.74049567022673
 20
61.21469499045565
 30
0.0
 40
0.05
  0
CIRCLE
  5
3AD
330
17
100
AcDbEntity
  8
Ptos_reactivos
100
AcDbCircle
 10
50.71829627868865
 20
5.2274162952847645
 30
0.0
 40
0.05
  0
CIRCLE
  5
3AE
330
17
100
AcDbEntity
  8
Ptos_reactivos
100
AcDbCircle
 10
25.42190953938976
 20
54.405720813386
 30
0.0
 40
0.05
  0
CIRCLE
  5
3AF
330
17
100
AcDbEntity
  8
Ptos_reactivos
100
AcDbCircle
 10
37.95007925693097
 20
10.964106460438217
 30
0.0
 40
0.05
  0
CIRCLE
  5
3B0
330
17
100
AcDbEntity
  8
Ptos_reactivos
100
AcDbCircle
 10
42.32110700973128
 20
51.16672853905392
 30
0.0
 40
0.05
  0
CIRCLE
  5
3B1
330
17
100
AcDbEntity
  8
Ptos_reactivos
100
AcDbCircle
 10
60.64717470566876
 20
59.7133135956364
 30
0.0
 40
0.05
  0
CIRCLE
  5
3B2
330
17
100
AcDbEntity
  8
Ptos_reactivos
100
AcDbCircle
 10
16.990031721322122
 20
74.94085617163721
 30
0.0
 40
0.05
  0
CIRCLE
  5
3B3
330
17
100
AcDbEntity
  8
Ptos_reactivos
100
AcDbCircle
 10
44.04228326920338
 20
48.29450025647335
 30
0.0
 40
0.05
  0
CIRCLE
  5
3B4
330
17
100
AcDbEntity
  8
Ptos_reactivos
100
AcDbCircle
 10
57.71698968537683
 20
57.994255129729645
 30
0.0
 40
0.05
  0
CIRCLE
  5
3B5
330
17
100
AcDbEntity
  8
Ptos_reactivos
100
AcDbCircle
 10
28.819541544001034
 20
1.0412405541453702
 30
0.0
 40
0.05
  0
CIRCLE
  5
3B6
330
17
100
AcDbEntity
  8
Ptos_reactivos
100
AcDbCircle
 10
54.36707656494425
 20
20.55864883668853
 30
0.0
 40
0.05
  0
CIRCLE
  5
3B7
330
17
100
AcDbEntity
  8
Ptos_reactivos
100
AcDbCircle
 10
68.88835045785721
 20
57.50243024045528
 30
0.0
 40
0.05
  0
CIRCLE
  5
3B8
330
17
100
AcDbEntity
  8
Ptos_reactivos
100
AcDbCircle
 10
46.78735941388389
 20
35.578554468480185
 30
0.0
 40
0.05
  0
CIRCLE
  5
3B9
330
17
100
AcDbEntity
  8
Ptos_reactivos
100
AcDbCircle
 10
0.4213159814756867
 20
68.44478880624402
 30
0.0
 40
0.05
  0
CIRCLE
  5
3BA
330
17
100
AcDbEntity
  8
Ptos_reactivos
100
AcDbCircle
 10
28.34215414887488
 20
42.86348730620505
 30
0.0
 40
0.05
  0
CIRCLE
  5
3BB
330
17
100
AcDbEntity
  8
Ptos_reactivos
100
AcDbCircle
 10
29.932305472724547
 20
8.707387222860072
 30
0.0
 40
0.05
  0
CIRCLE
  5
3BC
330
17
100
AcDbEntity
  8
Ptos_reactivos
100
AcDbCircle
 10
30.31405586595786
 20
7.548327135948677
 30
0.0
 40
0.05
  0
CIRCLE
  5
3BD
330
17
100
AcDbEntity
  8
Ptos_reactivos
100
AcDbCircle
 10
39.799674550899525
 20
4.296031111335575
 30
0.0
 40
0.05
  0
CIRCLE
  5
3BE
330
17
100
AcDbEntity
  8
Ptos_reactivos
100
AcDbCircle
 10
52.75151234650063
 20
15.407773916480307
 30
0.0
 40
0.05
  0
CIRCLE
  5
3BF
330
17
100
AcDbEntity
  8
Ptos_reactivos
100
AcDbCircle
 10
12.835769711055702
 20
55.13449879047559
 30
0.0
 40
0.05
  0
CIRCLE
  5
3C0
330
17
100
AcDbEntity
  8
Ptos_reactivos
100
AcDbCircle
 10
70.54836935757568
 20
49.0966822235576
 30
0.0
 40
0.05
  0
CIRCLE
  5
3C1
330
17
100
AcDbEntity
  8
Ptos_reactivos
100
AcDbCircle
 10
35.3576035800448
 20
14.166927025798154
 30
0.0
 40
0.05
  0
CIRCLE
  5
3C2
330
17
100
AcDbEntity
  8
Ptos_reactivos
100
AcDbCircle
 10
47.78735630596761
 20
8.976315472217625
 30
0.0
 40
0.05
  0
CIRCLE
  5
3C3
330
17
100
AcDbEntity
  8
Ptos_reactivos
100
AcDbCircle
 10
16.14115822372266
 20
4.807300627787406
 30
0.0
 40
0.05
  0
CIRCLE
  5
3C4
330
17
100
AcDbEntity
  8
Ptos_reactivos
100
AcDbCircle
 10
51.43111407897564
 20
47.053692961927474
 30
0.0
 40
0.05
  0
CIRCLE
  5
3C5
330
17
100
AcDbEntity
  8
Ptos_reactivos
100
AcDbCircle
 10
21.898975322363896
 20
64.89741923945745
 30
0.0
 40
0.05
  0
CIRCLE
  5
3C6
330
17
100
AcDbEntity
  8
Ptos_reactivos
100
AcDbCircle
 10
8.130107943909332
 20
45.92859999761013
 30
0.0
 40
0.05
  0
CIRCLE
  5
3C7
330
17
100
AcDbEntity
  8
Ptos_reactivos
100
AcDbCircle
 10
66.49268602823409
 20
8.876840037149819
 30
0.0
 40
0.05
  0
CIRCLE
  5
3C8
330
17
100
AcDbEntity
  8
Ptos_reactivos
100
AcDbCircle
 10
36.326815302146606
 20
19.628790940121796
 30
0.0
 40
0.05
  0
CIRCLE
  5
3C9
330
17
100
AcDbEntity
  8
Ptos_reactivos
100
AcDbCircle
 10
13.710413614694017
 20
52.790588057091355
 30
0.0
 40
0.05
  0
CIRCLE
  5
3CA
330
17
100
AcDbEntity
  8
Ptos_reactivos
100
AcDbCircle
 10
33.656051176607974
 20
41.61274708023107
 30
0.0
 40
0.05
  0
CIRCLE
  5
3CB
330
17
100
AcDbEntity
  8
Ptos_reactivos
100
AcDbCircle
 10
45.4257789972607
 20
50.7745704345533
 30
0.0
 40
0.05
  0
CIRCLE
  5
3CC
330
17
100
AcDbEntity
  8
Ptos_reactivos
100
AcDbCircle
 10
47.137668074070156
 20
36.260255331411635
 30
0.0
 40
0.05
  0
CIRCLE
  5
3CD
330
17
100
AcDbEntity
  8
Ptos_reactivos
100
AcDbCircle
 10
11.902478647351597
 20
66.48989129122646
 30
0.0
 40
0.05
  0
CIRCLE
  5
3CE
330
17
100
AcDbEntity
  8
Ptos_reactivos
100
AcDbCircle
 10
21.59551165810463
 20
70.9906332543828
 30
0.0
 40
0.05
  0
CIRCLE
  5
3CF
330
17
100
AcDbEntity
  8
Ptos_reactivos
100
AcDbCircle
 10
11.3264803242478
 20
52.40077439011218
 30
0.0
 40
0.05
  0
CIRCLE
  5
3D0
330
17
100
AcDbEntity
  8
Ptos_reactivos
100
AcDbCircle
 10
9.84177483195984
 20
43.5502929389194
 30
0.0
 40
0.05
  0
CIRCLE
  5
3D1
330
17
100
AcDbEntity
  8
Ptos_reactivos
100
AcDbCircle
 10
13.042899783633194
 20
63.76495755630703
 30
0.0
 40
0.05
  0
CIRCLE
  5
3D2
330
17
100
AcDbEntity
  8
Ptos_reactivos
100
AcDbCircle
 10
67.49765112391887
 20
8.425293147797284
 30
0.0
 40
0.05
  0
CIRCLE
  5
3D3
330
17
100
AcDbEntity
  8
Ptos_reactivos
100
AcDbCircle
 10
57.50492360353212
 20
62.7371815996069
 30
0.0
 40
0.05
  0
CIRCLE
  5
3D4
330
17
100
AcDbEntity
  8
Ptos_reactivos
100
AcDbCircle
 10
73.42695744558065
 20
67.41386459552368
 30
0.0
 40
0.05
  0
CIRCLE
  5
3D5
330
17
100
AcDbEntity
  8
Ptos_reactivos
100
AcDbCircle
 10
20.947541314531154
 20
13.083670266281697
 30
0.0
 40
0.05
  0
CIRCLE
  5
3D6
330
17
100
AcDbEntity
  8
Ptos_reactivos
100
AcDbCircle
 10
50.406016516399454
 20
36.83231281005027
 30
0.0
 40
0.05
  0
CIRCLE
  5
3D7
330
17
100
AcDbEntity
  8
Ptos_reactivos
100
AcDbCircle
 10
44.13978678853639
 20
73.33816820867929
 30
0.0
 40
0.05
  0
CIRCLE
  5
3D8
330
17
100
AcDbEntity
  8
Ptos_reactivos
100
AcDbCircle
 10
48.458085777523834
 20
59.21253233838103
 30
0.0
 40
0.05
  0
CIRCLE
  5
3D9
330
17
100
AcDbEntity
  8
Ptos_reactivos
100
AcDbCircle
 10
35.94253145016978
 20
29.811934450692263
 30
0.0
 40
0.05
  0
CIRCLE
  5
3DA
330
17
100
AcDbEntity
  8
Ptos_reactivos
100
AcDbCircle
 10
53.65743481855265
 20
67.60289093888728
 30
0.0
 40
0.05
  0
CIRCLE
  5
3DB
330
17
100
AcDbEntity
  8
Ptos_reactivos
100
AcDbCircle
 10
25.579249805394703
 20
19.6167428431966
 30
0.0
 40
0.05
  0
CIRCLE
  5
3DC
330
17
100
AcDbEntity
  8
Ptos_reactivos
100
AcDbCircle
 10
42.69400092686797
 20
44.73760408607281
 30
0.0
 40
0.05
  0
CIRCLE
  5
3DD
330
17
100
AcDbEntity
  8
Ptos_reactivos
100
AcDbCircle
 10
4.488629382585333
 20
48.11930872830452
 30
0.0
 40
0.05
  0
CIRCLE
  5
3DE
330
17
100
AcDbEntity
  8
Ptos_reactivos
100
AcDbCircle
 10
33.54490203973706
 20
33.116564153137645
 30
0.0
 40
0.05
  0
CIRCLE
  5
3DF
330
17
100
AcDbEntity
  8
Ptos_reactivos
100
AcDbCircle
 10
60.474024068777666
 20
55.05950781835624
 30
0.0
 40
0.05
  0
CIRCLE
  5
3E0
330
17
100
AcDbEntity
  8
Ptos_reactivos
100
AcDbCircle
 10
54.891698722999976
 20
51.165480991530224
 30
0.0
 40
0.05
  0
CIRCLE
  5
3E1
330
17
100
AcDbEntity
  8
Ptos_reactivos
100
AcDbCircle
 10
2.277657188657481
 20
4.882297848320475
 30
0.0
 40
0.05
  0
CIRCLE
  5
3E2
330
17
100
AcDbEntity
  8
Ptos_reactivos
100
AcDbCircle
 10
11.815557272328247
 20
33.38119103527407
 30
0.0
 40
0.05
  0
CIRCLE
  5
3E3
330
17
100
AcDbEntity
  8
Ptos_reactivos
100
AcDbCircle
 10
20.13945474943837
 20
20.313228795188735
 30
0.0
 40
0.05
  0
CIRCLE
  5
3E4
330
17
100
AcDbEntity
  8
Ptos_reactivos
100
AcDbCircle
 10
53.99655050316167
 20
2.44597850609225
 30
0.0
 40
0.05
  0
CIRCLE
  5
3E5
330
17
100
AcDbEntity
  8
Ptos_reactivos
100
AcDbCircle
 10
1.7998795847150668
 20
42.3703128312588
 30
0.0
 40
0.05
  0
CIRCLE
  5
3E6
330
17
100
AcDbEntity
  8
Ptos_reactivos
100
AcDbCircle
 10
49.482533722155395
 20
5.193670377566473
 30
0.0
 40
0.05
  0
CIRCLE
  5
3E7
330
17
100
AcDbEntity
  8
Ptos_reactivos
100
AcDbCircle
 10
48.04014465536728
 20
63.618868560537734
 30
0.0
 40
0.05
  0
CIRCLE
  5
3E8
330
17
100
AcDbEntity
  8
Ptos_reactivos
100
AcDbCircle
 10
70.54549088743863
 20
39.119697377405885
 30
0.0
 40
0.05
  0
CIRCLE
  5
3E9
330
17
100
AcDbEntity
  8
Ptos_reactivos
100
AcDbCircle
 10
2.010189980562918
 20
25.8831362362466
 30
0.0
 40
0.05
  0
CIRCLE
  5
3EA
330
17
100
AcDbEntity
  8
Ptos_reactivos
100
AcDbCircle
 10
74.32776613252817
 20
16.88189015890365
 30
0.0
 40
0.05
  0
CIRCLE
  5
3EB
330
17
100
AcDbEntity
  8
Ptos_reactivos
100
AcDbCircle
 10
47.882261142387115
 20
56.36602838710143
 30
0.0
 40
0.05
  0
CIRCLE
  5
3EC
330
17
100
AcDbEntity
  8
Ptos_reactivos
100
AcDbCircle
 10
13.07596311706506
 20
48.27090875364929
 30
0.0
 40
0.05
  0
CIRCLE
  5
3ED
330
17
100
AcDbEntity
  8
Ptos_reactivos
100
AcDbCircle
 10
29.164391945513042
 20
28.380358462458922
 30
0.0
 40
0.05
  0
CIRCLE
  5
3EE
330
17
100
AcDbEntity
  8
Ptos_reactivos
100
AcDbCircle
 10
22.031125951945302
 20
29.447919419438925
 30
0.0
 40
0.05
  0
CIRCLE
  5
3EF
330
17
100
AcDbEntity
  8
Ptos_reactivos
100
AcDbCircle
 10
10.430911493095568
 20
4.046127884539985
 30
0.0
 40
0.05
  0
CIRCLE
  5
3F0
330
17
100
AcDbEntity
  8
Ptos_reactivos
100
AcDbCircle
 10
3.2307548347210058
 20
25.43022038064113
 30
0.0
 40
0.05
  0
CIRCLE
  5
3F1
330
17
100
AcDbEntity
  8
Ptos_reactivos
100
AcDbCircle
 10
31.574885450823
 20
5.08094244426327
 30
0.0
 40
0.05
  0
CIRCLE
  5
3F2
330
17
100
AcDbEntity
  8
Ptos_reactivos
100
AcDbCircle
 10
42.17203285901742
 20
37.616464445091395
 30
0.0
 40
0.05
  0
CIRCLE
  5
3F3
330
17
100
AcDbEntity
  8
Ptos_reactivos
100
AcDbCircle
 10
7.66102503550459
 20
70.34703399952916
 30
0.0
 40
0.05
  0
CIRCLE
  5
3F4
330
17
100
AcDbEntity
  8
Ptos_reactivos
100
AcDbCircle
 10
44.13034960498394
 20
61.655360686246915
 30
0.0
 40
0.05
  0
CIRCLE
  5
3F5
330
17
100
AcDbEntity
  8
Ptos_reactivos
100
AcDbCircle
 10
55.610455831899635
 20
1.701879319861452
 30
0.0
 40
0.05
  0
CIRCLE
  5
3F6
330
17
100
AcDbEntity
  8
Ptos_reactivos
100
AcDbCircle
 10
43.96075904703377
 20
16.937331602658336
 30
0.0
 40
0.05
  0
CIRCLE
  5
3F7
330
17
100
AcDbEntity
  8
Ptos_reactivos
100
AcDbCircle
 10
63.527555349373
 20
48.43948957977639
 30
0.0
 40
0.05
  0
CIRCLE
  5
3F8
330
17
100
AcDbEntity
  8
Ptos_reactivos
100
AcDbCircle
 10
35.48350408419759
 20
49.262863223183764
 30
0.0
 40
0.05
  0
CIRCLE
  5
3F9
330
17
100
AcDbEntity
  8
Ptos_reactivos
100
AcDbCircle
 10
43.099651833173695
 20
16.336095431469367
 30
0.0
 40
0.05
  0
CIRCLE
  5
3FA
330
17
100
AcDbEntity
  8
Ptos_reactivos
100
AcDbCircle
 10
43.51445227324281
 20
37.440431781661665
 30
0.0
 40
0.05
  0
CIRCLE
  5
3FB
330
17
100
AcDbEntity
  8
Ptos_reactivos
100
AcDbCircle
 10
26.516962466651155
 20
21.3763183717977
 30
0.0
 40
0.05
  0
CIRCLE
  5
3FC
330
17
100
AcDbEntity
  8
Ptos_reactivos
100
AcDbCircle
 10
23.431204973430294
 20
35.99635917631316
 30
0.0
 40
0.05
  0
CIRCLE
  5
3FD
330
17
100
AcDbEntity
  8
Ptos_reactivos
100
AcDbCircle
 10
52.00382831949564
 20
71.85021119701008
 30
0.0
 40
0.05
  0
CIRCLE
  5
3FE
330
17
100
AcDbEntity
  8
Ptos_reactivos
100
AcDbCircle
 10
12.37896704982644
 20
50.25342643593041
 30
0.0
 40
0.05
  0
CIRCLE
  5
3FF
330
17
100
AcDbEntity
  8
Ptos_reactivos
100
AcDbCircle
 10
4.577810745772568
 20
53.728896956595314
 30
0.0
 40
0.05
  0
CIRCLE
  5
400
330
17
100
AcDbEntity
  8
Ptos_reactivos
100
AcDbCircle
 10
71.86760469911381
 20
14.689850914591796
 30
0.0
 40
0.05
  0
CIRCLE
  5
401
330
17
100
AcDbEntity
  8
Ptos_reactivos
100
AcDbCircle
 10
21.547391543069313
 20
31.560518858282162
 30
0.0
 40
0.05
  0
CIRCLE
  5
402
330
17
100
AcDbEntity
  8
Ptos_reactivos
100
AcDbCircle
 10
28.686648070760036
 20
15.07986569019774
 30
0.0
 40
0.05
  0
CIRCLE
  5
403
330
17
100
AcDbEntity
  8
Ptos_reactivos
100
AcDbCircle
 10
36.274382447067744
 20
64.09865140533441
 30
0.0
 40
0.05
  0
CIRCLE
  5
404
330
17
100
AcDbEntity
  8
Ptos_reactivos
100
AcDbCircle
 10
21.26993568620658
 20
74.7658955810916
 30
0.0
 40
0.05
  0
CIRCLE
  5
405
330
17
100
AcDbEntity
  8
Ptos_reactivos
100
AcDbCircle
 10
16.656345922204594
 20
26.904501524244544
 30
0.0
 40
0.05
  0
CIRCLE
  5
406
330
17
100
AcDbEntity
  8
Ptos_reactivos
100
AcDbCircle
 10
1.3031633897639368
 20
37.8929209080875
 30
0.0
 40
0.05
  0
CIRCLE
  5
407
330
17
100
AcDbEntity
  8
Ptos_reactivos
100
AcDbCircle
 10
31.422915957629336
 20
19.871440989413326
 30
0.0
 40
0.05
  0
CIRCLE
  5
408
330
17
100
AcDbEntity
  8
Ptos_reactivos
100
AcDbCircle
 10
1.3030255314115529
 20
40.5757532892206
 30
0.0
 40
0.05
  0
CIRCLE
  5
409
330
17
100
AcDbEntity
  8
Ptos_reactivos
100
AcDbCircle
 10
32.8991903996838
 20
55.05455772404252
 30
0.0
 40
0.05
  0
CIRCLE
  5
40A
330
17
100
AcDbEntity
  8
Ptos_reactivos
100
AcDbCircle
 10
65.6960911111034
 20
35.71817960322807
 30
0.0
 40
0.05
  0
CIRCLE
  5
40B
330
17
100
AcDbEntity
  8
Ptos_reactivos
100
AcDbCircle
 10
73.9096232941234
 20
37.53873284572986
 30
0.0
 40
0.05
  0
CIRCLE
  5
40C
330
17
100
AcDbEntity
  8
Ptos_reactivos
100
AcDbCircle
 10
3.5857314032930603
 20
28.141169492684277
 30
0.0
 40
0.05
  0
CIRCLE
  5
40D
330
17
100
AcDbEntity
  8
Ptos_reactivos
100
AcDbCircle
 10
60.22473719404088
 20
46.554250700033926
 30
0.0
 40
0.05
  0
CIRCLE
  5
40E
330
17
100
AcDbEntity
  8
Ptos_reactivos
100
AcDbCircle
 10
40.51821428538555
 20
30.84163509047732
 30
0.0
 40
0.05
  0
CIRCLE
  5
40F
330
17
100
AcDbEntity
  8
Ptos_reactivos
100
AcDbCircle
 10
37.59092009081598
 20
51.84104517052357
 30
0.0
 40
0.05
  0
CIRCLE
  5
410
330
17
100
AcDbEntity
  8
Ptos_reactivos
100
AcDbCircle
 10
60.86324924533036
 20
7.439332405314147
 30
0.0
 40
0.05
  0
CIRCLE
  5
411
330
17
100
AcDbEntity
  8
Ptos_reactivos
100
AcDbCircle
 10
1.1559352199277146
 20
50.10762122763109
 30
0.0
 40
0.05
  0
CIRCLE
  5
412
330
17
100
AcDbEntity
  8
Ptos_reactivos
100
AcDbCircle
 10
17.85406937968804
 20
6.979335355183339
 30
0.0
 40
0.05
  0
CIRCLE
  5
413
330
17
100
AcDbEntity
  8
Ptos_reactivos
100
AcDbCircle
 10
50.059440536746806
 20
41.01482848007882
 30
0.0
 40
0.05
  0
CIRCLE
  5
414
330
17
100
AcDbEntity
  8
Ptos_reactivos
100
AcDbCircle
 10
71.29596826718907
 20
27.67165087895774
 30
0.0
 40
0.05
  0
CIRCLE
  5
415
330
17
100
AcDbEntity
  8
Ptos_reactivos
100
AcDbCircle
 10
39.28617162042903
 20
49.468461728010915
 30
0.0
 40
0.05
  0
CIRCLE
  5
416
330
17
100
AcDbEntity
  8
Ptos_reactivos
100
AcDbCircle
 10
56.48134678323559
 20
50.224525330293616
 30
0.0
 40
0.05
  0
CIRCLE
  5
417
330
17
100
AcDbEntity
  8
Ptos_reactivos
100
AcDbCircle
 10
22.892033923254488
 20
46.9055666972967
 30
0.0
 40
0.05
  0
CIRCLE
  5
418
330
17
100
AcDbEntity
  8
Ptos_reactivos
100
AcDbCircle
 10
17.790375609870487
 20
53.988201442459705
 30
0.0
 40
0.05
  0
CIRCLE
  5
419
330
17
100
AcDbEntity
  8
Ptos_reactivos
100
AcDbCircle
 10
64.1858390182985
 20
54.24757485473076
 30
0.0
 40
0.05
  0
CIRCLE
  5
41A
330
17
100
AcDbEntity
  8
Ptos_reactivos
100
AcDbCircle
 10
34.43962338596567
 20
23.671587965883177
 30
0.0
 40
0.05
  0
CIRCLE
  5
41B
330
17
100
AcDbEntity
  8
Ptos_reactivos
100
AcDbCircle
 10
64.29072556589534
 20
45.744322016341904
 30
0.0
 40
0.05
  0
CIRCLE
  5
41C
330
17
100
AcDbEntity
  8
Ptos_reactivos
100
AcDbCircle
 10
29.05248721100183
 20
59.33937824499465
 30
0.0
 40
0.05
  0
CIRCLE
  5
41D
330
17
100
AcDbEntity
  8
Ptos_reactivos
100
AcDbCircle
 10
29.18976326339674
 20
15.807090070645463
 30
0.0
 40
0.05
  0
CIRCLE
  5
41E
330
17
100
AcDbEntity
  8
Ptos_reactivos
100
AcDbCircle
 10
46.31989954473131
 20
68.70527060486629
 30
0.0
 40
0.05
  0
CIRCLE
  5
41F
330
17
100
AcDbEntity
  8
Ptos_reactivos
100
AcDbCircle
 10
73.38247804211392
 20
65.29677947290776
 30
0.0
 40
0.05
  0
CIRCLE
  5
420
330
17
100
AcDbEntity
  8
Ptos_reactivos
100
AcDbCircle
 10
57.98366967410463
 20
19.672589516651456
 30
0.0
 40
0.05
  0
CIRCLE
  5
421
330
17
100
AcDbEntity
  8
Ptos_reactivos
100
AcDbCircle
 10
6.001253668631712
 20
8.115504527377082
 30
0.0
 40
0.05
  0
CIRCLE
  5
422
330
17
100
AcDbEntity
  8
Ptos_reactivos
100
AcDbCircle
 10
23.486174606319647
 20
72.58354777901805
 30
0.0
 40
0.05
  0
CIRCLE
  5
423
330
17
100
AcDbEntity
  8
Ptos_reactivos
100
AcDbCircle
 10
19.36261547968021
 20
1.0048270189949193
 30
0.0
 40
0.05
  0
CIRCLE
  5
424
330
17
100
AcDbEntity
  8
Ptos_reactivos
100
AcDbCircle
 10
1.5857479190009072
 20
45.912963791495564
 30
0.0
 40
0.05
  0
CIRCLE
  5
425
330
17
100
AcDbEntity
  8
Ptos_reactivos
100
AcDbCircle
 10
12.879650098684317
 20
73.84246932528107
 30
0.0
 40
0.05
  0
CIRCLE
  5
426
330
17
100
AcDbEntity
  8
Ptos_reactivos
100
AcDbCircle
 10
62.557487640601934
 20
49.22514437908862
 30
0.0
 40
0.05
  0
CIRCLE
  5
427
330
17
100
AcDbEntity
  8
Ptos_reactivos
100
AcDbCircle
 10
23.127044152665505
 20
58.19968415449175
 30
0.0
 40
0.05
  0
CIRCLE
  5
428
330
17
100
AcDbEntity
  8
Ptos_reactivos
100
AcDbCircle
 10
5.425234875312926
 20
23.734639506784173
 30
0.0
 40
0.05
  0
CIRCLE
  5
429
330
17
100
AcDbEntity
  8
Ptos_reactivos
100
AcDbCircle
 10
70.90845828151839
 20
5.245554150559936
 30
0.0
 40
0.05
  0
CIRCLE
  5
42A
330
17
100
AcDbEntity
  8
Ptos_reactivos
100
AcDbCircle
 10
62.08795080769832
 20
31.786957759466347
 30
0.0
 40
0.05
  0
CIRCLE
  5
42B
330
17
100
AcDbEntity
  8
Ptos_reactivos
100
AcDbCircle
 10
0.5701353607648674
 20
16.155290067290824
 30
0.0
 40
0.05
  0
CIRCLE
  5
42C
330
17
100
AcDbEntity
  8
Ptos_reactivos
100
AcDbCircle
 10
0.36275211023706344
 20
61.25552562897906
 30
0.0
 40
0.05
  0
CIRCLE
  5
42D
330
17
100
AcDbEntity
  8
Ptos_reactivos
100
AcDbCircle
 10
65.59279988326817
 20
20.52756794784955
 30
0.0
 40
0.05
  0
CIRCLE
  5
42E
330
17
100
AcDbEntity
  8
Ptos_reactivos
100
AcDbCircle
 10
47.83849177892601
 20
70.41307985007008
 30
0.0
 40
0.05
  0
CIRCLE
  5
42F
330
17
100
AcDbEntity
  8
Ptos_reactivos
100
AcDbCircle
 10
6.864714829873905
 20
52.22230909350074
 30
0.0
 40
0.05
  0
CIRCLE
  5
430
330
17
100
AcDbEntity
  8
Ptos_reactivos
100
AcDbCircle
 10
1.3801579580096701
 20
18.6864771652521
 30
0.0
 40
0.05
  0
CIRCLE
  5
431
330
17
100
AcDbEntity
  8
Ptos_reactivos
100
AcDbCircle
 10
57.219042832486075
 20
48.84542034162473
 30
0.0
 40
0.05
  0
CIRCLE
  5
432
330
17
100
AcDbEntity
  8
Ptos_reactivos
100
AcDbCircle
 10
71.15971464147577
 20
36.60432376763517
 30
0.0
 40
0.05
  0
CIRCLE
  5
433
330
17
100
AcDbEntity
  8
Ptos_reactivos
100
AcDbCircle
 10
1.4269569265491584
 20
49.592151771057594
 30
0.0
 40
0.05
  0
CIRCLE
  5
434
330
17
100
AcDbEntity
  8
Ptos_reactivos
100
AcDbCircle
 10
11.08171735400923
 20
37.92888580618312
 30
0.0
 40
0.05
  0
CIRCLE
  5
435
330
17
100
AcDbEntity
  8
Ptos_reactivos
100
AcDbCircle
 10
3.6186676966660114
 20
33.78860159180993
 30
0.0
 40
0.05
  0
CIRCLE
  5
436
330
17
100
AcDbEntity
  8
Ptos_reactivos
100
AcDbCircle
 10
66.00132825581693
 20
71.29007361157412
 30
0.0
 40
0.05
  0
CIRCLE
  5
437
330
17
100
AcDbEntity
  8
Ptos_reactivos
100
AcDbCircle
 10
54.82339291518308
 20
38.04052651601928
 30
0.0
 40
0.05
  0
CIRCLE
  5
438
330
17
100
AcDbEntity
  8
Ptos_reactivos
100
AcDbCircle
 10
49.515957019459286
 20
63.36631026147254
 30
0.0
 40
0.05
  0
CIRCLE
  5
439
330
17
100
AcDbEntity
  8
Ptos_reactivos
100
AcDbCircle
 10
49.17186335075029
 20
16.357924437356683
 30
0.0
 40
0.05
  0
CIRCLE
  5
43A
330
17
100
AcDbEntity
  8
Ptos_reactivos
100
AcDbCircle
 10
52.07535251989749
 20
19.612288841423705
 30
0.0
 40
0.05
  0
CIRCLE
  5
43B
330
17
100
AcDbEntity
  8
Ptos_reactivos
100
AcDbCircle
 10
70.09372227106255
 20
47.89693926866902
 30
0.0
 40
0.05
  0
CIRCLE
  5
43C
330
17
100
AcDbEntity
  8
Ptos_reactivos
100
AcDbCircle
 10
20.600153085258857
 20
18.396041146616234
 30
0.0
 40
0.05
  0
CIRCLE
  5
43D
330
17
100
AcDbEntity
  8
Ptos_reactivos
100
AcDbCircle
 10
48.6971981923233
 20
67.45185430820113
 30
0.0
 40
0.05
  0
CIRCLE
  5
43E
330
17
100
AcDbEntity
  8
Ptos_reactivos
100
AcDbCircle
 10
13.960386459996366
 20
67.13111997412729
 30
0.0
 40
0.05
  0
CIRCLE
  5
43F
330
17
100
AcDbEntity
  8
Ptos_reactivos
100
AcDbCircle
 10
3.512766091797259
 20
36.32462842702985
 30
0.0
 40
0.05
  0
CIRCLE
  5
440
330
17
100
AcDbEntity
  8
Ptos_reactivos
100
AcDbCircle
 10
41.02726651129006
 20
69.76423904779996
 30
0.0
 40
0.05
  0
CIRCLE
  5
441
330
17
100
AcDbEntity
  8
Ptos_reactivos
100
AcDbCircle
 10
66.07675938103338
 20
54.50256386203097
 30
0.0
 40
0.05
  0
CIRCLE
  5
442
330
17
100
AcDbEntity
  8
Ptos_reactivos
100
AcDbCircle
 10
20.346527300206596
 20
58.48900413761581
 30
0.0
 40
0.05
  0
CIRCLE
  5
443
330
17
100
AcDbEntity
  8
Ptos_reactivos
100
AcDbCircle
 10
18.095321372191922
 20
35.73658495169082
 30
0.0
 40
0.05
  0
CIRCLE
  5
444
330
17
100
AcDbEntity
  8
Ptos_reactivos
100
AcDbCircle
 10
20.657912814341316
 20
57.958502969969345
 30
0.0
 40
0.05
  0
CIRCLE
  5
445
330
17
100
AcDbEntity
  8
Ptos_reactivos
100
AcDbCircle
 10
51.48829147306685
 20
2.389215646748097
 30
0.0
 40
0.05
  0
CIRCLE
  5
446
330
17
100
AcDbEntity
  8
Ptos_reactivos
100
AcDbCircle
 10
53.98174969747691
 20
23.470837692099316
 30
0.0
 40
0.05
  0
CIRCLE
  5
447
330
17
100
AcDbEntity
  8
Ptos_reactivos
100
AcDbCircle
 10
20.134531064709666
 20
31.837370916610695
 30
0.0
 40
0.05
  0
CIRCLE
  5
448
330
17
100
AcDbEntity
  8
Ptos_reactivos
100
AcDbCircle
 10
71.57795461702473
 20
31.204562091029267
 30
0.0
 40
0.05
  0
CIRCLE
  5
449
330
17
100
AcDbEntity
  8
Ptos_reactivos
100
AcDbCircle
 10
51.54106038962351
 20
2.0231743830537026
 30
0.0
 40
0.05
  0
CIRCLE
  5
44A
330
17
100
AcDbEntity
  8
Ptos_reactivos
100
AcDbCircle
 10
56.85832145663965
 20
57.626557845960136
 30
0.0
 40
0.05
  0
CIRCLE
  5
44B
330
17
100
AcDbEntity
  8
Ptos_reactivos
100
AcDbCircle
 10
15.658336459989489
 20
31.260900183851106
 30
0.0
 40
0.05
  0
CIRCLE
  5
44C
330
17
100
AcDbEntity
  8
Ptos_reactivos
100
AcDbCircle
 10
64.14178040477144
 20
51.6732206503569
 30
0.0
 40
0.05
  0
CIRCLE
  5
44D
330
17
100
AcDbEntity
  8
Ptos_reactivos
100
AcDbCircle
 10
30.650179316429735
 20
13.501120306153991
 30
0.0
 40
0.05
  0
CIRCLE
  5
44E
330
17
100
AcDbEntity
  8
Ptos_reactivos
100
AcDbCircle
 10
27.68528658133786
 20
35.08715320255468
 30
0.0
 40
0.05
  0
CIRCLE
  5
44F
330
17
100
AcDbEntity
  8
Ptos_reactivos
100
AcDbCircle
 10
33.54573066467402
 20
64.61877861886533
 30
0.0
 40
0.05
  0
CIRCLE
  5
450
330
17
100
AcDbEntity
  8
Ptos_reactivos
100
AcDbCircle
 10
6.972358956991275
 20
63.8646026657488
 30
0.0
 40
0.05
  0
CIRCLE
  5
451
330
17
100
AcDbEntity
  8
Ptos_reactivos
100
AcDbCircle
 10
35.84210473434312
 20
5.232427691667368
 30
0.0
 40
0.05
  0
CIRCLE
  5
452
330
17
100
AcDbEntity
  8
Ptos_reactivos
100
AcDbCircle
 10
9.964662182818781
 20
48.3477661815197
 30
0.0
 40
0.05
  0
CIRCLE
  5
453
330
17
100
AcDbEntity
  8
Ptos_reactivos
100
AcDbCircle
 10
0.8163830335158384
 20
72.5896426423308
 30
0.0
 40
0.05
  0
CIRCLE
  5
454
330
17
100
AcDbEntity
  8
Ptos_reactivos
100
AcDbCircle
 10
32.8322887020435
 20
13.154589222733215
 30
0.0
 40
0.05
  0
CIRCLE
  5
455
330
17
100
AcDbEntity
  8
Ptos_reactivos
100
AcDbCircle
 10
44.23045229435098
 20
70.35109339101697
 30
0.0
 40
0.05
  0
CIRCLE
  5
456
330
17
100
AcDbEntity
  8
Ptos_reactivos
100
AcDbCircle
 10
44.98208248138587
 20
19.014610402713956
 30
0.0
 40
0.05
  0
CIRCLE
  5
457
330
17
100
AcDbEntity
  8
Ptos_reactivos
100
AcDbCircle
 10
63.493707775777615
 20
34.16325906170587
 30
0.0
 40
0.05
  0
CIRCLE
  5
458
330
17
100
AcDbEntity
  8
Ptos_reactivos
100
AcDbCircle
 10
1.0451366193145546
 20
62.44235827110967
 30
0.0
 40
0.05
  0
CIRCLE
  5
459
330
17
100
AcDbEntity
  8
Ptos_reactivos
100
AcDbCircle
 10
66.09962207560358
 20
34.92455027420234
 30
0.0
 40
0.05
  0
CIRCLE
  5
45A
330
17
100
AcDbEntity
  8
Ptos_reactivos
100
AcDbCircle
 10
60.93026116281268
 20
62.63770217533239
 30
0.0
 40
0.05
  0
CIRCLE
  5
45B
330
17
100
AcDbEntity
  8
Ptos_reactivos
100
AcDbCircle
 10
2.138894773580122
 20
8.537373479925117
 30
0.0
 40
0.05
  0
CIRCLE
  5
45C
330
17
100
AcDbEntity
  8
Ptos_reactivos
100
AcDbCircle
 10
59.49544695755613
 20
23.370810219839978
 30
0.0
 40
0.05
  0
CIRCLE
  5
45D
330
17
100
AcDbEntity
  8
Ptos_reactivos
100
AcDbCircle
 10
19.04238821632139
 20
47.9917731115038
 30
0.0
 40
0.05
  0
CIRCLE
  5
45E
330
17
100
AcDbEntity
  8
Ptos_reactivos
100
AcDbCircle
 10
40.23467545837017
 20
51.16076124645934
 30
0.0
 40
0.05
  0
CIRCLE
  5
45F
330
17
100
AcDbEntity
  8
Ptos_reactivos
100
AcDbCircle
 10
44.02613146789433
 20
38.54622515435346
 30
0.0
 40
0.05
  0
CIRCLE
  5
460
330
17
100
AcDbEntity
  8
Ptos_reactivos
100
AcDbCircle
 10
13.680148362149158
 20
30.4462157585513
 30
0.0
 40
0.05
  0
CIRCLE
  5
461
330
17
100
AcDbEntity
  8
Ptos_reactivos
100
AcDbCircle
 10
64.42559977921026
 20
33.87004400541942
 30
0.0
 40
0.05
  0
CIRCLE
  5
462
330
17
100
AcDbEntity
  8
Ptos_reactivos
100
AcDbCircle
 10
32.97213671133241
 20
21.692905750064764
 30
0.0
 40
0.05
  0
CIRCLE
  5
463
330
17
100
AcDbEntity
  8
Ptos_reactivos
100
AcDbCircle
 10
1.4039783304656883
 20
22.011857540827254
 30
0.0
 40
0.05
  0
CIRCLE
  5
464
330
17
100
AcDbEntity
  8
Ptos_reactivos
100
AcDbCircle
 10
42.553809246683905
 20
68.92043009065576
 30
0.0
 40
0.05
  0
CIRCLE
  5
465
330
17
100
AcDbEntity
  8
Ptos_reactivos
100
AcDbCircle
 10
11.234310111674702
 20
64.69240942780165
 30
0.0
 40
0.05
  0
CIRCLE
  5
466
330
17
100
AcDbEntity
  8
Ptos_reactivos
100
AcDbCircle
 10
27.64071569021033
 20
58.23544438450156
 30
0.0
 40
0.05
  0
CIRCLE
  5
467
330
17
100
AcDbEntity
  8
Ptos_reactivos
100
AcDbCircle
 10
13.654736532067732
 20
74.35934686021517
 30
0.0
 40
0.05
  0
CIRCLE
  5
468
330
17
100
AcDbEntity
  8
Ptos_reactivos
100
AcDbCircle
 10
26.573114233125107
 20
31.571277940315447
 30
0.0
 40
0.05
  0
CIRCLE
  5
469
330
17
100
AcDbEntity
  8
Ptos_reactivos
100
AcDbCircle
 10
48.22367766815564
 20
12.795499284848763
 30
0.0
 40
0.05
  0
CIRCLE
  5
46A
330
17
100
AcDbEntity
  8
Ptos_reactivos
100
AcDbCircle
 10
46.627911938116334
 20
14.167285149180353
 30
0.0
 40
0.05
  0
CIRCLE
  5
46B
330
17
100
AcDbEntity
  8
Ptos_reactivos
100
AcDbCircle
 10
47.81927979599665
 20
4.663290454978458
 30
0.0
 40
0.05
  0
CIRCLE
  5
46C
330
17
100
AcDbEntity
  8
Ptos_reactivos
100
AcDbCircle
 10
40.98393064053767
 20
59.900194687463
 30
0.0
 40
0.05
  0
CIRCLE
  5
46D
330
17
100
AcDbEntity
  8
Ptos_reactivos
100
AcDbCircle
 10
51.57158186712476
 20
28.350472832524083
 30
0.0
 40
0.05
  0
CIRCLE
  5
46E
330
17
100
AcDbEntity
  8
Ptos_reactivos
100
AcDbCircle
 10
47.24206771447937
 20
35.42519004141763
 30
0.0
 40
0.05
  0
CIRCLE
  5
46F
330
17
100
AcDbEntity
  8
Ptos_reactivos
100
AcDbCircle
 10
23.321672455183357
 20
36.870288192261455
 30
0.0
 40
0.05
  0
CIRCLE
  5
470
330
17
100
AcDbEntity
  8
Ptos_reactivos
100
AcDbCircle
 10
30.172576294103195
 20
38.090059166849485
 30
0.0
 40
0.05
  0
CIRCLE
  5
471
330
17
100
AcDbEntity
  8
Ptos_reactivos
100
AcDbCircle
 10
69.14712245577905
 20
69.99871336709724
 30
0.0
 40
0.05
  0
CIRCLE
  5
472
330
17
100
AcDbEntity
  8
Ptos_reactivos
100
AcDbCircle
 10
43.79323936499676
 20
56.54533440059285
 30
0.0
 40
0.05
  0
CIRCLE
  5
473
330
17
100
AcDbEntity
  8
Ptos_reactivos
100
AcDbCircle
 10
69.40248434847518
 20
14.521403164305996
 30
0.0
 40
0.05
  0
CIRCLE
  5
474
330
17
100
AcDbEntity
  8
Ptos_reactivos
100
AcDbCircle
 10
18.4142900341828
 20
14.45145248831618
 30
0.0
 40
0.05
  0
CIRCLE
  5
475
330
17
100
AcDbEntity
  8
Ptos_reactivos
100
AcDbCircle
 10
5.493762092682525
 20
22.453465916236006
 30
0.0
 40
0.05
  0
CIRCLE
  5
476
330
17
100
AcDbEntity
  8
Ptos_reactivos
100
AcDbCircle
 10
12.668602145850304
 20
36.125809310306174
 30
0.0
 40
0.05
  0
CIRCLE
  5
477
330
17
100
AcDbEntity
  8
Ptos_reactivos
100
AcDbCircle
 10
32.34551271867318
 20
65.30339705921284
 30
0.0
 40
0.05
  0
CIRCLE
  5
478
330
17
100
AcDbEntity
  8
Ptos_reactivos
100
AcDbCircle
 10
47.35337584569936
 20
29.818646184928607
 30
0.0
 40
0.05
  0
CIRCLE
  5
479
330
17
100
AcDbEntity
  8
Ptos_reactivos
100
AcDbCircle
 10
9.709803651439561
 20
23.8573875248636
 30
0.0
 40
0.05
  0
CIRCLE
  5
47A
330
17
100
AcDbEntity
  8
Ptos_reactivos
100
AcDbCircle
 10
23.74571087487773
 20
23.263366218156413
 30
0.0
 40
0.05
  0
CIRCLE
  5
47B
330
17
100
AcDbEntity
  8
Ptos_reactivos
100
AcDbCircle
 10
29.523602943382954
 20
5.371314198175684
 30
0.0
 40
0.05
  0
CIRCLE
  5
47C
330
17
100
AcDbEntity
  8
Ptos_reactivos
100
AcDbCircle
 10
35.505529766057265
 20
26.64635205565444
 30
0.0
 40
0.05
  0
CIRCLE
  5
47D
330
17
100
AcDbEntity
  8
Ptos_reactivos
100
AcDbCircle
 10
4.916100635587845
 20
19.47195503222915
 30
0.0
 40
0.05
  0
CIRCLE
  5
47E
330
17
100
AcDbEntity
  8
Ptos_reactivos
100
AcDbCircle
 10
31.987092825562257
 20
12.288426406483154
 30
0.0
 40
0.05
  0
CIRCLE
  5
47F
330
17
100
AcDbEntity
  8
Ptos_reactivos
100
AcDbCircle
 10
28.46947039958684
 20
2.8994157299152667
 30
0.0
 40
0.05
  0
CIRCLE
  5
480
330
17
100
AcDbEntity
  8
Ptos_reactivos
100
AcDbCircle
 10
16.5759114834893
 20
67.14959733564311
 30
0.0
 40
0.05
  0
CIRCLE
  5
481
330
17
100
AcDbEntity
  8
Ptos_reactivos
100
AcDbCircle
 10
61.56452521575034
 20
22.99604695423482
 30
0.0
 40
0.05
  0
CIRCLE
  5
482
330
17
100
AcDbEntity
  8
Ptos_reactivos
100
AcDbCircle
 10
56.013241718871
 20
4.837337936056302
 30
0.0
 40
0.05
  0
CIRCLE
  5
483
330
17
100
AcDbEntity
  8
Ptos_reactivos
100
AcDbCircle
 10
49.315686644473516
 20
51.75518569624243
 30
0.0
 40
0.05
  0
CIRCLE
  5
484
330
17
100
AcDbEntity
  8
Ptos_reactivos
100
AcDbCircle
 10
66.85682486892635
 20
49.695030481109235
 30
0.0
 40
0.05
  0
CIRCLE
  5
485
330
17
100
AcDbEntity
  8
Ptos_reactivos
100
AcDbCircle
 10
0.5198328815572834
 20
40.06561920348275
 30
0.0
 40
0.05
  0
CIRCLE
  5
486
330
17
100
AcDbEntity
  8
Ptos_reactivos
100
AcDbCircle
 10
3.078611273463652
 20
72.74268568485358
 30
0.0
 40
0.05
  0
CIRCLE
  5
487
330
17
100
AcDbEntity
  8
Ptos_reactivos
100
AcDbCircle
 10
11.120467565584082
 20
0.8917302992475923
 30
0.0
 40
0.05
  0
CIRCLE
  5
488
330
17
100
AcDbEntity
  8
Ptos_reactivos
100
AcDbCircle
 10
72.8853308036594
 20
70.77329773717584
 30
0.0
 40
0.05
  0
CIRCLE
  5
489
330
17
100
AcDbEntity
  8
Ptos_reactivos
100
AcDbCircle
 10
36.68777973530626
 20
6.441258342070225
 30
0.0
 40
0.05
  0
CIRCLE
  5
48A
330
17
100
AcDbEntity
  8
Ptos_reactivos
100
AcDbCircle
 10
39.526199487591306
 20
56.16760255752908
 30
0.0
 40
0.05
  0
CIRCLE
  5
48B
330
17
100
AcDbEntity
  8
Ptos_reactivos
100
AcDbCircle
 10
44.33741233467474
 20
33.96394050092055
 30
0.0
 40
0.05
  0
CIRCLE
  5
48C
330
17
100
AcDbEntity
  8
Ptos_reactivos
100
AcDbCircle
 10
68.10083791731324
 20
14.287463204536706
 30
0.0
 40
0.05
  0
CIRCLE
  5
48D
330
17
100
AcDbEntity
  8
Ptos_reactivos
100
AcDbCircle
 10
34.52061918085441
 20
33.43802570043061
 30
0.0
 40
0.05
  0
CIRCLE
  5
48E
330
17
100
AcDbEntity
  8
Ptos_reactivos
100
AcDbCircle
 10
0.8670927708143483
 20
35.071309328194175
 30
0.0
 40
0.05
  0
CIRCLE
  5
48F
330
17
100
AcDbEntity
  8
Ptos_reactivos
100
AcDbCircle
 10
19.83618404023664
 20
70.25401173527479
 30
0.0
 40
0.05
  0
CIRCLE
  5
490
330
17
100
AcDbEntity
  8
Ptos_reactivos
100
AcDbCircle
 10
14.818695533202678
 20
40.305645650200844
 30
0.0
 40
0.05
  0
CIRCLE
  5
491
330
17
100
AcDbEntity
  8
Ptos_reactivos
100
AcDbCircle
 10
29.69861051917397
 20
60.660036377945545
 30
0.0
 40
0.05
  0
CIRCLE
  5
492
330
17
100
AcDbEntity
  8
Ptos_reactivos
100
AcDbCircle
 10
55.40429352250545
 20
50.25972728633402
 30
0.0
 40
0.05
  0
CIRCLE
  5
493
330
17
100
AcDbEntity
  8
Ptos_reactivos
100
AcDbCircle
 10
0.3405147532888897
 20
23.94747064594018
 30
0.0
 40
0.05
  0
CIRCLE
  5
494
330
17
100
AcDbEntity
  8
Ptos_reactivos
100
AcDbCircle
 10
35.308026106966224
 20
1.0805410689599337
 30
0.0
 40
0.05
  0
CIRCLE
  5
495
330
17
100
AcDbEntity
  8
Ptos_reactivos
100
AcDbCircle
 10
22.361770879416483
 20
24.598952551201535
 30
0.0
 40
0.05
  0
CIRCLE
  5
496
330
17
100
AcDbEntity
  8
Ptos_reactivos
100
AcDbCircle
 10
22.275054643401972
 20
21.151355960237954
 30
0.0
 40
0.05
  0
CIRCLE
  5
497
330
17
100
AcDbEntity
  8
Ptos_reactivos
100
AcDbCircle
 10
68.98279838657336
 20
26.661644524935898
 30
0.0
 40
0.05
  0
CIRCLE
  5
498
330
17
100
AcDbEntity
  8
Ptos_reactivos
100
AcDbCircle
 10
1.1556832808877593
 20
4.011321969440399
 30
0.0
 40
0.05
  0
CIRCLE
  5
499
330
17
100
AcDbEntity
  8
Ptos_reactivos
100
AcDbCircle
 10
58.337880510124876
 20
53.6047777206869
 30
0.0
 40
0.05
  0
CIRCLE
  5
49A
330
17
100
AcDbEntity
  8
Ptos_reactivos
100
AcDbCircle
 10
50.40861877419361
 20
8.945833912131887
 30
0.0
 40
0.05
  0
CIRCLE
  5
49B
330
17
100
AcDbEntity
  8
Ptos_reactivos
100
AcDbCircle
 10
73.31922901777492
 20
2.092343977469249
 30
0.0
 40
0.05
  0
CIRCLE
  5
49C
330
17
100
AcDbEntity
  8
Ptos_reactivos
100
AcDbCircle
 10
66.57828014090889
 20
2.27908186243021
 30
0.0
 40
0.05
  0
CIRCLE
  5
49D
330
17
100
AcDbEntity
  8
Ptos_reactivos
100
AcDbCircle
 10
9.412149005209255
 20
46.31755690785262
 30
0.0
 40
0.05
  0
CIRCLE
  5
49E
330
17
100
AcDbEntity
  8
Ptos_reactivos
100
AcDbCircle
 10
68.27477168445657
 20
50.281948238810784
 30
0.0
 40
0.05
  0
CIRCLE
  5
49F
330
17
100
AcDbEntity
  8
Ptos_reactivos
100
AcDbCircle
 10
25.350008004116585
 20
50.18480532334166
 30
0.0
 40
0.05
  0
CIRCLE
  5
4A0
330
17
100
AcDbEntity
  8
Ptos_reactivos
100
AcDbCircle
 10
24.46340347855286
 20
27.641425099448128
 30
0.0
 40
0.05
  0
CIRCLE
  5
4A1
330
17
100
AcDbEntity
  8
Ptos_reactivos
100
AcDbCircle
 10
3.752955429161753
 20
11.125934505460688
 30
0.0
 40
0.05
  0
CIRCLE
  5
4A2
330
17
100
AcDbEntity
  8
Ptos_reactivos
100
AcDbCircle
 10
2.605930708970189
 20
70.53696936459785
 30
0.0
 40
0.05
  0
CIRCLE
  5
4A3
330
17
100
AcDbEntity
  8
Ptos_reactivos
100
AcDbCircle
 10
65.03638444804321
 20
65.3530374166684
 30
0.0
 40
0.05
  0
CIRCLE
  5
4A4
330
17
100
AcDbEntity
  8
Ptos_reactivos
100
AcDbCircle
 10
74.74908626871436
 20
33.28023578505952
 30
0.0
 40
0.05
  0
CIRCLE
  5
4A5
330
17
100
AcDbEntity
  8
Ptos_reactivos
100
AcDbCircle
 10
22.219874818676793
 20
39.37942545820105
 30
0.0
 40
0.05
  0
CIRCLE
  5
4A6
330
17
100
AcDbEntity
  8
Ptos_reactivos
100
AcDbCircle
 10
16.621757868759772
 20
6.396575449621072
 30
0.0
 40
0.05
  0
CIRCLE
  5
4A7
330
17
100
AcDbEntity
  8
Ptos_reactivos
100
AcDbCircle
 10
54.73940132815975
 20
51.10359873483686
 30
0.0
 40
0.05
  0
CIRCLE
  5
4A8
330
17
100
AcDbEntity
  8
Ptos_reactivos
100
AcDbCircle
 10
1.257184698681149
 20
1.433982801888467
 30
0.0
 40
0.05
  0
CIRCLE
  5
4A9
330
17
100
AcDbEntity
  8
Ptos_reactivos
100
AcDbCircle
 10
56.69163290508507
 20
56.243756661020925
 30
0.0
 40
0.05
  0
CIRCLE
  5
4AA
330
17
100
AcDbEntity
  8
Ptos_reactivos
100
AcDbCircle
 10
59.684333386611875
 20
55.47933254410171
 30
0.0
 40
0.05
  0
CIRCLE
  5
4AB
330
17
100
AcDbEntity
  8
Ptos_reactivos
100
AcDbCircle
 10
60.25809834362266
 20
33.951103037998216
 30
0.0
 40
0.05
  0
CIRCLE
  5
4AC
330
17
100
AcDbEntity
  8
Ptos_reactivos
100
AcDbCircle
 10
25.473998301476364
 20
28.60668169695403
 30
0.0
 40
0.05
  0
CIRCLE
  5
4AD
330
17
100
AcDbEntity
  8
Ptos_reactivos
100
AcDbCircle
 10
12.27901187338011
 20
30.679909152598515
 30
0.0
 40
0.05
  0
CIRCLE
  5
4AE
330
17
100
AcDbEntity
  8
Ptos_reactivos
100
AcDbCircle
 10
16.515386073579087
 20
44.60375706199473
 30
0.0
 40
0.05
  0
CIRCLE
  5
4AF
330
17
100
AcDbEntity
  8
Ptos_reactivos
100
AcDbCircle
 10
56.97290154990616
 20
40.799143352636506
 30
0.0
 40
0.05
  0
CIRCLE
  5
4B0
330
17
100
AcDbEntity
  8
Ptos_reactivos
100
AcDbCircle
 10
27.996427021891932
 20
59.71430114155151
 30
0.0
 40
0.05
  0
CIRCLE
  5
4B1
330
17
100
AcDbEntity
  8
Ptos_reactivos
100
AcDbCircle
 10
45.39504716898483
 20
70.89022683056622
 30
0.0
 40
0.05
  0
CIRCLE
  5
4B2
330
17
100
AcDbEntity
  8
Ptos_reactivos
100
AcDbCircle
 10
59.08937163729661
 20
24.227995054969057
 30
0.0
 40
0.05
  0
CIRCLE
  5
4B3
330
17
100
AcDbEntity
  8
Ptos_reactivos
100
AcDbCircle
 10
48.22569295149887
 20
32.51191381042751
 30
0.0
 40
0.05
  0
CIRCLE
  5
4B4
330
17
100
AcDbEntity
  8
Ptos_reactivos
100
AcDbCircle
 10
56.07748091955124
 20
8.019374318886197
 30
0.0
 40
0.05
  0
CIRCLE
  5
4B5
330
17
100
AcDbEntity
  8
Ptos_reactivos
100
AcDbCircle
 10
58.9119082167772
 20
61.49299984003593
 30
0.0
 40
0.05
  0
CIRCLE
  5
4B6
330
17
100
AcDbEntity
  8
Ptos_reactivos
100
AcDbCircle
 10
64.11325438215411
 20
18.414356366242913
 30
0.0
 40
0.05
  0
CIRCLE
  5
4B7
330
17
100
AcDbEntity
  8
Ptos_reactivos
100
AcDbCircle
 10
59.05983700861541
 20
4.231630860644089
 30
0.0
 40
0.05
  0
CIRCLE
  5
4B8
330
17
100
AcDbEntity
  8
Ptos_reactivos
100
AcDbCircle
 10
21.689111482760076
 20
58.54000006844722
 30
0.0
 40
0.05
  0
CIRCLE
  5
4B9
330
17
100
AcDbEntity
  8
Ptos_reactivos
100
AcDbCircle
 10
53.80986338980465
 20
18.002251827764006
 30
0.0
 40
0.05
  0
CIRCLE
  5
4BA
330
17
100
AcDbEntity
  8
Ptos_reactivos
100
AcDbCircle
 10
66.06090489524331
 20
12.805629785396796
 30
0.0
 40
0.05
  0
CIRCLE
  5
4BB
330
17
100
AcDbEntity
  8
Ptos_reactivos
100
AcDbCircle
 10
73.70421001444257
 20
43.38993946347362
 30
0.0
 40
0.05
  0
CIRCLE
  5
4BC
330
17
100
AcDbEntity
  8
Ptos_reactivos
100
AcDbCircle
 10
12.308839999814685
 20
18.312548203408554
 30
0.0
 40
0.05
  0
CIRCLE
  5
4BD
330
17
100
AcDbEntity
  8
Ptos_reactivos
100
AcDbCircle
 10
41.00799269110811
 20
65.50344889405926
 30
0.0
 40
0.05
  0
CIRCLE
  5
4BE
330
17
100
AcDbEntity
  8
Ptos_reactivos
100
AcDbCircle
 10
43.322128250388815
 20
34.179742094122375
 30
0.0
 40
0.05
  0
CIRCLE
  5
4BF
330
17
100
AcDbEntity
  8
Ptos_reactivos
100
AcDbCircle
 10
5.249354677179624
 20
26.180784108982884
 30
0.0
 40
0.05
  0
CIRCLE
  5
4C0
330
17
100
AcDbEntity
  8
Ptos_reactivos
100
AcDbCircle
 10
43.18716170686732
 20
6.68942617256198
 30
0.0
 40
0.05
  0
CIRCLE
  5
4C1
330
17
100
AcDbEntity
  8
Ptos_reactivos
100
AcDbCircle
 10
58.779321021488705
 20
4.6540882041264
 30
0.0
 40
0.05
  0
CIRCLE
  5
4C2
330
17
100
AcDbEntity
  8
Ptos_reactivos
100
AcDbCircle
 10
32.3752775020312
 20
36.23142212853173
 30
0.0
 40
0.05
  0
CIRCLE
  5
4C3
330
17
100
AcDbEntity
  8
Ptos_reactivos
100
AcDbCircle
 10
17.21488167077114
 20
19.57639317689674
 30
0.0
 40
0.05
  0
CIRCLE
  5
4C4
330
17
100
AcDbEntity
  8
Ptos_reactivos
100
AcDbCircle
 10
15.652952347868954
 20
61.003210890858945
 30
0.0
 40
0.05
  0
CIRCLE
  5
4C5
330
17
100
AcDbEntity
  8
Ptos_reactivos
100
AcDbCircle
 10
44.97320460316164
 20
40.42282628873254
 30
0.0
 40
0.05
  0
CIRCLE
  5
4C6
330
17
100
AcDbEntity
  8
Ptos_reactivos
100
AcDbCircle
 10
71.36931995125934
 20
22.52504845172959
 30
0.0
 40
0.05
  0
CIRCLE
  5
4C7
330
17
100
AcDbEntity
  8
Ptos_reactivos
100
AcDbCircle
 10
17.75249304521591
 20
33.746000794620564
 30
0.0
 40
0.05
  0
CIRCLE
  5
4C8
330
17
100
AcDbEntity
  8
Ptos_reactivos
100
AcDbCircle
 10
45.384788479107165
 20
42.300597211457635
 30
0.0
 40
0.05
  0
CIRCLE
  5
4C9
330
17
100
AcDbEntity
  8
Ptos_reactivos
100
AcDbCircle
 10
68.35856848313611
 20
56.59963694654147
 30
0.0
 40
0.05
  0
CIRCLE
  5
4CA
330
17
100
AcDbEntity
  8
Ptos_reactivos
100
AcDbCircle
 10
19.97354132066278
 20
63.56205788486732
 30
0.0
 40
0.05
  0
CIRCLE
  5
4CB
330
17
100
AcDbEntity
  8
Ptos_reactivos
100
AcDbCircle
 10
41.231861290291846
 20
50.10767330240736
 30
0.0
 40
0.05
  0
CIRCLE
  5
4CC
330
17
100
AcDbEntity
  8
Ptos_reactivos
100
AcDbCircle
 10
26.2907040918903
 20
8.629126336057825
 30
0.0
 40
0.05
  0
CIRCLE
  5
4CD
330
17
100
AcDbEntity
  8
Ptos_reactivos
100
AcDbCircle
 10
23.142759274424503
 20
16.73335618508949
 30
0.0
 40
0.05
  0
CIRCLE
  5
4CE
330
17
100
AcDbEntity
  8
Ptos_reactivos
100
AcDbCircle
 10
10.389843208579125
 20
30.697103713333036
 30
0.0
 40
0.05
  0
CIRCLE
  5
4CF
330
17
100
AcDbEntity
  8
Ptos_reactivos
100
AcDbCircle
 10
74.34811237552277
 20
10.137501039681448
 30
0.0
 40
0.05
  0
CIRCLE
  5
4D0
330
17
100
AcDbEntity
  8
Ptos_reactivos
100
AcDbCircle
 10
22.973130933113072
 20
23.692026522218455
 30
0.0
 40
0.05
  0
CIRCLE
  5
4D1
330
17
100
AcDbEntity
  8
Ptos_reactivos
100
AcDbCircle
 10
70.47552287056547
 20
18.466947487726273
 30
0.0
 40
0.05
  0
CIRCLE
  5
4D2
330
17
100
AcDbEntity
  8
Ptos_reactivos
100
AcDbCircle
 10
28.025589668382874
 20
8.374390140469584
 30
0.0
 40
0.05
  0
CIRCLE
  5
4D3
330
17
100
AcDbEntity
  8
Ptos_reactivos
100
AcDbCircle
 10
36.31272051464732
 20
61.03625419097615
 30
0.0
 40
0.05
  0
CIRCLE
  5
4D4
330
17
100
AcDbEntity
  8
Ptos_reactivos
100
AcDbCircle
 10
27.642532311410125
 20
53.221754104338565
 30
0.0
 40
0.05
  0
CIRCLE
  5
4D5
330
17
100
AcDbEntity
  8
Ptos_reactivos
100
AcDbCircle
 10
21.18793623259139
 20
54.77203318667948
 30
0.0
 40
0.05
  0
CIRCLE
  5
4D6
330
17
100
AcDbEntity
  8
Ptos_reactivos
100
AcDbCircle
 10
72.9642550822323
 20
44.289047258542034
 30
0.0
 40
0.05
  0
CIRCLE
  5
4D7
330
17
100
AcDbEntity
  8
Ptos_reactivos
100
AcDbCircle
 10
23.690418464694627
 20
35.463769822361755
 30
0.0
 40
0.05
  0
CIRCLE
  5
4D8
330
17
100
AcDbEntity
  8
Ptos_reactivos
100
AcDbCircle
 10
34.21049403333702
 20
11.085366989609605
 30
0.0
 40
0.05
  0
CIRCLE
  5
4D9
330
17
100
AcDbEntity
  8
Ptos_reactivos
100
AcDbCircle
 10
26.365550783625785
 20
62.712082778429654
 30
0.0
 40
0.05
  0
CIRCLE
  5
4DA
330
17
100
AcDbEntity
  8
Ptos_reactivos
100
AcDbCircle
 10
66.08773107256131
 20
68.0667134068535
 30
0.0
 40
0.05
  0
CIRCLE
  5
4DB
330
17
100
AcDbEntity
  8
Ptos_reactivos
100
AcDbCircle
 10
55.692615379228684
 20
10.0438893210695
 30
0.0
 40
0.05
  0
CIRCLE
  5
4DC
330
17
100
AcDbEntity
  8
Ptos_reactivos
100
AcDbCircle
 10
58.268023700731625
 20
57.783842951794085
 30
0.0
 40
0.05
  0
CIRCLE
  5
4DD
330
17
100
AcDbEntity
  8
Ptos_reactivos
100
AcDbCircle
 10
49.03081094356048
 20
6.687091976458601
 30
0.0
 40
0.05
  0
CIRCLE
  5
4DE
330
17
100
AcDbEntity
  8
Ptos_reactivos
100
AcDbCircle
 10
37.98426215821261
 20
56.15262414586854
 30
0.0
 40
0.05
  0
CIRCLE
  5
4DF
330
17
100
AcDbEntity
  8
Ptos_reactivos
100
AcDbCircle
 10
40.101631283903615
 20
72.47207563300944
 30
0.0
 40
0.05
  0
CIRCLE
  5
4E0
330
17
100
AcDbEntity
  8
Ptos_reactivos
100
AcDbCircle
 10
71.50845367671396
 20
35.07833860730592
 30
0.0
 40
0.05
  0
CIRCLE
  5
4E1
330
17
100
AcDbEntity
  8
Ptos_reactivos
100
AcDbCircle
 10
21.488375427429038
 20
59.140587945837694
 30
0.0
 40
0.05
  0
CIRCLE
  5
4E2
330
17
100
AcDbEntity
  8
Ptos_reactivos
100
AcDbCircle
 10
49.188762198182495
 20
65.77715499632605
 30
0.0
 40
0.05
  0
CIRCLE
  5
4E3
330
17
100
AcDbEntity
  8
Ptos_reactivos
100
AcDbCircle
 10
22.961899669336447
 20
38.94648651979081
 30
0.0
 40
0.05
  0
CIRCLE
  5
4E4
330
17
100
AcDbEntity
  8
Ptos_reactivos
100
AcDbCircle
 10
71.55080413595272
 20
10.019399182182424
 30
0.0
 40
0.05
  0
CIRCLE
  5
4E5
330
17
100
AcDbEntity
  8
Ptos_reactivos
100
AcDbCircle
 10
15.496427355064867
 20
5.736022207599392
 30
0.0
 40
0.05
  0
CIRCLE
  5
4E6
330
17
100
AcDbEntity
  8
Ptos_reactivos
100
AcDbCircle
 10
36.43664235598108
 20
8.382358398589378
 30
0.0
 40
0.05
  0
CIRCLE
  5
4E7
330
17
100
AcDbEntity
  8
Ptos_reactivos
100
AcDbCircle
 10
40.44892852110845
 20
32.597203074171205
 30
0.0
 40
0.05
  0
CIRCLE
  5
4E8
330
17
100
AcDbEntity
  8
Ptos_reactivos
100
AcDbCircle
 10
59.088959629717564
 20
9.876563367213665
 30
0.0
 40
0.05
  0
CIRCLE
  5
4E9
330
17
100
AcDbEntity
  8
Ptos_reactivos
100
AcDbCircle
 10
59.48932770108811
 20
13.94265191653021
 30
0.0
 40
0.05
  0
CIRCLE
  5
4EA
330
17
100
AcDbEntity
  8
Ptos_reactivos
100
AcDbCircle
 10
19.68228889947891
 20
9.971837005047728
 30
0.0
 40
0.05
  0
CIRCLE
  5
4EB
330
17
100
AcDbEntity
  8
Ptos_reactivos
100
AcDbCircle
 10
51.5414602194634
 20
39.92941320926835
 30
0.0
 40
0.05
  0
CIRCLE
  5
4EC
330
17
100
AcDbEntity
  8
Ptos_reactivos
100
AcDbCircle
 10
30.978841333313888
 20
73.46528520760144
 30
0.0
 40
0.05
  0
CIRCLE
  5
4ED
330
17
100
AcDbEntity
  8
Ptos_reactivos
100
AcDbCircle
 10
18.611094975387317
 20
3.0566841387512698
 30
0.0
 40
0.05
  0
CIRCLE
  5
4EE
330
17
100
AcDbEntity
  8
Ptos_reactivos
100
AcDbCircle
 10
4.325534045538407
 20
15.839092252804543
 30
0.0
 40
0.05
  0
CIRCLE
  5
4EF
330
17
100
AcDbEntity
  8
Ptos_reactivos
100
AcDbCircle
 10
4.328896225337845
 20
5.868884829381338
 30
0.0
 40
0.05
  0
CIRCLE
  5
4F0
330
17
100
AcDbEntity
  8
Ptos_reactivos
100
AcDbCircle
 10
70.78006520788277
 20
3.3450376713516445
 30
0.0
 40
0.05
  0
CIRCLE
  5
4F1
330
17
100
AcDbEntity
  8
Ptos_reactivos
100
AcDbCircle
 10
48.81438959273729
 20
27.090925479647215
 30
0.0
 40
0.05
  0
CIRCLE
  5
4F2
330
17
100
AcDbEntity
  8
Ptos_reactivos
100
AcDbCircle
 10
14.53929554163588
 20
65.08157098378122
 30
0.0
 40
0.05
  0
CIRCLE
  5
4F3
330
17
100
AcDbEntity
  8
Ptos_reactivos
100
AcDbCircle
 10
73.22882864454651
 20
34.2763062476581
 30
0.0
 40
0.05
  0
CIRCLE
  5
4F4
330
17
100
AcDbEntity
  8
Ptos_reactivos
100
AcDbCircle
 10
54.17397823245614
 20
6.690927358830481
 30
0.0
 40
0.05
  0
CIRCLE
  5
4F5
330
17
100
AcDbEntity
  8
Ptos_reactivos
100
AcDbCircle
 10
2.9317172238710527
 20
51.24921491141564
 30
0.0
 40
0.05
  0
CIRCLE
  5
4F6
330
17
100
AcDbEntity
  8
Ptos_reactivos
100
AcDbCircle
 10
34.576894374275426
 20
65.107222695933
 30
0.0
 40
0.05
  0
CIRCLE
  5
4F7
330
17
100
AcDbEntity
  8
Ptos_reactivos
100
AcDbCircle
 10
65.22227190085272
 20
3.0542780418020223
 30
0.0
 40
0.05
  0
CIRCLE
  5
4F8
330
17
100
AcDbEntity
  8
Ptos_reactivos
100
AcDbCircle
 10
11.357070408536588
 20
56.862857818097496
 30
0.0
 40
0.05
  0
CIRCLE
  5
4F9
330
17
100
AcDbEntity
  8
Ptos_reactivos
100
AcDbCircle
 10
29.797425037344766
 20
27.493004753046264
 30
0.0
 40
0.05
  0
CIRCLE
  5
4FA
330
17
100
AcDbEntity
  8
Ptos_reactivos
100
AcDbCircle
 10
37.878072880372166
 20
35.203202890053795
 30
0.0
 40
0.05
  0
CIRCLE
  5
4FB
330
17
100
AcDbEntity
  8
Ptos_reactivos
100
AcDbCircle
 10
44.81230210896759
 20
17.383939468661836
 30
0.0
 40
0.05
  0
CIRCLE
  5
4FC
330
17
100
AcDbEntity
  8
Ptos_reactivos
100
AcDbCircle
 10
54.86797211209894
 20
2.812853883531602
 30
0.0
 40
0.05
  0
CIRCLE
  5
4FD
330
17
100
AcDbEntity
  8
Ptos_reactivos
100
AcDbCircle
 10
66.64406487078739
 20
44.76628124271379
 30
0.0
 40
0.05
  0
CIRCLE
  5
4FE
330
17
100
AcDbEntity
  8
Ptos_reactivos
100
AcDbCircle
 10
29.760406808001587
 20
47.12503479724737
 30
0.0
 40
0.05
  0
CIRCLE
  5
4FF
330
17
100
AcDbEntity
  8
Ptos_reactivos
100
AcDbCircle
 10
66.08442868333333
 20
67.59352487561578
 30
0.0
 40
0.05
  0
CIRCLE
  5
500
330
17
100
AcDbEntity
  8
Ptos_reactivos
100
AcDbCircle
 10
45.82805918724405
 20
62.584456585735204
 30
0.0
 40
0.05
  0
CIRCLE
  5
501
330
17
100
AcDbEntity
  8
Ptos_reactivos
100
AcDbCircle
 10
40.61147304412947
 20
2.646731556901813
 30
0.0
 40
0.05
  0
CIRCLE
  5
502
330
17
100
AcDbEntity
  8
Ptos_reactivos
100
AcDbCircle
 10
47.92015295264973
 20
6.701366400639946
 30
0.0
 40
0.05
  0
CIRCLE
  5
503
330
17
100
AcDbEntity
  8
Ptos_reactivos
100
AcDbCircle
 10
33.058703902767476
 20
35.22272370268157
 30
0.0
 40
0.05
  0
CIRCLE
  5
504
330
17
100
AcDbEntity
  8
Ptos_reactivos
100
AcDbCircle
 10
29.817826828715553
 20
53.81201575087298
 30
0.0
 40
0.05
  0
CIRCLE
  5
505
330
17
100
AcDbEntity
  8
Ptos_reactivos
100
AcDbCircle
 10
24.97882220455733
 20
48.82402105531899
 30
0.0
 40
0.05
  0
CIRCLE
  5
506
330
17
100
AcDbEntity
  8
Ptos_reactivos
100
AcDbCircle
 10
45.89876128990864
 20
44.204978298777824
 30
0.0
 40
0.05
  0
CIRCLE
  5
507
330
17
100
AcDbEntity
  8
Ptos_reactivos
100
AcDbCircle
 10
36.48405412046228
 20
46.21074373597841
 30
0.0
 40
0.05
  0
CIRCLE
  5
508
330
17
100
AcDbEntity
  8
Ptos_reactivos
100
AcDbCircle
 10
55.89110951505507
 20
14.490153884976397
 30
0.0
 40
0.05
  0
CIRCLE
  5
509
330
17
100
AcDbEntity
  8
Ptos_reactivos
100
AcDbCircle
 10
30.809158992226234
 20
70.75950106700964
 30
0.0
 40
0.05
  0
CIRCLE
  5
50A
330
17
100
AcDbEntity
  8
Ptos_reactivos
100
AcDbCircle
 10
25.611666588938746
 20
70.89225104881007
 30
0.0
 40
0.05
  0
CIRCLE
  5
50B
330
17
100
AcDbEntity
  8
Ptos_reactivos
100
AcDbCircle
 10
44.18403654314233
 20
19.50549160050567
 30
0.0
 40
0.05
  0
CIRCLE
  5
50C
330
17
100
AcDbEntity
  8
Ptos_reactivos
100
AcDbCircle
 10
41.49177877399067
 20
46.512733784214014
 30
0.0
 40
0.05
  0
CIRCLE
  5
50D
330
17
100
AcDbEntity
  8
Ptos_reactivos
100
AcDbCircle
 10
28.640459716022733
 20
68.80791423420716
 30
0.0
 40
0.05
  0
CIRCLE
  5
50E
330
17
100
AcDbEntity
  8
Ptos_reactivos
100
AcDbCircle
 10
9.763895069869
 20
62.340094344040715
 30
0.0
 40
0.05
  0
CIRCLE
  5
50F
330
17
100
AcDbEntity
  8
Ptos_reactivos
100
AcDbCircle
 10
36.46478094549127
 20
1.7918706313430288
 30
0.0
 40
0.05
  0
CIRCLE
  5
510
330
17
100
AcDbEntity
  8
Ptos_reactivos
100
AcDbCircle
 10
19.89274385825189
 20
48.65172212310673
 30
0.0
 40
0.05
  0
CIRCLE
  5
511
330
17
100
AcDbEntity
  8
Ptos_reactivos
100
AcDbCircle
 10
16.320460195592375
 20
62.474358533000846
 30
0.0
 40
0.05
  0
CIRCLE
  5
512
330
17
100
AcDbEntity
  8
Ptos_reactivos
100
AcDbCircle
 10
40.59628770512285
 20
34.14023171013154
 30
0.0
 40
0.05
  0
CIRCLE
  5
513
330
17
100
AcDbEntity
  8
Ptos_reactivos
100
AcDbCircle
 10
1.672297265824327
 20
66.38640727168698
 30
0.0
 40
0.05
  0
CIRCLE
  5
514
330
17
100
AcDbEntity
  8
Ptos_reactivos
100
AcDbCircle
 10
20.570630509735288
 20
56.689027339920834
 30
0.0
 40
0.05
  0
CIRCLE
  5
515
330
17
100
AcDbEntity
  8
Ptos_reactivos
100
AcDbCircle
 10
62.658869643658335
 20
17.551408325671254
 30
0.0
 40
0.05
  0
CIRCLE
  5
516
330
17
100
AcDbEntity
  8
Ptos_reactivos
100
AcDbCircle
 10
54.55719788774151
 20
56.70386274738574
 30
0.0
 40
0.05
  0
CIRCLE
  5
517
330
17
100
AcDbEntity
  8
Ptos_reactivos
100
AcDbCircle
 10
48.64511667237191
 20
35.630684972995105
 30
0.0
 40
0.05
  0
CIRCLE
  5
518
330
17
100
AcDbEntity
  8
Ptos_reactivos
100
AcDbCircle
 10
24.456024715839494
 20
6.2405346626315055
 30
0.0
 40
0.05
  0
CIRCLE
  5
519
330
17
100
AcDbEntity
  8
Ptos_reactivos
100
AcDbCircle
 10
53.65913956762002
 20
48.714733368351446
 30
0.0
 40
0.05
  0
CIRCLE
  5
51A
330
17
100
AcDbEntity
  8
Ptos_reactivos
100
AcDbCircle
 10
46.93082673499856
 20
58.250599273947984
 30
0.0
 40
0.05
  0
CIRCLE
  5
51B
330
17
100
AcDbEntity
  8
Ptos_reactivos
100
AcDbCircle
 10
12.934024721836604
 20
14.631868725649202
 30
0.0
 40
0.05
  0
CIRCLE
  5
51C
330
17
100
AcDbEntity
  8
Ptos_reactivos
100
AcDbCircle
 10
35.43436430448665
 20
30.7558242229862
 30
0.0
 40
0.05
  0
CIRCLE
  5
51D
330
17
100
AcDbEntity
  8
Ptos_reactivos
100
AcDbCircle
 10
0.2582748416302877
 20
52.20232363239709
 30
0.0
 40
0.05
  0
CIRCLE
  5
51E
330
17
100
AcDbEntity
  8
Ptos_reactivos
100
AcDbCircle
 10
45.346394543705465
 20
21.21834055822785
 30
0.0
 40
0.05
  0
CIRCLE
  5
51F
330
17
100
AcDbEntity
  8
Ptos_reactivos
100
AcDbCircle
 10
70.77998276428677
 20
56.188795168595036
 30
0.0
 40
0.05
  0
CIRCLE
  5
520
330
17
100
AcDbEntity
  8
Ptos_reactivos
100
AcDbCircle
 10
1.7242866691903225
 20
23.405431688185445
 30
0.0
 40
0.05
  0
CIRCLE
  5
521
330
17
100
AcDbEntity
  8
Ptos_reactivos
100
AcDbCircle
 10
24.78519729323798
 20
51.856771297255456
 30
0.0
 40
0.05
  0
CIRCLE
  5
522
330
17
100
AcDbEntity
  8
Ptos_reactivos
100
AcDbCircle
 10
51.90059341317681
 20
66.83180144493612
 30
0.0
 40
0.05
  0
CIRCLE
  5
523
330
17
100
AcDbEntity
  8
Ptos_reactivos
100
AcDbCircle
 10
43.36745588229325
 20
67.09558204603816
 30
0.0
 40
0.05
  0
CIRCLE
  5
524
330
17
100
AcDbEntity
  8
Ptos_reactivos
100
AcDbCircle
 10
5.733365819275218
 20
0.36018192405261606
 30
0.0
 40
0.05
  0
CIRCLE
  5
525
330
17
100
AcDbEntity
  8
Ptos_reactivos
100
AcDbCircle
 10
5.056787102251276
 20
12.74787135845419
 30
0.0
 40
0.05
  0
CIRCLE
  5
526
330
17
100
AcDbEntity
  8
Ptos_reactivos
100
AcDbCircle
 10
20.323819834808287
 20
25.932688864884348
 30
0.0
 40
0.05
  0
CIRCLE
  5
527
330
17
100
AcDbEntity
  8
Ptos_reactivos
100
AcDbCircle
 10
67.33149353664277
 20
6.19267332315313
 30
0.0
 40
0.05
  0
CIRCLE
  5
528
330
17
100
AcDbEntity
  8
Ptos_reactivos
100
AcDbCircle
 10
62.70448640395659
 20
62.430920185967196
 30
0.0
 40
0.05
  0
CIRCLE
  5
529
330
17
100
AcDbEntity
  8
Ptos_reactivos
100
AcDbCircle
 10
53.455619011730484
 20
67.9361987513683
 30
0.0
 40
0.05
  0
CIRCLE
  5
52A
330
17
100
AcDbEntity
  8
Ptos_reactivos
100
AcDbCircle
 10
66.56183490047464
 20
33.11678705100766
 30
0.0
 40
0.05
  0
CIRCLE
  5
52B
330
17
100
AcDbEntity
  8
Ptos_reactivos
100
AcDbCircle
 10
32.24265023560459
 20
49.952568414905684
 30
0.0
 40
0.05
  0
CIRCLE
  5
52C
330
17
100
AcDbEntity
  8
Ptos_reactivos
100
AcDbCircle
 10
20.594303458155977
 20
12.183088174015309
 30
0.0
 40
0.05
  0
CIRCLE
  5
52D
330
17
100
AcDbEntity
  8
Ptos_reactivos
100
AcDbCircle
 10
49.97342241041415
 20
60.8331127325435
 30
0.0
 40
0.05
  0
CIRCLE
  5
52E
330
17
100
AcDbEntity
  8
Ptos_reactivos
100
AcDbCircle
 10
13.130646136430189
 20
45.95462840969715
 30
0.0
 40
0.05
  0
CIRCLE
  5
52F
330
17
100
AcDbEntity
  8
Ptos_reactivos
100
AcDbCircle
 10
5.068551626264569
 20
18.544936190494752
 30
0.0
 40
0.05
  0
CIRCLE
  5
530
330
17
100
AcDbEntity
  8
Ptos_reactivos
100
AcDbCircle
 10
51.991052803108644
 20
49.4848319536256
 30
0.0
 40
0.05
  0
CIRCLE
  5
531
330
17
100
AcDbEntity
  8
Ptos_reactivos
100
AcDbCircle
 10
70.52687846099002
 20
12.364464344795662
 30
0.0
 40
0.05
  0
CIRCLE
  5
532
330
17
100
AcDbEntity
  8
Ptos_reactivos
100
AcDbCircle
 10
68.00954425300603
 20
73.48434385724774
 30
0.0
 40
0.05
  0
CIRCLE
  5
533
330
17
100
AcDbEntity
  8
Ptos_reactivos
100
AcDbCircle
 10
42.261689688938645
 20
46.57941732376484
 30
0.0
 40
0.05
  0
CIRCLE
  5
534
330
17
100
AcDbEntity
  8
Ptos_reactivos
100
AcDbCircle
 10
1.765616182918911
 20
17.35314875282434
 30
0.0
 40
0.05
  0
CIRCLE
  5
535
330
17
100
AcDbEntity
  8
Ptos_reactivos
100
AcDbCircle
 10
22.942617968570417
 20
64.62810806138899
 30
0.0
 40
0.05
  0
CIRCLE
  5
536
330
17
100
AcDbEntity
  8
Ptos_reactivos
100
AcDbCircle
 10
53.191935710841356
 20
30.51561422177879
 30
0.0
 40
0.05
  0
CIRCLE
  5
537
330
17
100
AcDbEntity
  8
Ptos_reactivos
100
AcDbCircle
 10
30.063874762006396
 20
26.19302846545238
 30
0.0
 40
0.05
  0
CIRCLE
  5
538
330
17
100
AcDbEntity
  8
Ptos_reactivos
100
AcDbCircle
 10
26.526082811182043
 20
2.306587815458011
 30
0.0
 40
0.05
  0
CIRCLE
  5
539
330
17
100
AcDbEntity
  8
Ptos_reactivos
100
AcDbCircle
 10
7.767435360112918
 20
52.385647737700786
 30
0.0
 40
0.05
  0
CIRCLE
  5
53A
330
17
100
AcDbEntity
  8
Ptos_reactivos
100
AcDbCircle
 10
68.60672490582807
 20
40.581596900807305
 30
0.0
 40
0.05
  0
CIRCLE
  5
53B
330
17
100
AcDbEntity
  8
Ptos_reactivos
100
AcDbCircle
 10
39.473315128376335
 20
61.189115559730034
 30
0.0
 40
0.05
  0
CIRCLE
  5
53C
330
17
100
AcDbEntity
  8
Ptos_reactivos
100
AcDbCircle
 10
5.79182257602811
 20
47.69935411980674
 30
0.0
 40
0.05
  0
CIRCLE
  5
53D
330
17
100
AcDbEntity
  8
Ptos_reactivos
100
AcDbCircle
 10
24.4741999921441
 20
24.02815741029795
 30
0.0
 40
0.05
  0
CIRCLE
  5
53E
330
17
100
AcDbEntity
  8
Ptos_reactivos
100
AcDbCircle
 10
37.17048585676586
 20
25.29825034308909
 30
0.0
 40
0.05
  0
CIRCLE
  5
53F
330
17
100
AcDbEntity
  8
Ptos_reactivos
100
AcDbCircle
 10
37.105291206335316
 20
7.5534994623339795
 30
0.0
 40
0.05
  0
CIRCLE
  5
540
330
17
100
AcDbEntity
  8
Ptos_reactivos
100
AcDbCircle
 10
23.12264165594515
 20
19.625881338226627
 30
0.0
 40
0.05
  0
CIRCLE
  5
541
330
17
100
AcDbEntity
  8
Ptos_reactivos
100
AcDbCircle
 10
74.36903727744937
 20
30.961755788931082
 30
0.0
 40
0.05
  0
CIRCLE
  5
542
330
17
100
AcDbEntity
  8
Ptos_reactivos
100
AcDbCircle
 10
62.8901245967768
 20
23.838505076413977
 30
0.0
 40
0.05
  0
CIRCLE
  5
543
330
17
100
AcDbEntity
  8
Ptos_reactivos
100
AcDbCircle
 10
9.136070997258114
 20
41.13054400596818
 30
0.0
 40
0.05
  0
CIRCLE
  5
544
330
17
100
AcDbEntity
  8
Ptos_reactivos
100
AcDbCircle
 10
63.34410480087899
 20
51.64543812617936
 30
0.0
 40
0.05
  0
CIRCLE
  5
545
330
17
100
AcDbEntity
  8
Ptos_reactivos
100
AcDbCircle
 10
26.20485851774824
 20
68.520220804415
 30
0.0
 40
0.05
  0
CIRCLE
  5
546
330
17
100
AcDbEntity
  8
Ptos_reactivos
100
AcDbCircle
 10
73.7669623611832
 20
5.555737526374252
 30
0.0
 40
0.05
  0
CIRCLE
  5
547
330
17
100
AcDbEntity
  8
Ptos_reactivos
100
AcDbCircle
 10
5.7042950898766325
 20
30.013180716962257
 30
0.0
 40
0.05
  0
CIRCLE
  5
548
330
17
100
AcDbEntity
  8
Ptos_reactivos
100
AcDbCircle
 10
71.45396533168868
 20
8.485515295931606
 30
0.0
 40
0.05
  0
CIRCLE
  5
549
330
17
100
AcDbEntity
  8
Ptos_reactivos
100
AcDbCircle
 10
29.86673181692585
 20
74.24724634951431
 30
0.0
 40
0.05
  0
CIRCLE
  5
54A
330
17
100
AcDbEntity
  8
Ptos_reactivos
100
AcDbCircle
 10
67.3822072408225
 20
0.3450228900580776
 30
0.0
 40
0.05
  0
CIRCLE
  5
54B
330
17
100
AcDbEntity
  8
Ptos_reactivos
100
AcDbCircle
 10
51.82303489907835
 20
22.841240958170406
 30
0.0
 40
0.05
  0
CIRCLE
  5
54C
330
17
100
AcDbEntity
  8
Ptos_reactivos
100
AcDbCircle
 10
7.973669590191118
 20
29.518170042102206
 30
0.0
 40
0.05
  0
CIRCLE
  5
54D
330
17
100
AcDbEntity
  8
Ptos_reactivos
100
AcDbCircle
 10
18.5359110077531
 20
22.49484239864855
 30
0.0
 40
0.05
  0
CIRCLE
  5
54E
330
17
100
AcDbEntity
  8
Ptos_reactivos
100
AcDbCircle
 10
68.49757309012661
 20
36.950107595429635
 30
0.0
 40
0.05
  0
CIRCLE
  5
54F
330
17
100
AcDbEntity
  8
Ptos_reactivos
100
AcDbCircle
 10
58.91027772803382
 20
39.73891565702554
 30
0.0
 40
0.05
  0
CIRCLE
  5
550
330
17
100
AcDbEntity
  8
Ptos_reactivos
100
AcDbCircle
 10
60.96973626040521
 20
2.5754460550765494
 30
0.0
 40
0.05
  0
CIRCLE
  5
551
330
17
100
AcDbEntity
  8
Ptos_reactivos
100
AcDbCircle
 10
7.425002799948722
 20
0.21030811535336646
 30
0.0
 40
0.05
  0
CIRCLE
  5
552
330
17
100
AcDbEntity
  8
Ptos_reactivos
100
AcDbCircle
 10
29.288595538828776
 20
7.80302718730704
 30
0.0
 40
0.05
  0
CIRCLE
  5
553
330
17
100
AcDbEntity
  8
Ptos_reactivos
100
AcDbCircle
 10
64.2656166085307
 20
6.051389542749772
 30
0.0
 40
0.05
  0
CIRCLE
  5
554
330
17
100
AcDbEntity
  8
Ptos_reactivos
100
AcDbCircle
 10
61.652810697109025
 20
44.73393038013694
 30
0.0
 40
0.05
  0
CIRCLE
  5
555
330
17
100
AcDbEntity
  8
Ptos_reactivos
100
AcDbCircle
 10
10.512118759197698
 20
53.93654190947694
 30
0.0
 40
0.05
  0
CIRCLE
  5
556
330
17
100
AcDbEntity
  8
Ptos_reactivos
100
AcDbCircle
 10
57.41969729530422
 20
12.871116203631164
 30
0.0
 40
0.05
  0
CIRCLE
  5
557
330
17
100
AcDbEntity
  8
Ptos_reactivos
100
AcDbCircle
 10
18.92817019653091
 20
18.399717346983387
 30
0.0
 40
0.05
  0
CIRCLE
  5
558
330
17
100
AcDbEntity
  8
Ptos_reactivos
100
AcDbCircle
 10
55.86094807766478
 20
32.03285003588975
 30
0.0
 40
0.05
  0
CIRCLE
  5
559
330
17
100
AcDbEntity
  8
Ptos_reactivos
100
AcDbCircle
 10
69.5140534257203
 20
11.409579865890066
 30
0.0
 40
0.05
  0
CIRCLE
  5
55A
330
17
100
AcDbEntity
  8
Ptos_reactivos
100
AcDbCircle
 10
20.015186977455837
 20
53.97803616731413
 30
0.0
 40
0.05
  0
CIRCLE
  5
55B
330
17
100
AcDbEntity
  8
Ptos_reactivos
100
AcDbCircle
 10
26.78387151334251
 20
49.678658627240694
 30
0.0
 40
0.05
  0
CIRCLE
  5
55C
330
17
100
AcDbEntity
  8
Ptos_reactivos
100
AcDbCircle
 10
74.04493626721623
 20
21.28649610321811
 30
0.0
 40
0.05
  0
CIRCLE
  5
55D
330
17
100
AcDbEntity
  8
Ptos_reactivos
100
AcDbCircle
 10
67.4580117737839
 20
42.98578520165688
 30
0.0
 40
0.05
  0
CIRCLE
  5
55E
330
17
100
AcDbEntity
  8
Ptos_reactivos
100
AcDbCircle
 10
29.357536335729904
 20
54.87350537884161
 30
0.0
 40
0.05
  0
CIRCLE
  5
55F
330
17
100
AcDbEntity
  8
Ptos_reactivos
100
AcDbCircle
 10
29.30406765815276
 20
55.44107296279275
 30
0.0
 40
0.05
  0
CIRCLE
  5
560
330
17
100
AcDbEntity
  8
Ptos_reactivos
100
AcDbCircle
 10
9.43563739761291
 20
55.43537887099871
 30
0.0
 40
0.05
  0
CIRCLE
  5
561
330
17
100
AcDbEntity
  8
Ptos_reactivos
100
AcDbCircle
 10
32.88609112056251
 20
18.213765814693613
 30
0.0
 40
0.05
  0
CIRCLE
  5
562
330
17
100
AcDbEntity
  8
Ptos_reactivos
100
AcDbCircle
 10
15.697793792821624
 20
65.2753667156156
 30
0.0
 40
0.05
  0
CIRCLE
  5
563
330
17
100
AcDbEntity
  8
Ptos_reactivos
100
AcDbCircle
 10
48.68002843466055
 20
66.14346070477691
 30
0.0
 40
0.05
  0
CIRCLE
  5
564
330
17
100
AcDbEntity
  8
Ptos_reactivos
100
AcDbCircle
 10
33.77164286671379
 20
9.40477719140708
 30
0.0
 40
0.05
  0
CIRCLE
  5
565
330
17
100
AcDbEntity
  8
Ptos_reactivos
100
AcDbCircle
 10
10.444715976989471
 20
29.84736050154846
 30
0.0
 40
0.05
  0
CIRCLE
  5
566
330
17
100
AcDbEntity
  8
Ptos_reactivos
100
AcDbCircle
 10
5.699224182243833
 20
51.73255489465904
 30
0.0
 40
0.05
  0
CIRCLE
  5
567
330
17
100
AcDbEntity
  8
Ptos_reactivos
100
AcDbCircle
 10
74.81481130102114
 20
5.1427992208094295
 30
0.0
 40
0.05
  0
CIRCLE
  5
568
330
17
100
AcDbEntity
  8
Ptos_reactivos
100
AcDbCircle
 10
58.45289458213397
 20
9.079022217800533
 30
0.0
 40
0.05
  0
CIRCLE
  5
569
330
17
100
AcDbEntity
  8
Ptos_reactivos
100
AcDbCircle
 10
18.539663754651443
 20
2.7068153639376176
 30
0.0
 40
0.05
  0
CIRCLE
  5
56A
330
17
100
AcDbEntity
  8
Ptos_reactivos
100
AcDbCircle
 10
13.78943724940808
 20
8.42654811353577
 30
0.0
 40
0.05
  0
CIRCLE
  5
56B
330
17
100
AcDbEntity
  8
Ptos_reactivos
100
AcDbCircle
 10
38.11473016200847
 20
71.53872079361227
 30
0.0
 40
0.05
  0
CIRCLE
  5
56C
330
17
100
AcDbEntity
  8
Ptos_reactivos
100
AcDbCircle
 10
52.82684204793255
 20
16.52581309072419
 30
0.0
 40
0.05
  0
CIRCLE
  5
56D
330
17
100
AcDbEntity
  8
Ptos_reactivos
100
AcDbCircle
 10
2.129843596984027
 20
68.48189783830769
 30
0.0
 40
0.05
  0
CIRCLE
  5
56E
330
17
100
AcDbEntity
  8
Ptos_reactivos
100
AcDbCircle
 10
58.657847677709704
 20
14.628116570960092
 30
0.0
 40
0.05
  0
CIRCLE
  5
56F
330
17
100
AcDbEntity
  8
Ptos_reactivos
100
AcDbCircle
 10
59.427273045025196
 20
27.331993496399303
 30
0.0
 40
0.05
  0
CIRCLE
  5
570
330
17
100
AcDbEntity
  8
Ptos_reactivos
100
AcDbCircle
 10
65.12820637336131
 20
43.82228312398085
 30
0.0
 40
0.05
  0
CIRCLE
  5
571
330
17
100
AcDbEntity
  8
Ptos_reactivos
100
AcDbCircle
 10
8.081455628065475
 20
13.23480314407752
 30
0.0
 40
0.05
  0
CIRCLE
  5
572
330
17
100
AcDbEntity
  8
Ptos_reactivos
100
AcDbCircle
 10
67.34296046914068
 20
34.983934360422865
 30
0.0
 40
0.05
  0
CIRCLE
  5
573
330
17
100
AcDbEntity
  8
Ptos_reactivos
100
AcDbCircle
 10
52.821477825144456
 20
28.41777365497538
 30
0.0
 40
0.05
  0
CIRCLE
  5
574
330
17
100
AcDbEntity
  8
Ptos_reactivos
100
AcDbCircle
 10
39.29585664371937
 20
33.8804197672651
 30
0.0
 40
0.05
  0
CIRCLE
  5
575
330
17
100
AcDbEntity
  8
Ptos_reactivos
100
AcDbCircle
 10
29.134424793011522
 20
17.27285096173359
 30
0.0
 40
0.05
  0
CIRCLE
  5
576
330
17
100
AcDbEntity
  8
Ptos_reactivos
100
AcDbCircle
 10
37.175184330689966
 20
44.47314017548261
 30
0.0
 40
0.05
  0
CIRCLE
  5
577
330
17
100
AcDbEntity
  8
Ptos_reactivos
100
AcDbCircle
 10
63.02742911256059
 20
46.33176220755411
 30
0.0
 40
0.05
  0
CIRCLE
  5
578
330
17
100
AcDbEntity
  8
Ptos_reactivos
100
AcDbCircle
 10
37.25321849884467
 20
72.5207014267898
 30
0.0
 40
0.05
  0
CIRCLE
  5
579
330
17
100
AcDbEntity
  8
Ptos_reactivos
100
AcDbCircle
 10
46.052737967898125
 20
54.70640517753469
 30
0.0
 40
0.05
  0
CIRCLE
  5
57A
330
17
100
AcDbEntity
  8
Ptos_reactivos
100
AcDbCircle
 10
58.44876206840438
 20
56.68479322630999
 30
0.0
 40
0.05
  0
CIRCLE
  5
57B
330
17
100
AcDbEntity
  8
Ptos_reactivos
100
AcDbCircle
 10
67.68613750803902
 20
54.39000996429202
 30
0.0
 40
0.05
  0
CIRCLE
  5
57C
330
17
100
AcDbEntity
  8
Ptos_reactivos
100
AcDbCircle
 10
14.251618307534217
 20
41.65201823926461
 30
0.0
 40
0.05
  0
CIRCLE
  5
57D
330
17
100
AcDbEntity
  8
Ptos_reactivos
100
AcDbCircle
 10
14.28806058176848
 20
60.35512566219289
 30
0.0
 40
0.05
  0
CIRCLE
  5
57E
330
17
100
AcDbEntity
  8
Ptos_reactivos
100
AcDbCircle
 10
19.62696305400861
 20
49.56175066870556
 30
0.0
 40
0.05
  0
CIRCLE
  5
57F
330
17
100
AcDbEntity
  8
Ptos_reactivos
100
AcDbCircle
 10
51.21538502370425
 20
17.222921144780308
 30
0.0
 40
0.05
  0
CIRCLE
  5
580
330
17
100
AcDbEntity
  8
Ptos_reactivos
100
AcDbCircle
 10
63.3362289624185
 20
56.949380678408474
 30
0.0
 40
0.05
  0
CIRCLE
  5
581
330
17
100
AcDbEntity
  8
Ptos_reactivos
100
AcDbCircle
 10
15.877308883758392
 20
37.75121704806332
 30
0.0
 40
0.05
  0
CIRCLE
  5
582
330
17
100
AcDbEntity
  8
Ptos_reactivos
100
AcDbCircle
 10
34.34938150168444
 20
23.22235414112891
 30
0.0
 40
0.05
  0
CIRCLE
  5
583
330
17
100
AcDbEntity
  8
Ptos_reactivos
100
AcDbCircle
 10
29.19304777542107
 20
36.13885112069666
 30
0.0
 40
0.05
  0
CIRCLE
  5
584
330
17
100
AcDbEntity
  8
Ptos_reactivos
100
AcDbCircle
 10
17.375627027571277
 20
34.55299747619207
 30
0.0
 40
0.05
  0
CIRCLE
  5
585
330
17
100
AcDbEntity
  8
Ptos_reactivos
100
AcDbCircle
 10
69.843263648962
 20
22.26089011432137
 30
0.0
 40
0.05
  0
CIRCLE
  5
586
330
17
100
AcDbEntity
  8
Ptos_reactivos
100
AcDbCircle
 10
54.14500050848597
 20
45.2685969574791
 30
0.0
 40
0.05
  0
CIRCLE
  5
587
330
17
100
AcDbEntity
  8
Ptos_reactivos
100
AcDbCircle
 10
58.346826770556476
 20
73.48847254413026
 30
0.0
 40
0.05
  0
CIRCLE
  5
588
330
17
100
AcDbEntity
  8
Ptos_reactivos
100
AcDbCircle
 10
8.340506244207068
 20
61.98794571254354
 30
0.0
 40
0.05
  0
CIRCLE
  5
589
330
17
100
AcDbEntity
  8
Ptos_reactivos
100
AcDbCircle
 10
56.26662824102412
 20
21.347699432461066
 30
0.0
 40
0.05
  0
CIRCLE
  5
58A
330
17
100
AcDbEntity
  8
Ptos_reactivos
100
AcDbCircle
 10
50.50425208394552
 20
69.39551456082754
 30
0.0
 40
0.05
  0
CIRCLE
  5
58B
330
17
100
AcDbEntity
  8
Ptos_reactivos
100
AcDbCircle
 10
74.66306291408985
 20
57.6143236882868
 30
0.0
 40
0.05
  0
CIRCLE
  5
58C
330
17
100
AcDbEntity
  8
Ptos_reactivos
100
AcDbCircle
 10
57.79771303869925
 20
23.457460637299416
 30
0.0
 40
0.05
  0
CIRCLE
  5
58D
330
17
100
AcDbEntity
  8
Ptos_reactivos
100
AcDbCircle
 10
4.533853095952259
 20
33.79153248933066
 30
0.0
 40
0.05
  0
CIRCLE
  5
58E
330
17
100
AcDbEntity
  8
Ptos_reactivos
100
AcDbCircle
 10
62.9873738134066
 20
46.810842441064864
 30
0.0
 40
0.05
  0
CIRCLE
  5
58F
330
17
100
AcDbEntity
  8
Ptos_reactivos
100
AcDbCircle
 10
10.89252130630567
 20
29.86228304572379
 30
0.0
 40
0.05
  0
CIRCLE
  5
590
330
17
100
AcDbEntity
  8
Ptos_reactivos
100
AcDbCircle
 10
5.16361551646772
 20
2.3916081805793326
 30
0.0
 40
0.05
  0
CIRCLE
  5
591
330
17
100
AcDbEntity
  8
Ptos_reactivos
100
AcDbCircle
 10
15.132454243410281
 20
14.937139668616398
 30
0.0
 40
0.05
  0
CIRCLE
  5
592
330
17
100
AcDbEntity
  8
Ptos_reactivos
100
AcDbCircle
 10
18.582727468242993
 20
59.76613147898173
 30
0.0
 40
0.05
  0
CIRCLE
  5
593
330
17
100
AcDbEntity
  8
Ptos_reactivos
100
AcDbCircle
 10
28.384343274699948
 20
50.868677024359904
 30
0.0
 40
0.05
  0
CIRCLE
  5
594
330
17
100
AcDbEntity
  8
Ptos_reactivos
100
AcDbCircle
 10
48.02222902020203
 20
70.75330613015298
 30
0.0
 40
0.05
  0
CIRCLE
  5
595
330
17
100
AcDbEntity
  8
Ptos_reactivos
100
AcDbCircle
 10
37.46912033191882
 20
64.5527317554883
 30
0.0
 40
0.05
  0
CIRCLE
  5
596
330
17
100
AcDbEntity
  8
Ptos_reactivos
100
AcDbCircle
 10
71.68091554260276
 20
3.0182737025627433
 30
0.0
 40
0.05
  0
CIRCLE
  5
597
330
17
100
AcDbEntity
  8
Ptos_reactivos
100
AcDbCircle
 10
10.770458581127043
 20
49.95098757714501
 30
0.0
 40
0.05
  0
CIRCLE
  5
598
330
17
100
AcDbEntity
  8
Ptos_reactivos
100
AcDbCircle
 10
66.18745771814052
 20
41.370491151613535
 30
0.0
 40
0.05
  0
CIRCLE
  5
599
330
17
100
AcDbEntity
  8
Ptos_reactivos
100
AcDbCircle
 10
67.3072892310277
 20
50.82039788119935
 30
0.0
 40
0.05
  0
CIRCLE
  5
59A
330
17
100
AcDbEntity
  8
Ptos_reactivos
100
AcDbCircle
 10
21.98278340287167
 20
46.62091941632715
 30
0.0
 40
0.05
  0
CIRCLE
  5
59B
330
17
100
AcDbEntity
  8
Ptos_reactivos
100
AcDbCircle
 10
44.15693344910481
 20
36.77991425689061
 30
0.0
 40
0.05
  0
CIRCLE
  5
59C
330
17
100
AcDbEntity
  8
Ptos_reactivos
100
AcDbCircle
 10
11.199242070308674
 20
53.704027174664326
 30
0.0
 40
0.05
  0
CIRCLE
  5
59D
330
17
100
AcDbEntity
  8
Ptos_reactivos
100
AcDbCircle
 10
7.77946100026205
 20
36.025073447932634
 30
0.0
 40
0.05
  0
CIRCLE
  5
59E
330
17
100
AcDbEntity
  8
Ptos_reactivos
100
AcDbCircle
 10
42.52108614585373
 20
29.815884561172407
 30
0.0
 40
0.05
  0
CIRCLE
  5
59F
330
17
100
AcDbEntity
  8
Ptos_reactivos
100
AcDbCircle
 10
41.53202180543703
 20
62.128624995692
 30
0.0
 40
0.05
  0
CIRCLE
  5
5A0
330
17
100
AcDbEntity
  8
Ptos_reactivos
100
AcDbCircle
 10
38.61239555898604
 20
28.058420925298993
 30
0.0
 40
0.05
  0
CIRCLE
  5
5A1
330
17
100
AcDbEntity
  8
Ptos_reactivos
100
AcDbCircle
 10
33.72037610945769
 20
59.695299076749514
 30
0.0
 40
0.05
  0
CIRCLE
  5
5A2
330
17
100
AcDbEntity
  8
Ptos_reactivos
100
AcDbCircle
 10
50.228305187585775
 20
26.57045561521616
 30
0.0
 40
0.05
  0
CIRCLE
  5
5A3
330
17
100
AcDbEntity
  8
Ptos_reactivos
100
AcDbCircle
 10
27.105479576723013
 20
58.97790106434575
 30
0.0
 40
0.05
  0
CIRCLE
  5
5A4
330
17
100
AcDbEntity
  8
Ptos_reactivos
100
AcDbCircle
 10
2.981877605114608
 20
34.452962159485594
 30
0.0
 40
0.05
  0
CIRCLE
  5
5A5
330
17
100
AcDbEntity
  8
Ptos_reactivos
100
AcDbCircle
 10
20.63730500041069
 20
22.155609389446063
 30
0.0
 40
0.05
  0
CIRCLE
  5
5A6
330
17
100
AcDbEntity
  8
Ptos_reactivos
100
AcDbCircle
 10
29.025591763513734
 20
41.66525330623382
 30
0.0
 40
0.05
  0
CIRCLE
  5
5A7
330
17
100
AcDbEntity
  8
Ptos_reactivos
100
AcDbCircle
 10
65.02152055089591
 20
41.12562214313211
 30
0.0
 40
0.05
  0
CIRCLE
  5
5A8
330
17
100
AcDbEntity
  8
Ptos_reactivos
100
AcDbCircle
 10
29.648133308851975
 20
28.314817773289093
 30
0.0
 40
0.05
  0
CIRCLE
  5
5A9
330
17
100
AcDbEntity
  8
Ptos_reactivos
100
AcDbCircle
 10
4.451842114248775
 20
55.16493737656714
 30
0.0
 40
0.05
  0
CIRCLE
  5
5AA
330
17
100
AcDbEntity
  8
Ptos_reactivos
100
AcDbCircle
 10
22.564671481539428
 20
20.543207907716972
 30
0.0
 40
0.05
  0
CIRCLE
  5
5AB
330
17
100
AcDbEntity
  8
Ptos_reactivos
100
AcDbCircle
 10
70.45035950508507
 20
29.14853710007707
 30
0.0
 40
0.05
  0
CIRCLE
  5
5AC
330
17
100
AcDbEntity
  8
Ptos_reactivos
100
AcDbCircle
 10
19.104725049039146
 20
61.09335590921111
 30
0.0
 40
0.05
  0
CIRCLE
  5
5AD
330
17
100
AcDbEntity
  8
Ptos_reactivos
100
AcDbCircle
 10
63.58428358529317
 20
55.73189489055388
 30
0.0
 40
0.05
  0
CIRCLE
  5
5AE
330
17
100
AcDbEntity
  8
Ptos_reactivos
100
AcDbCircle
 10
12.658161906978908
 20
28.62260229716196
 30
0.0
 40
0.05
  0
CIRCLE
  5
5AF
330
17
100
AcDbEntity
  8
Ptos_reactivos
100
AcDbCircle
 10
25.350985005843345
 20
11.207523681290851
 30
0.0
 40
0.05
  0
CIRCLE
  5
5B0
330
17
100
AcDbEntity
  8
Ptos_reactivos
100
AcDbCircle
 10
61.150570959950194
 20
0.7963728154441102
 30
0.0
 40
0.05
  0
CIRCLE
  5
5B1
330
17
100
AcDbEntity
  8
Ptos_reactivos
100
AcDbCircle
 10
37.37970569772705
 20
29.393125556546224
 30
0.0
 40
0.05
  0
CIRCLE
  5
5B2
330
17
100
AcDbEntity
  8
Ptos_reactivos
100
AcDbCircle
 10
12.884068407064886
 20
72.20543870412325
 30
0.0
 40
0.05
  0
CIRCLE
  5
5B3
330
17
100
AcDbEntity
  8
Ptos_reactivos
100
AcDbCircle
 10
9.327197688283054
 20
47.618360114344064
 30
0.0
 40
0.05
  0
CIRCLE
  5
5B4
330
17
100
AcDbEntity
  8
Ptos_reactivos
100
AcDbCircle
 10
59.12164257835816
 20
61.96002433972921
 30
0.0
 40
0.05
  0
CIRCLE
  5
5B5
330
17
100
AcDbEntity
  8
Ptos_reactivos
100
AcDbCircle
 10
63.529306187096985
 20
26.835140916601947
 30
0.0
 40
0.05
  0
CIRCLE
  5
5B6
330
17
100
AcDbEntity
  8
Ptos_reactivos
100
AcDbCircle
 10
48.987788665511545
 20
25.561981810841093
 30
0.0
 40
0.05
  0
CIRCLE
  5
5B7
330
17
100
AcDbEntity
  8
Ptos_reactivos
100
AcDbCircle
 10
69.45734814926881
 20
19.23264390961895
 30
0.0
 40
0.05
  0
CIRCLE
  5
5B8
330
17
100
AcDbEntity
  8
Ptos_reactivos
100
AcDbCircle
 10
58.26241251918431
 20
18.87831783357255
 30
0.0
 40
0.05
  0
CIRCLE
  5
5B9
330
17
100
AcDbEntity
  8
Ptos_reactivos
100
AcDbCircle
 10
5.935079825245667
 20
53.6211966720708
 30
0.0
 40
0.05
  0
CIRCLE
  5
5BA
330
17
100
AcDbEntity
  8
Ptos_reactivos
100
AcDbCircle
 10
24.34547058313098
 20
36.19130708342318
 30
0.0
 40
0.05
  0
CIRCLE
  5
5BB
330
17
100
AcDbEntity
  8
Ptos_reactivos
100
AcDbCircle
 10
46.23769758043081
 20
71.85852412415497
 30
0.0
 40
0.05
  0
CIRCLE
  5
5BC
330
17
100
AcDbEntity
  8
Ptos_reactivos
100
AcDbCircle
 10
7.6842086290718985
 20
29.13395630462424
 30
0.0
 40
0.05
  0
CIRCLE
  5
5BD
330
17
100
AcDbEntity
  8
Ptos_reactivos
100
AcDbCircle
 10
44.81426710477117
 20
73.67122934814948
 30
0.0
 40
0.05
  0
CIRCLE
  5
5BE
330
17
100
AcDbEntity
  8
Ptos_reactivos
100
AcDbCircle
 10
19.5262798198035
 20
3.402194633108377
 30
0.0
 40
0.05
  0
CIRCLE
  5
5BF
330
17
100
AcDbEntity
  8
Ptos_reactivos
100
AcDbCircle
 10
1.5591520174878775
 20
18.75737407690122
 30
0.0
 40
0.05
  0
CIRCLE
  5
5C0
330
17
100
AcDbEntity
  8
Ptos_reactivos
100
AcDbCircle
 10
21.651228132238163
 20
64.7795180739071
 30
0.0
 40
0.05
  0
CIRCLE
  5
5C1
330
17
100
AcDbEntity
  8
Ptos_reactivos
100
AcDbCircle
 10
51.87211611363937
 20
66.09858797356537
 30
0.0
 40
0.05
  0
CIRCLE
  5
5C2
330
17
100
AcDbEntity
  8
Ptos_reactivos
100
AcDbCircle
 10
21.640653746857456
 20
43.41844421961962
 30
0.0
 40
0.05
  0
CIRCLE
  5
5C3
330
17
100
AcDbEntity
  8
Ptos_reactivos
100
AcDbCircle
 10
5.414094523344665
 20
71.42918884872589
 30
0.0
 40
0.05
  0
CIRCLE
  5
5C4
330
17
100
AcDbEntity
  8
Ptos_reactivos
100
AcDbCircle
 10
47.75223233226811
 20
29.76106896801237
 30
0.0
 40
0.05
  0
CIRCLE
  5
5C5
330
17
100
AcDbEntity
  8
Ptos_reactivos
100
AcDbCircle
 10
47.816407212227496
 20
28.51381202573398
 30
0.0
 40
0.05
  0
CIRCLE
  5
5C6
330
17
100
AcDbEntity
  8
Ptos_reactivos
100
AcDbCircle
 10
23.118910406692496
 20
33.74154375968483
 30
0.0
 40
0.05
  0
CIRCLE
  5
5C7
330
17
100
AcDbEntity
  8
Ptos_reactivos
100
AcDbCircle
 10
5.772295687612397
 20
67.93742824332196
 30
0.0
 40
0.05
  0
CIRCLE
  5
5C8
330
17
100
AcDbEntity
  8
Ptos_reactivos
100
AcDbCircle
 10
4.159447059735932
 20
10.086461871449531
 30
0.0
 40
0.05
  0
CIRCLE
  5
5C9
330
17
100
AcDbEntity
  8
Ptos_reactivos
100
AcDbCircle
 10
42.14414671154486
 20
62.54641861242338
 30
0.0
 40
0.05
  0
CIRCLE
  5
5CA
330
17
100
AcDbEntity
  8
Ptos_reactivos
100
AcDbCircle
 10
48.33754189492859
 20
46.81969081309137
 30
0.0
 40
0.05
  0
CIRCLE
  5
5CB
330
17
100
AcDbEntity
  8
Ptos_reactivos
100
AcDbCircle
 10
33.3742962596435
 20
31.060323370786474
 30
0.0
 40
0.05
  0
CIRCLE
  5
5CC
330
17
100
AcDbEntity
  8
Ptos_reactivos
100
AcDbCircle
 10
2.2993303268141
 20
22.215275254042286
 30
0.0
 40
0.05
  0
CIRCLE
  5
5CD
330
17
100
AcDbEntity
  8
Ptos_reactivos
100
AcDbCircle
 10
9.550442795358476
 20
48.41207723243495
 30
0.0
 40
0.05
  0
CIRCLE
  5
5CE
330
17
100
AcDbEntity
  8
Ptos_reactivos
100
AcDbCircle
 10
55.111517268125525
 20
73.93328511673207
 30
0.0
 40
0.05
  0
CIRCLE
  5
5CF
330
17
100
AcDbEntity
  8
Ptos_reactivos
100
AcDbCircle
 10
39.58873129412344
 20
38.33094989611455
 30
0.0
 40
0.05
  0
CIRCLE
  5
5D0
330
17
100
AcDbEntity
  8
Ptos_reactivos
100
AcDbCircle
 10
24.439260990382746
 20
11.295921872286705
 30
0.0
 40
0.05
  0
CIRCLE
  5
5D1
330
17
100
AcDbEntity
  8
Ptos_reactivos
100
AcDbCircle
 10
39.010950876445044
 20
63.64841382885974
 30
0.0
 40
0.05
  0
CIRCLE
  5
5D2
330
17
100
AcDbEntity
  8
Ptos_reactivos
100
AcDbCircle
 10
6.92439650036214
 20
45.543840763007445
 30
0.0
 40
0.05
  0
CIRCLE
  5
5D3
330
17
100
AcDbEntity
  8
Ptos_reactivos
100
AcDbCircle
 10
33.230218800875654
 20
4.207260210392749
 30
0.0
 40
0.05
  0
CIRCLE
  5
5D4
330
17
100
AcDbEntity
  8
Ptos_reactivos
100
AcDbCircle
 10
27.0323027285317
 20
40.945975129246946
 30
0.0
 40
0.05
  0
CIRCLE
  5
5D5
330
17
100
AcDbEntity
  8
Ptos_reactivos
100
AcDbCircle
 10
42.87777148653758
 20
28.385558374573666
 30
0.0
 40
0.05
  0
CIRCLE
  5
5D6
330
17
100
AcDbEntity
  8
Ptos_reactivos
100
AcDbCircle
 10
27.85355050226284
 20
33.750997376655086
 30
0.0
 40
0.05
  0
CIRCLE
  5
5D7
330
17
100
AcDbEntity
  8
Ptos_reactivos
100
AcDbCircle
 10
29.58918144479272
 20
54.26586588288789
 30
0.0
 40
0.05
  0
CIRCLE
  5
5D8
330
17
100
AcDbEntity
  8
Ptos_reactivos
100
AcDbCircle
 10
5.25494565587139
 20
41.871342004608195
 30
0.0
 40
0.05
  0
CIRCLE
  5
5D9
330
17
100
AcDbEntity
  8
Ptos_reactivos
100
AcDbCircle
 10
54.32060154766062
 20
7.705994059025811
 30
0.0
 40
0.05
  0
CIRCLE
  5
5DA
330
17
100
AcDbEntity
  8
Ptos_reactivos
100
AcDbCircle
 10
35.952304240874646
 20
66.08853861022375
 30
0.0
 40
0.05
  0
CIRCLE
  5
5DB
330
17
100
AcDbEntity
  8
Ptos_reactivos
100
AcDbCircle
 10
16.38104318711438
 20
8.619268994086982
 30
0.0
 40
0.05
  0
CIRCLE
  5
5DC
330
17
100
AcDbEntity
  8
Ptos_reactivos
100
AcDbCircle
 10
25.30967968409248
 20
5.471506076339947
 30
0.0
 40
0.05
  0
CIRCLE
  5
5DD
330
17
100
AcDbEntity
  8
Ptos_reactivos
100
AcDbCircle
 10
61.88743154296143
 20
29.15033419731116
 30
0.0
 40
0.05
  0
CIRCLE
  5
5DE
330
17
100
AcDbEntity
  8
Ptos_reactivos
100
AcDbCircle
 10
46.372563091791605
 20
37.2625917360005
 30
0.0
 40
0.05
  0
CIRCLE
  5
5DF
330
17
100
AcDbEntity
  8
Ptos_reactivos
100
AcDbCircle
 10
24.661787793926422
 20
49.73827498959637
 30
0.0
 40
0.05
  0
CIRCLE
  5
5E0
330
17
100
AcDbEntity
  8
Ptos_reactivos
100
AcDbCircle
 10
56.167856181312764
 20
60.039810791405515
 30
0.0
 40
0.05
  0
CIRCLE
  5
5E1
330
17
100
AcDbEntity
  8
Ptos_reactivos
100
AcDbCircle
 10
18.162395954832533
 20
63.358393684957306
 30
0.0
 40
0.05
  0
CIRCLE
  5
5E2
330
17
100
AcDbEntity
  8
Ptos_reactivos
100
AcDbCircle
 10
22.25216386010687
 20
18.5369177228125
 30
0.0
 40
0.05
  0
CIRCLE
  5
5E3
330
17
100
AcDbEntity
  8
Ptos_reactivos
100
AcDbCircle
 10
30.155921647997296
 20
20.061196741192568
 30
0.0
 40
0.05
  0
CIRCLE
  5
5E4
330
17
100
AcDbEntity
  8
Ptos_reactivos
100
AcDbCircle
 10
69.17737667516693
 20
25.09233706639426
 30
0.0
 40
0.05
  0
CIRCLE
  5
5E5
330
17
100
AcDbEntity
  8
Ptos_reactivos
100
AcDbCircle
 10
2.04117477087164
 20
73.43433846819163
 30
0.0
 40
0.05
  0
CIRCLE
  5
5E6
330
17
100
AcDbEntity
  8
Ptos_reactivos
100
AcDbCircle
 10
49.553279913788025
 20
54.53758648566776
 30
0.0
 40
0.05
  0
CIRCLE
  5
5E7
330
17
100
AcDbEntity
  8
Ptos_reactivos
100
AcDbCircle
 10
44.26921548238311
 20
1.9349902461465451
 30
0.0
 40
0.05
  0
CIRCLE
  5
5E8
330
17
100
AcDbEntity
  8
Ptos_reactivos
100
AcDbCircle
 10
72.11698591166035
 20
59.12729566864446
 30
0.0
 40
0.05
  0
CIRCLE
  5
5E9
330
17
100
AcDbEntity
  8
Ptos_reactivos
100
AcDbCircle
 10
69.43529784033103
 20
65.00144538525534
 30
0.0
 40
0.05
  0
CIRCLE
  5
5EA
330
17
100
AcDbEntity
  8
Ptos_reactivos
100
AcDbCircle
 10
14.26108543528628
 20
38.36585617562027
 30
0.0
 40
0.05
  0
CIRCLE
  5
5EB
330
17
100
AcDbEntity
  8
Ptos_reactivos
100
AcDbCircle
 10
23.29885236698179
 20
30.796596068850157
 30
0.0
 40
0.05
  0
CIRCLE
  5
5EC
330
17
100
AcDbEntity
  8
Ptos_reactivos
100
AcDbCircle
 10
53.706530974553786
 20
64.88839739351673
 30
0.0
 40
0.05
  0
CIRCLE
  5
5ED
330
17
100
AcDbEntity
  8
Ptos_reactivos
100
AcDbCircle
 10
24.463907531329568
 20
28.102928566947458
 30
0.0
 40
0.05
  0
CIRCLE
  5
5EE
330
17
100
AcDbEntity
  8
Ptos_reactivos
100
AcDbCircle
 10
9.872458232642673
 20
36.2834542016707
 30
0.0
 40
0.05
  0
ENDSEC
  0
SECTION
  2
OBJECTS
  0
DICTIONARY
  5
A
330
0
100
AcDbDictionary
281
1
  3
ACAD_COLOR
350
B
  3
ACAD_GROUP
350
C
  3
ACAD_LAYOUT
350
D
  3
ACAD_MATERIAL
350
E
  3
ACAD_MLEADERSTYLE
350
F
  3
ACAD_MLINESTYLE
350
10
  3
ACAD_PLOTSETTINGS
350
11
  3
ACAD_PLOTSTYLENAME
350
12
  3
ACAD_SCALELIST
350
14
  3
ACAD_TABLESTYLE
350
15
  3
ACAD_VISUALSTYLE
350
16
  3
EZDXF_META
350
2D
  0
DICTIONARY
  5
B
330
A
100
AcDbDictionary
281
1
  0
DICTIONARY
  5
C
330
A
100
AcDbDictionary
281
1
  0
DICTIONARY
  5
D
330
A
100
AcDbDictionary
281
1
  3
Model
350
1A
  3
Layout1
350
1E
  0
DICTIONARY
  5
E
330
A
100
AcDbDictionary
281
1
  3
ByBlock
350
1F
  3
ByLayer
350
20
  3
Global
350
21
  0
DICTIONARY
  5
F
330
A
100
AcDbDictionary
281
1
  3
Standard
350
2C
  0
DICTIONARY
  5
10
330
A
100
AcDbDictionary
281
1
  3
Standard
350
22
  0
DICTIONARY
  5
11
330
A
100
AcDbDictionary
281
1
  0
ACDBDICTIONARYWDFLT
  5
12
330
A
100
AcDbDictionary
281
1
  3
Normal
350
13
100
AcDbDictionaryWithDefault
340
13
  0
ACDBPLACEHOLDER
  5
13
330
12
  0
DICTIONARY
  5
14
330
A
100
AcDbDictionary
281
1
  0
DICTIONARY
  5
15
330
A
100
AcDbDictionary
281
1
  0
DICTIONARY
  5
16
330
A
100
AcDbDictionary
281
1
  0
LAYOUT
  5
1A
330
D
100
AcDbPlotSettings
  1

  2
Adobe PDF
  4
A3
  6

 40
7.5
 41
20.0
 42
7.5
 43
20.0
 44
420.0
 45
297.0
 46
0.0
 47
0.0
 48
0.0
 49
0.0
140
0.0
141
0.0
142
1.0
143
1.0
 70
1024
 72
1
 73
1
 74
5
  7

 75
16
 76
0
 77
2
 78
300
147
1.0
148
0.0
149
0.0
100
AcDbLayout
  1
Model
 70
1
 71
0
 10
0.0
 20
0.0
 11
420.0
 21
297.0
 12
0.0
 22
0.0
 32
0.0
 14
1e+20
 24
1e+20
 34
1e+20
 15
-1e+20
 25
-1e+20
 35
-1e+20
146
0.0
 13
0.0
 23
0.0
 33
0.0
 16
1.0
 26
0.0
 36
0.0
 17
0.0
 27
1.0
 37
0.0
 76
1
330
17
  0
LAYOUT
  5
1E
330
D
100
AcDbPlotSettings
  1

  2
Adobe PDF
  4
A3
  6

 40
7.5
 41
20.0
 42
7.5
 43
20.0
 44
420.0
 45
297.0
 46
0.0
 47
0.0
 48
0.0
 49
0.0
140
0.0
141
0.0
142
1.0
143
1.0
 70
0
 72
1
 73
1
 74
5
  7

 75
16
 76
0
 77
2
 78
300
147
1.0
148
0.0
149
0.0
100
AcDbLayout
  1
Layout1
 70
1
 71
1
 10
0.0
 20
0.0
 11
420.0
 21
297.0
 12
0.0
 22
0.0
 32
0.0
 14
1e+20
 24
1e+20
 34
1e+20
 15
-1e+20
 25
-1e+20
 35
-1e+20
146
0.0
 13
0.0
 23
0.0
 33
0.0
 16
1.0
 26
0.0
 36
0.0
 17
0.0
 27
1.0
 37
0.0
 76
1
330
1B
  0
MATERIAL
  5
1F
102
{ACAD_REACTORS
330
E
102
}
330
E
100
AcDbMaterial
  1
ByBlock
  2

 70
0
 40
1.0
 71
1
 41
1.0
 91
-1023410177
 42
1.0
 72
1
  3

 73
1
 74
1
 75
1
 44
0.5
 73
0
 45
1.0
 46
1.0
 77
1
  4

 78
1
 79
1
170
1
 48
1.0
171
1
  6

172
1
173
1
174
1
140
1.0
141
1.0
175
1
  7

176
1
177
1
178
1
143
1.0
179
1
  8

270
1
271
1
272
1
145
1.0
146
1.0
273
1
  9

274
1
275
1
276
1
 42
1.0
 72
1
  3

 73
1
 74
1
 75
1
 94
63
  0
MATERIAL
  5
20
102
{ACAD_REACTORS
330
E
102
}
330
E
100
AcDbMaterial
  1
ByLayer
  2

 70
0
 40
1.0
 71
1
 41
1.0
 91
-1023410177
 42
1.0
 72
1
  3

 73
1
 74
1
 75
1
 44
0.5
 73
0
 45
1.0
 46
1.0
 77
1
  4

 78
1
 79
1
170
1
 48
1.0
171
1
  6

172
1
173
1
174
1
140
1.0
141
1.0
175
1
  7

176
1
177
1
178
1
143
1.0
179
1
  8

270
1
271
1
272
1
145
1.0
146
1.0
273
1
  9

274
1
275
1
276
1
 42
1.0
 72
1
  3

 73
1
 74
1
 75
1
 94
63
  0
MATERIAL
  5
21
102
{ACAD_REACTORS
330
E
102
}
330
E
100
AcDbMaterial
  1
Global
  2

 70
0
 40
1.0
 71
1
 41
1.0
 91
-1023410177
 42
1.0
 72
1
  3

 73
1
 74
1
 75
1
 44
0.5
 73
0
 45
1.0
 46
1.0
 77
1
  4

 78
1
 79
1
170
1
 48
1.0
171
1
  6

172
1
173
1
174
1
140
1.0
141
1.0
175
1
  7

176
1
177
1
178
1
143
1.0
179
1
  8

270
1
271
1
272
1
145
1.0
146
1.0
273
1
  9

274
1
275
1
276
1
 42
1.0
 72
1
  3

 73
1
 74
1
 75
1
 94
63
  0
MLINESTYLE
  5
22
102
{ACAD_REACTORS
330
10
102
}
330
10
100
AcDbMlineStyle
  2
Standard
 70
0
  3

 62
256
 51
90.0
 52
90.0
 71
2
 49
0.5
 62
256
  6
BYLAYER
 49
-0.5
 62
256
  6
BYLAYER
  0
MLEADERSTYLE
  5
2C
102
{ACAD_REACTORS
330
F
102
}
330
F
100
AcDbMLeaderStyle
179
2
170
2
171
1
172
0
 90
2
 40
0.0
 41
0.0
173
1
 91
-1056964608
 92
-2
290
1
 42
2.0
291
1
 43
8.0
  3
Standard
 44
4.0
300

342
29
174
1
175
1
176
0
178
1
 93
-1056964608
 45
4.0
292
0
297
0
 46
4.0
 94
-1056964608
 47
1.0
 49
1.0
140
1.0
294
1
141
0.0
177
0
142
1.0
295
0
296
0
143
3.75
271
0
272
9
273
9
  0
DICTIONARY
  5
2D
330
A
100
AcDbDictionary
280
1
281
1
  3
CREATED_BY_EZDXF
350
2E
  3
WRITTEN_BY_EZDXF
350
5F1
  0
DICTIONARYVAR
  5
2E
330
2D
100
DictionaryVariables
280
0
  1
0.18.1 @ 2022-11-21T15:26:08.864928+00:00
  0
DICTIONARYVAR
  5
5F1
330
2D
100
DictionaryVariables
280
0
  1
0.18.1 @ 2022-11-21T15:26:08.983981+00:00
  0
ENDSEC
  0
EOF
